Method,Name,Error,Occurrences
POST,//api/solver/jobs,"CatchResponseError('solver rejected [400]: {""code"":""VALIDATION_INVALID_REQUEST"",""message"":""Timetable solve job did not match the shared queue contract"",""requestId"":""req_43ee7e10-aa67-454e-879b-2d9feeba74c6""} | payload={\'eventIds\': [\'a1d252bf-e6a0-4649-8727-0a41f1130798\', \'a5a9ace4-85b2-4e89-bd65-1c3e5139d85b\', \'ca68d1f8-f32c-4cfa-b9fe-082660bb9cfd\', \'d07ca877-3fc7-4aa9-822e-3e0b6aab46d1\', \'31446d15-b9b4-41f9-bae5-e61c320b0ce0\', \'33d691ed-5d2a-4f5d-9fbc-5ea24945cc80\', \'352134bc-1fb1-4f98-be9d-256432407433\', \'3b0738bb-ef36-4a2d-8124-ca9559ba9ab9\', \'4b90da7f-cce5-49e3-89f7-27eb7cdb93da\', \'79190c4f-0830-47ce-9568-10bf59df1b42\', \'a5bafa66-df07-40ef-874f-63643912ff87\', \'c08d5e52-caf2-43a5-801f-e0ba492bd20d\', \'f0495db1-ca46-4a05-9300-3c25d759b53b\', \'6081c7c3-a162-49b2-a779-727743ab7d3e\', \'51340646-7a4f-4161-8580-e4cc276999c0\', \'8aa7cd22-dcc2-4acb-8f45-ef2e6da91bf1\', \'983fcc0f-adda-4ae8-81bf-d8396530e500\', \'ac458f36-82e8-48eb-850f-0ae94e308286\', \'deadf4f3-49f3-4840-a364-ca90ecc1bce4\', \'2e39f678-ccff-4c32-88fa-83387e4dd351\', \'a914ceef-65d1-4308-9ead-7f1300c1c5ff\', \'1e831fb6-fb15-402a-8187-6b5dfbeaab58\', \'e4b4b9fb-999a-45f1-ba23-eec28af7c77f\', \'f02661ea-2958-427a-9cd2-4154231c9893\', \'300b5c2f-6596-4d6d-be99-d140157c2654\', \'40bd1a50-5390-4b20-8cf6-1e02b79545ff\', \'976c970d-8c89-4791-bfc4-5f4a1bb44cb3\', \'e99434d8-1b03-41c8-ba46-a9a7f0503e5b\', \'788783ca-cce0-4de6-8b09-cdcdc67f34ce\', \'559e71bf-d06e-4c25-99f8-6839141770b0\', \'d08fff6c-3191-4154-8eaf-11ade36a73ae\', \'85bb1447-588f-4a58-a958-546cda04189b\', \'0a075d7b-86f4-46a4-8594-83a5e7f8da1b\', \'99c37632-d20e-4a76-9900-a3f9edbd3fa5\', \'470961b5-053f-4967-852e-81aa9c094f21\', \'9b619fc3-4e31-47cd-a725-72a34706a72c\', \'ced24732-c69f-4afc-aad9-f8cc3ba127ac\', \'e08afc8b-0210-4801-aefb-f2aeb081d97a\', \'02b1de7c-da3f-431d-a4dd-8920fe550f65\', \'1991d9e7-845c-4fcc-a47c-893cd938f6b3\', \'6fae8e0d-edcc-4f60-b4c5-e4466d4c3dd0\', \'6d3d13b9-78e9-449e-9ef3-bc98f27b83b6\', \'5be94e68-7af3-412f-bb82-3b4847fbb64d\', \'249b38ba-26ab-4740-9c40-f8263c461aa4\', \'840f7b46-dff6-4db3-878c-f97e0d760f2e\', \'b1d1449e-4c84-4f08-afda-7ffb7d72d339\', \'d267579b-59dd-48e0-ac58-d0d5056c12ff\', \'e3f04a52-e058-4d14-b5c3-5e2788674e5b\', \'4443ffd9-f2d5-414a-a062-613a36760ca6\', \'1547e838-94ca-4e35-b67e-32e0fbe614f4\', \'07e46f68-81a0-4b52-b024-c902b684f0aa\', \'a7541202-a44d-455e-821c-b1b600f2a20f\'], \'solveMode\': \'optimization\', \'engine\': \'ga\', \'preferences\': {\'heuristics\': [{\'key\': \'module\', \'weight\': 0.88}, {\'key\': \'activity\', \'weight\': 0.27}, {\'key\': \'location\', \'weight\': 0.64}]}}')",1
POST,//api/solver/jobs,"CatchResponseError('solver rejected [400]: {""code"":""VALIDATION_INVALID_REQUEST"",""message"":""Timetable solve job did not match the shared queue contract"",""requestId"":""req_d70da276-5513-4b83-9cd9-87f0e38a324b""} | payload={\'eventIds\': [\'a5a9ace4-85b2-4e89-bd65-1c3e5139d85b\', \'ca68d1f8-f32c-4cfa-b9fe-082660bb9cfd\', \'d07ca877-3fc7-4aa9-822e-3e0b6aab46d1\', \'06a1bdfa-da14-46ac-b95e-6ce6ad71a8f2\', \'0ad6d966-df22-4248-b38d-dfa81fab38ad\', \'0e64bb41-e331-43c8-84a4-55d4858657c8\', \'15736d60-c1ad-49a5-8cba-98f69993ec69\', \'176c13c5-6ce9-463a-ac82-4f86aacc7f42\', \'1c96d480-3194-4beb-a712-5b1b3ea3872c\', \'3861ccbc-5117-4fa6-9c5d-9eb0ab5a7ad0\', \'3d80f5ba-5264-45a7-9a82-30d1e287ab01\', \'4d97629c-178f-4fcf-9e86-fd80955ac114\', \'611b8c52-28b2-4bde-bdf9-cec64de9415f\', \'8258e6bf-7651-4ffc-9fc7-383b247a1df7\', \'8cc87d22-add5-4030-9199-a8b172c84654\', \'bd104564-f941-4da0-b192-77d95ed77165\', \'c84a93b0-2439-4b2d-8bcb-0d7257383119\', \'d0a1a0c0-f45e-4a7c-b42e-b61ab4982ad3\', \'d43a9214-8430-4481-94ae-01e111fbf07e\', \'dc225a7e-fa31-410f-acc6-5fe1a2938f41\', \'f039ee74-e2cf-4457-9dd2-784fc894d9ca\', \'9f9686ae-a016-4fda-ba9d-0d092406acca\', \'88ed2f4e-f085-4059-a8b7-bc2cbe5afae6\', \'f5809be4-520d-40ef-8529-b7a1b2511655\', \'67c0e85a-124f-417e-8cef-f082dfa50619\', \'3b7cc97f-6859-4b72-91d7-02b2f722a860\', \'9f607197-fdc2-4783-8673-c7e52992abed\', \'8e66fcb6-4889-47b8-8a7d-31749761a0af\', \'cbbf88e7-ad1f-4769-a6b2-3332e08bb2f7\', \'9ea5edd8-bf1d-4934-a770-d11ac158f7ca\', \'082110cf-3f8b-49a1-ae30-0fad1fe2dccd\', \'0712edef-8c94-484c-8fb1-dce9ff2e56f9\', \'9533c55d-419b-42f9-a14a-30c211f08c0c\', \'3b11527d-eb97-4864-b5ae-7ad5597e68c0\', \'a40ca57c-51c4-439a-acb3-2c3801f49f49\', \'7cf81958-a076-45a5-badb-a22ae735cefc\', \'a6fcf642-ac13-416d-995f-541394335527\', \'ec418344-e818-4552-b119-dff445653ca5\', \'942e03ca-52a9-48fb-b6d5-e74eff5333ae\', \'c24de7c5-abf9-4d26-9a4b-2cc5c7474df8\', \'1fb41358-c741-4f60-b203-801717ee95bd\', \'8d7cc4c4-2107-419f-988d-4af5983d44ac\', \'78ff8d34-2f1a-42ad-89b2-6a6844e428b5\', \'b07ace43-3243-4bc1-ba06-ffa38889f50d\', \'ae7384a3-1628-49d7-a200-4e0711766428\', \'c8986a08-b5f6-4276-a363-87f5aff064ca\', \'73034db1-076a-452d-b922-bede10300a1e\', \'92b8737f-fc5c-4c79-b6f0-e076d1430c73\', \'9e4bd624-2ea3-4568-a96e-cfd2ceb4bb06\', \'934c3695-1c4d-429c-972c-79352d035b99\', \'6ebea822-b1db-4bad-8904-27e5486b3485\', \'4a54d9d5-90ac-48e0-9fd0-5a57770aae5b\', \'6b7f1d7f-4fb7-4800-b970-bfd76b5205f0\', \'a0f62194-988b-4034-b79b-b74b2af83840\', \'273e613a-cfcb-4eb8-8a0e-8b7365d33b7a\', \'43099e45-28fd-4042-b387-4b24f656f79f\', \'e82fa4b1-7685-4362-8596-105deff18ff2\', \'719ec13f-e941-465b-84a7-9e43d5196e2d\', \'edcc5600-e2b2-4db6-91ab-aacc38ce960f\', \'308f01eb-937c-4db3-9aba-cefff6824ba2\', \'cf96204b-d499-46f2-b751-2607933681ab\', \'cc744c99-bb54-494e-8115-c1d359d3b0c6\', \'a5e4874f-3e5a-4a47-842a-bc5544ed5266\', \'3faf1c75-173e-4cf4-9917-560f82092e14\', \'bcef6e3c-66c6-4ae1-8d95-92578f305d3a\', \'da71a8b4-b41c-4fc7-bcb3-a49b23b6b4b8\', \'0aeedb16-ed52-4e42-a4ad-a963e7a7bfdf\', \'79dba90b-c348-43ef-8101-1f2906124124\', \'af83cde9-21fa-4cf3-8a49-e76d6b4872b7\', \'7ec42d3d-a7de-4eb2-8911-a6d07554bbf3\', \'5c10c80d-3885-44ed-ad76-34635efe6cd9\', \'a10d1ad6-e127-4203-9f9f-3e659500c4ee\', \'d3fdf1bc-4bee-4d0c-9f24-5a05ac0d42ba\', \'27ab7d58-f55e-4f01-9b46-390c6cb723a1\', \'4dc64461-526b-463b-bb5b-d97db5dcba52\', \'83067dea-6485-485d-aaac-f51a6db78696\'], \'solveMode\': \'optimization\', \'engine\': \'auto\', \'preferences\': {\'heuristics\': [{\'key\': \'module\', \'weight\': 0.88}, {\'key\': \'activity\', \'weight\': 0.96}, {\'key\': \'location\', \'weight\': 0.96}]}}')",1
POST,//api/solver/jobs,"CatchResponseError('solver rejected [400]: {""code"":""VALIDATION_INVALID_REQUEST"",""message"":""Timetable solve job did not match the shared queue contract"",""requestId"":""req_4c11426d-1b40-4125-897a-57ca0f664008""} | payload={\'eventIds\': [\'a5a9ace4-85b2-4e89-bd65-1c3e5139d85b\', \'ca68d1f8-f32c-4cfa-b9fe-082660bb9cfd\', \'d07ca877-3fc7-4aa9-822e-3e0b6aab46d1\', \'06a1bdfa-da14-46ac-b95e-6ce6ad71a8f2\', \'0ad6d966-df22-4248-b38d-dfa81fab38ad\', \'0e64bb41-e331-43c8-84a4-55d4858657c8\', \'15736d60-c1ad-49a5-8cba-98f69993ec69\', \'176c13c5-6ce9-463a-ac82-4f86aacc7f42\', \'1c96d480-3194-4beb-a712-5b1b3ea3872c\', \'3861ccbc-5117-4fa6-9c5d-9eb0ab5a7ad0\', \'3d80f5ba-5264-45a7-9a82-30d1e287ab01\', \'4d97629c-178f-4fcf-9e86-fd80955ac114\', \'611b8c52-28b2-4bde-bdf9-cec64de9415f\', \'8258e6bf-7651-4ffc-9fc7-383b247a1df7\', \'8cc87d22-add5-4030-9199-a8b172c84654\', \'bd104564-f941-4da0-b192-77d95ed77165\', \'c84a93b0-2439-4b2d-8bcb-0d7257383119\', \'d0a1a0c0-f45e-4a7c-b42e-b61ab4982ad3\', \'d43a9214-8430-4481-94ae-01e111fbf07e\', \'dc225a7e-fa31-410f-acc6-5fe1a2938f41\', \'f039ee74-e2cf-4457-9dd2-784fc894d9ca\', \'9f9686ae-a016-4fda-ba9d-0d092406acca\', \'88ed2f4e-f085-4059-a8b7-bc2cbe5afae6\', \'f5809be4-520d-40ef-8529-b7a1b2511655\', \'67c0e85a-124f-417e-8cef-f082dfa50619\', \'3b7cc97f-6859-4b72-91d7-02b2f722a860\', \'9f607197-fdc2-4783-8673-c7e52992abed\', \'8e66fcb6-4889-47b8-8a7d-31749761a0af\', \'cbbf88e7-ad1f-4769-a6b2-3332e08bb2f7\', \'9ea5edd8-bf1d-4934-a770-d11ac158f7ca\', \'082110cf-3f8b-49a1-ae30-0fad1fe2dccd\', \'0712edef-8c94-484c-8fb1-dce9ff2e56f9\', \'9533c55d-419b-42f9-a14a-30c211f08c0c\', \'3b11527d-eb97-4864-b5ae-7ad5597e68c0\', \'a40ca57c-51c4-439a-acb3-2c3801f49f49\', \'7cf81958-a076-45a5-badb-a22ae735cefc\', \'a6fcf642-ac13-416d-995f-541394335527\', \'ec418344-e818-4552-b119-dff445653ca5\', \'942e03ca-52a9-48fb-b6d5-e74eff5333ae\', \'c24de7c5-abf9-4d26-9a4b-2cc5c7474df8\', \'1fb41358-c741-4f60-b203-801717ee95bd\', \'8d7cc4c4-2107-419f-988d-4af5983d44ac\', \'78ff8d34-2f1a-42ad-89b2-6a6844e428b5\', \'b07ace43-3243-4bc1-ba06-ffa38889f50d\', \'ae7384a3-1628-49d7-a200-4e0711766428\', \'c8986a08-b5f6-4276-a363-87f5aff064ca\', \'73034db1-076a-452d-b922-bede10300a1e\', \'92b8737f-fc5c-4c79-b6f0-e076d1430c73\', \'9e4bd624-2ea3-4568-a96e-cfd2ceb4bb06\', \'934c3695-1c4d-429c-972c-79352d035b99\', \'6ebea822-b1db-4bad-8904-27e5486b3485\', \'4a54d9d5-90ac-48e0-9fd0-5a57770aae5b\', \'6b7f1d7f-4fb7-4800-b970-bfd76b5205f0\', \'a0f62194-988b-4034-b79b-b74b2af83840\', \'273e613a-cfcb-4eb8-8a0e-8b7365d33b7a\', \'43099e45-28fd-4042-b387-4b24f656f79f\', \'e82fa4b1-7685-4362-8596-105deff18ff2\', \'719ec13f-e941-465b-84a7-9e43d5196e2d\', \'edcc5600-e2b2-4db6-91ab-aacc38ce960f\', \'308f01eb-937c-4db3-9aba-cefff6824ba2\', \'cf96204b-d499-46f2-b751-2607933681ab\', \'cc744c99-bb54-494e-8115-c1d359d3b0c6\', \'a5e4874f-3e5a-4a47-842a-bc5544ed5266\', \'3faf1c75-173e-4cf4-9917-560f82092e14\', \'bcef6e3c-66c6-4ae1-8d95-92578f305d3a\', \'da71a8b4-b41c-4fc7-bcb3-a49b23b6b4b8\', \'0aeedb16-ed52-4e42-a4ad-a963e7a7bfdf\', \'79dba90b-c348-43ef-8101-1f2906124124\', \'af83cde9-21fa-4cf3-8a49-e76d6b4872b7\', \'7ec42d3d-a7de-4eb2-8911-a6d07554bbf3\', \'5c10c80d-3885-44ed-ad76-34635efe6cd9\', \'a10d1ad6-e127-4203-9f9f-3e659500c4ee\', \'d3fdf1bc-4bee-4d0c-9f24-5a05ac0d42ba\', \'27ab7d58-f55e-4f01-9b46-390c6cb723a1\', \'4dc64461-526b-463b-bb5b-d97db5dcba52\', \'83067dea-6485-485d-aaac-f51a6db78696\'], \'solveMode\': \'optimization\', \'engine\': \'auto\', \'preferences\': {\'heuristics\': [{\'key\': \'module\', \'weight\': 0.67}, {\'key\': \'activity\', \'weight\': 0.99}, {\'key\': \'location\', \'weight\': 0.8}]}}')",1
POST,//api/solver/jobs,"CatchResponseError('solver rejected [400]: {""code"":""VALIDATION_INVALID_REQUEST"",""message"":""Timetable solve job did not match the shared queue contract"",""requestId"":""req_126b7506-34c5-401f-b06e-0e62952baf4e""} | payload={\'eventIds\': [\'cf756235-1b22-4e1e-99c8-b0fa1bb2196a\', \'7deb3895-a69d-493a-ab4a-6138e030f470\', \'fa7e64a3-c83d-432d-b152-aa301e1ec496\', \'bfe670df-ade8-4a76-bbdb-723b10d4517c\', \'25f51c00-ead3-4b76-b864-61b8c6008432\', \'76e372da-4e59-46b6-84b1-02ff342b1f72\', \'49e44c2b-dc3c-4979-a127-cbb66b9e6c69\', \'420cd968-748b-44ad-8c93-eb77292c7a49\', \'472b152a-18f9-4c2a-a353-5c05b6139d43\', \'a31400ca-fc57-4dfe-8281-8829f345ed90\', \'9194728f-573c-49a1-9e6d-0a5f6ce5d40b\', \'c10ab842-deea-447e-84b5-136effd37a90\', \'d9cc32c4-8242-4cab-a7ee-674a189da3b1\', \'db16c672-d9c9-46e5-a4b0-09811f9ef699\', \'2d2dffa6-660f-48e3-acbc-66f1aac13510\', \'6cf5151b-9b0c-4724-8f66-daa8f06f0658\', \'bd42775f-b2bf-42b2-9990-90f768c24f55\', \'521f9cb9-fd39-496a-ab94-46539da81db7\', \'10ba7f98-4cb7-405c-b38c-88f94a320734\', \'1e449b2d-7c0f-4496-bc78-0b0c27f6f347\', \'cc1390b0-0a75-49b9-bd53-f576bcfb03b1\', \'daca207a-eb81-4ccf-aa8e-67090c1bf42f\', \'ae6bfa63-a64a-4cb8-a1b0-f3b24fe1418d\', \'17324aeb-c08b-4b78-a2ed-bc7f0c133c8d\', \'a1d0f3c7-2ac7-4a94-ae0a-23f09eb3d660\', \'47d00df9-3a6d-4656-bc35-68ccc2b03019\', \'72ee6af8-1ca0-44c7-be74-d53e2c632194\', \'ee8a36bf-9eb0-4612-9219-4e72294a3887\', \'ea7c77d5-38f6-4ebc-a8b4-98b2685e02b3\', \'74575cd5-fce6-49d6-bb75-99abc785cb71\', \'a607b56a-3575-40ed-b7b6-6c53a31d1223\'], \'solveMode\': \'optimization\', \'engine\': \'auto\', \'preferences\': {\'heuristics\': [{\'key\': \'module\', \'weight\': 0.93}, {\'key\': \'activity\', \'weight\': 0.18}, {\'key\': \'location\', \'weight\': 0.47}]}}')",1
POST,//api/solver/jobs,"CatchResponseError('solver rejected [400]: {""code"":""VALIDATION_INVALID_REQUEST"",""message"":""Timetable solve job did not match the shared queue contract"",""requestId"":""req_52995968-b1b1-4571-8faa-a6f89ba19a71""} | payload={\'eventIds\': [\'a5a9ace4-85b2-4e89-bd65-1c3e5139d85b\', \'ca68d1f8-f32c-4cfa-b9fe-082660bb9cfd\', \'d07ca877-3fc7-4aa9-822e-3e0b6aab46d1\', \'06a1bdfa-da14-46ac-b95e-6ce6ad71a8f2\', \'0ad6d966-df22-4248-b38d-dfa81fab38ad\', \'0e64bb41-e331-43c8-84a4-55d4858657c8\', \'15736d60-c1ad-49a5-8cba-98f69993ec69\', \'176c13c5-6ce9-463a-ac82-4f86aacc7f42\', \'1c96d480-3194-4beb-a712-5b1b3ea3872c\', \'3861ccbc-5117-4fa6-9c5d-9eb0ab5a7ad0\', \'3d80f5ba-5264-45a7-9a82-30d1e287ab01\', \'4d97629c-178f-4fcf-9e86-fd80955ac114\', \'611b8c52-28b2-4bde-bdf9-cec64de9415f\', \'8258e6bf-7651-4ffc-9fc7-383b247a1df7\', \'8cc87d22-add5-4030-9199-a8b172c84654\', \'bd104564-f941-4da0-b192-77d95ed77165\', \'c84a93b0-2439-4b2d-8bcb-0d7257383119\', \'d0a1a0c0-f45e-4a7c-b42e-b61ab4982ad3\', \'d43a9214-8430-4481-94ae-01e111fbf07e\', \'dc225a7e-fa31-410f-acc6-5fe1a2938f41\', \'f039ee74-e2cf-4457-9dd2-784fc894d9ca\', \'9f9686ae-a016-4fda-ba9d-0d092406acca\', \'88ed2f4e-f085-4059-a8b7-bc2cbe5afae6\', \'f5809be4-520d-40ef-8529-b7a1b2511655\', \'67c0e85a-124f-417e-8cef-f082dfa50619\', \'3b7cc97f-6859-4b72-91d7-02b2f722a860\', \'9f607197-fdc2-4783-8673-c7e52992abed\', \'8e66fcb6-4889-47b8-8a7d-31749761a0af\', \'cbbf88e7-ad1f-4769-a6b2-3332e08bb2f7\'], \'solveMode\': \'optimization\', \'engine\': \'auto\', \'preferences\': {\'heuristics\': [{\'key\': \'module\', \'weight\': 0.13}, {\'key\': \'activity\', \'weight\': 0.73}, {\'key\': \'location\', \'weight\': 0.39}]}}')",1
POST,//api/solver/jobs,"CatchResponseError('solver rejected [400]: {""code"":""VALIDATION_INVALID_REQUEST"",""message"":""Timetable solve job did not match the shared queue contract"",""requestId"":""req_9dbe22a6-507b-4aeb-9357-4ed2a4164203""} | payload={\'eventIds\': [\'ccbe3f56-9e82-4f6f-9c1f-b954a76ec04d\', \'9b619fc3-4e31-47cd-a725-72a34706a72c\', \'9f9686ae-a016-4fda-ba9d-0d092406acca\', \'88ed2f4e-f085-4059-a8b7-bc2cbe5afae6\', \'f5809be4-520d-40ef-8529-b7a1b2511655\', \'67c0e85a-124f-417e-8cef-f082dfa50619\', \'3b7cc97f-6859-4b72-91d7-02b2f722a860\', \'9f607197-fdc2-4783-8673-c7e52992abed\', \'8e66fcb6-4889-47b8-8a7d-31749761a0af\', \'cbbf88e7-ad1f-4769-a6b2-3332e08bb2f7\', \'f02661ea-2958-427a-9cd2-4154231c9893\', \'300b5c2f-6596-4d6d-be99-d140157c2654\', \'40bd1a50-5390-4b20-8cf6-1e02b79545ff\', \'976c970d-8c89-4791-bfc4-5f4a1bb44cb3\', \'e99434d8-1b03-41c8-ba46-a9a7f0503e5b\', \'788783ca-cce0-4de6-8b09-cdcdc67f34ce\', \'559e71bf-d06e-4c25-99f8-6839141770b0\', \'d08fff6c-3191-4154-8eaf-11ade36a73ae\', \'19dda116-19a6-40ca-aad8-199737367b3f\', \'9d689e56-468d-4d84-a621-5ff7f1f0cac6\', \'bd4d59c2-89d5-4ace-afd8-17881aa537df\', \'c65243e0-6e07-4c37-841d-9db98a1132f9\', \'4a278e9c-8e5c-4642-8fcc-421825c2f4b5\', \'d1d79e0c-72bd-44e2-9e17-8f454ab8dc10\', \'60947e8a-f009-4f67-8d56-d24a06838f7f\', \'e8d5dcb5-c193-426c-b02e-953dacc76e05\', \'249b38ba-26ab-4740-9c40-f8263c461aa4\', \'840f7b46-dff6-4db3-878c-f97e0d760f2e\', \'b1d1449e-4c84-4f08-afda-7ffb7d72d339\', \'d267579b-59dd-48e0-ac58-d0d5056c12ff\', \'e3f04a52-e058-4d14-b5c3-5e2788674e5b\', \'4443ffd9-f2d5-414a-a062-613a36760ca6\', \'1547e838-94ca-4e35-b67e-32e0fbe614f4\', \'07e46f68-81a0-4b52-b024-c902b684f0aa\', \'a7541202-a44d-455e-821c-b1b600f2a20f\', \'54237936-a61f-4520-a66b-4e499750b08a\', \'87bc4bf6-fe33-46dc-81d3-bf787b1805c9\', \'5020211f-4802-4d53-95d3-9589242a015b\', \'66d1d3da-e3e8-4f07-b8a9-cfb501eadff8\', \'10a3d015-8c1a-4db4-becb-44e600df9090\', \'7b0018ba-e740-4657-a78a-c83db6d86b49\', \'1bdf005f-3f17-4ab4-8e34-948a4514bc25\', \'7a08bd71-1cbd-4307-92dd-22399f10f37c\', \'2cd74d05-1416-4528-9a32-529d6a0bfbc9\', \'9ab96ebc-2bcc-4629-b5d4-dd2b31193c00\', \'6081c7c3-a162-49b2-a779-727743ab7d3e\', \'51340646-7a4f-4161-8580-e4cc276999c0\', \'8aa7cd22-dcc2-4acb-8f45-ef2e6da91bf1\', \'983fcc0f-adda-4ae8-81bf-d8396530e500\', \'ac458f36-82e8-48eb-850f-0ae94e308286\', \'deadf4f3-49f3-4840-a364-ca90ecc1bce4\', \'2e39f678-ccff-4c32-88fa-83387e4dd351\', \'a914ceef-65d1-4308-9ead-7f1300c1c5ff\', \'1e831fb6-fb15-402a-8187-6b5dfbeaab58\', \'e4b4b9fb-999a-45f1-ba23-eec28af7c77f\', \'d6da28c8-067b-4ebe-b394-f5af496b7091\', \'e7f7a319-158a-4268-af6d-d0b1e159b87b\', \'fb87c18b-5b92-40e5-ba0d-092d481b258d\', \'5ed4f2a2-98b6-4dad-b204-28e0d9e355f5\', \'901ea495-239d-44b2-ba4c-5f88194f03d7\', \'e88fc595-9c93-4582-b8ed-45f87cf88abe\', \'0159fe91-e29a-4cfc-9181-27292c2166a7\', \'31eb3b5a-20c7-43b0-a5a7-2df4256612f0\', \'d22b879b-4b10-461f-a29b-0a8153ecd8c6\', \'f6e51efb-ac7b-42b3-a489-5eb8d7918a46\', \'c9e98016-8a48-4c4a-b0e5-da5a21d52838\', \'b36f1f78-92ac-4c55-ad7c-2598151c7c3f\', \'c2a74370-e5c6-4c11-8f94-5dd2816eb54a\', \'e03c9f9e-0598-4e64-91a4-a011a0871698\', \'c83f7370-ada9-4aec-a01f-5e02c97fecf3\', \'cf756235-1b22-4e1e-99c8-b0fa1bb2196a\', \'7deb3895-a69d-493a-ab4a-6138e030f470\', \'fa7e64a3-c83d-432d-b152-aa301e1ec496\', \'bfe670df-ade8-4a76-bbdb-723b10d4517c\', \'25f51c00-ead3-4b76-b864-61b8c6008432\', \'76e372da-4e59-46b6-84b1-02ff342b1f72\', \'49e44c2b-dc3c-4979-a127-cbb66b9e6c69\', \'cae41515-c9c0-435f-a372-5b703cc3ce6e\', \'9a56c7a2-9ccb-40c5-a640-991b95b276f1\', \'b3b48564-7f79-40fa-a9e1-e2ea2c0a0677\', \'b70f1eab-7879-4a66-aff5-ea2fd53632d1\', \'63a1af07-3a45-4464-bd81-39b145b896ad\', \'0a0c886c-add6-47b7-85ce-4652c69bb7be\', \'818e383f-6701-4483-9eff-11e7df2c5525\', \'7f0321a9-0bef-4ec4-b615-b698c4a2d2f5\', \'335b84fc-a43a-46b5-a5d7-ed31e8daef44\', \'b0f0a888-7f58-43ee-8ce0-8c11016eb738\', \'cf7f2ae4-23ec-4d26-8e85-4b6fba1edaf2\', \'d08a440a-2c31-43dc-8e54-2f606cda40de\', \'f7f3c16f-f536-45be-9ca1-651ed92e00d0\', \'76aa6a78-ac2f-4127-9b83-7ab04c2e963d\', \'5fae6fbe-1502-4a98-8560-e760ad3cf38a\', \'24549108-150a-4606-88da-e4c57888a8db\', \'f554a7e4-4bf7-465f-83a1-218fff3e04bd\', \'019b58e1-f4e0-494b-8eeb-370211adedf8\', \'2a4e1458-defa-4af6-9cd7-d9ab273ece83\', \'30c45657-ae7f-45fa-aee0-ccf0869ec1df\', \'f83cbe7f-0883-4fdb-a9f0-c96ec43aad70\', \'b3d3e822-ee42-4419-bf4e-dd74570bd57c\', \'22bdec50-0809-493e-bbd8-f49de8caec6a\', \'71c63e78-4f72-485a-a934-1de5de14b0bc\', \'17924a42-d55f-4e34-aedb-b912aa9fb21e\', \'b3e41e42-03b3-40a3-a84d-7ff287a65a0d\', \'eee1cfd7-dc02-44f2-902f-8b8e799c991a\', \'96ed2fd8-e8a8-40c5-b32e-ddef30e5a488\', \'4411fb48-f115-4500-b4ee-a868177f670d\', \'10ba7f98-4cb7-405c-b38c-88f94a320734\', \'1e449b2d-7c0f-4496-bc78-0b0c27f6f347\', \'cc1390b0-0a75-49b9-bd53-f576bcfb03b1\', \'daca207a-eb81-4ccf-aa8e-67090c1bf42f\', \'ae6bfa63-a64a-4cb8-a1b0-f3b24fe1418d\', \'17324aeb-c08b-4b78-a2ed-bc7f0c133c8d\', \'a1d0f3c7-2ac7-4a94-ae0a-23f09eb3d660\', \'47d00df9-3a6d-4656-bc35-68ccc2b03019\', \'72ee6af8-1ca0-44c7-be74-d53e2c632194\', \'ee8a36bf-9eb0-4612-9219-4e72294a3887\', \'ea7c77d5-38f6-4ebc-a8b4-98b2685e02b3\', \'74575cd5-fce6-49d6-bb75-99abc785cb71\', \'a607b56a-3575-40ed-b7b6-6c53a31d1223\'], \'solveMode\': \'optimization\', \'engine\': \'auto\', \'preferences\': {\'heuristics\': [{\'key\': \'module\', \'weight\': 0.55}, {\'key\': \'activity\', \'weight\': 0.42}, {\'key\': \'location\', \'weight\': 0.42}]}}')",1
POST,//api/solver/jobs,"CatchResponseError('solver rejected [400]: {""code"":""VALIDATION_INVALID_REQUEST"",""message"":""Timetable solve job did not match the shared queue contract"",""requestId"":""req_4caa33f6-9f6d-439f-bdfb-bea23fff68cc""} | payload={\'eventIds\': [\'a1d252bf-e6a0-4649-8727-0a41f1130798\', \'a5a9ace4-85b2-4e89-bd65-1c3e5139d85b\', \'ca68d1f8-f32c-4cfa-b9fe-082660bb9cfd\', \'d07ca877-3fc7-4aa9-822e-3e0b6aab46d1\', \'31446d15-b9b4-41f9-bae5-e61c320b0ce0\', \'33d691ed-5d2a-4f5d-9fbc-5ea24945cc80\', \'352134bc-1fb1-4f98-be9d-256432407433\', \'3b0738bb-ef36-4a2d-8124-ca9559ba9ab9\', \'4b90da7f-cce5-49e3-89f7-27eb7cdb93da\', \'79190c4f-0830-47ce-9568-10bf59df1b42\', \'a5bafa66-df07-40ef-874f-63643912ff87\', \'c08d5e52-caf2-43a5-801f-e0ba492bd20d\', \'f0495db1-ca46-4a05-9300-3c25d759b53b\'], \'solveMode\': \'optimization\', \'engine\': \'auto\', \'preferences\': {\'heuristics\': [{\'key\': \'module\', \'weight\': 0.19}, {\'key\': \'activity\', \'weight\': 0.81}, {\'key\': \'location\', \'weight\': 0.31}]}}')",1
POST,//api/solver/jobs,"CatchResponseError('solver rejected [400]: {""code"":""VALIDATION_INVALID_REQUEST"",""message"":""Timetable solve job did not match the shared queue contract"",""requestId"":""req_1d679955-ef51-4e0e-b8f8-3f282f1e5ec0""} | payload={\'eventIds\': [\'31446d15-b9b4-41f9-bae5-e61c320b0ce0\', \'33d691ed-5d2a-4f5d-9fbc-5ea24945cc80\', \'352134bc-1fb1-4f98-be9d-256432407433\', \'3b0738bb-ef36-4a2d-8124-ca9559ba9ab9\', \'4b90da7f-cce5-49e3-89f7-27eb7cdb93da\', \'79190c4f-0830-47ce-9568-10bf59df1b42\', \'a5bafa66-df07-40ef-874f-63643912ff87\', \'c08d5e52-caf2-43a5-801f-e0ba492bd20d\', \'f0495db1-ca46-4a05-9300-3c25d759b53b\', \'9b9919ce-0065-489f-b2ad-185ef47807df\', \'420cd968-748b-44ad-8c93-eb77292c7a49\', \'472b152a-18f9-4c2a-a353-5c05b6139d43\'], \'solveMode\': \'optimization\', \'engine\': \'auto\', \'preferences\': {\'heuristics\': [{\'key\': \'module\', \'weight\': 0.55}, {\'key\': \'activity\', \'weight\': 0.39}, {\'key\': \'location\', \'weight\': 0.72}]}}')",1
POST,//api/solver/jobs,"CatchResponseError('solver rejected [400]: {""code"":""VALIDATION_INVALID_REQUEST"",""message"":""Timetable solve job did not match the shared queue contract"",""requestId"":""req_aef243a4-62e7-466c-acdd-ac94240e0208""} | payload={\'eventIds\': [\'31446d15-b9b4-41f9-bae5-e61c320b0ce0\', \'33d691ed-5d2a-4f5d-9fbc-5ea24945cc80\', \'352134bc-1fb1-4f98-be9d-256432407433\', \'3b0738bb-ef36-4a2d-8124-ca9559ba9ab9\', \'4b90da7f-cce5-49e3-89f7-27eb7cdb93da\', \'79190c4f-0830-47ce-9568-10bf59df1b42\', \'a5bafa66-df07-40ef-874f-63643912ff87\', \'c08d5e52-caf2-43a5-801f-e0ba492bd20d\', \'f0495db1-ca46-4a05-9300-3c25d759b53b\'], \'solveMode\': \'optimization\', \'engine\': \'auto\', \'preferences\': {\'heuristics\': [{\'key\': \'module\', \'weight\': 0.46}, {\'key\': \'activity\', \'weight\': 0.3}, {\'key\': \'location\', \'weight\': 0.27}]}}')",1
POST,//api/solver/jobs,"CatchResponseError('solver rejected [400]: {""code"":""VALIDATION_INVALID_REQUEST"",""message"":""Timetable solve job did not match the shared queue contract"",""requestId"":""req_b610bdab-04c5-4bad-8a22-d908cc259d2d""} | payload={\'eventIds\': [\'1991d9e7-845c-4fcc-a47c-893cd938f6b3\', \'8b345e55-eea6-4e5e-b48a-8d298cde0885\', \'a093be93-49e7-489c-a08a-42640dcee4e9\'], \'solveMode\': \'optimization\', \'engine\': \'auto\', \'preferences\': {\'heuristics\': [{\'key\': \'module\', \'weight\': 0.49}, {\'key\': \'activity\', \'weight\': 0.66}, {\'key\': \'location\', \'weight\': 0.44}]}}')",1
POST,//api/solver/jobs,"CatchResponseError('solver rejected [400]: {""code"":""VALIDATION_INVALID_REQUEST"",""message"":""Timetable solve job did not match the shared queue contract"",""requestId"":""req_1d530545-dc83-49e1-9d3c-2afcf9cb0330""} | payload={\'eventIds\': [\'9d8c5e52-5f09-4705-96f1-6b9dc8d36115\', \'6ea5ac6b-eab6-4943-8d1b-e549685f154b\', \'72257f59-cb1b-4cf7-8495-3e039a789528\'], \'solveMode\': \'optimization\', \'engine\': \'cp-sat\', \'preferences\': {\'heuristics\': [{\'key\': \'module\', \'weight\': 0.84}, {\'key\': \'activity\', \'weight\': 0.11}, {\'key\': \'location\', \'weight\': 0.23}]}}')",1
POST,//api/solver/jobs,"CatchResponseError('solver rejected [400]: {""code"":""VALIDATION_INVALID_REQUEST"",""message"":""Timetable solve job did not match the shared queue contract"",""requestId"":""req_2eaf2058-cc44-4cdd-8d13-d3608ee26f91""} | payload={\'eventIds\': [\'a1d252bf-e6a0-4649-8727-0a41f1130798\', \'a5a9ace4-85b2-4e89-bd65-1c3e5139d85b\', \'ca68d1f8-f32c-4cfa-b9fe-082660bb9cfd\', \'d07ca877-3fc7-4aa9-822e-3e0b6aab46d1\', \'31446d15-b9b4-41f9-bae5-e61c320b0ce0\', \'33d691ed-5d2a-4f5d-9fbc-5ea24945cc80\', \'352134bc-1fb1-4f98-be9d-256432407433\', \'3b0738bb-ef36-4a2d-8124-ca9559ba9ab9\', \'4b90da7f-cce5-49e3-89f7-27eb7cdb93da\', \'79190c4f-0830-47ce-9568-10bf59df1b42\', \'a5bafa66-df07-40ef-874f-63643912ff87\', \'c08d5e52-caf2-43a5-801f-e0ba492bd20d\', \'f0495db1-ca46-4a05-9300-3c25d759b53b\', \'6081c7c3-a162-49b2-a779-727743ab7d3e\', \'51340646-7a4f-4161-8580-e4cc276999c0\', \'8aa7cd22-dcc2-4acb-8f45-ef2e6da91bf1\', \'983fcc0f-adda-4ae8-81bf-d8396530e500\', \'ac458f36-82e8-48eb-850f-0ae94e308286\', \'deadf4f3-49f3-4840-a364-ca90ecc1bce4\', \'2e39f678-ccff-4c32-88fa-83387e4dd351\', \'a914ceef-65d1-4308-9ead-7f1300c1c5ff\', \'1e831fb6-fb15-402a-8187-6b5dfbeaab58\', \'e4b4b9fb-999a-45f1-ba23-eec28af7c77f\', \'f02661ea-2958-427a-9cd2-4154231c9893\', \'300b5c2f-6596-4d6d-be99-d140157c2654\', \'40bd1a50-5390-4b20-8cf6-1e02b79545ff\', \'976c970d-8c89-4791-bfc4-5f4a1bb44cb3\', \'e99434d8-1b03-41c8-ba46-a9a7f0503e5b\', \'788783ca-cce0-4de6-8b09-cdcdc67f34ce\', \'559e71bf-d06e-4c25-99f8-6839141770b0\', \'d08fff6c-3191-4154-8eaf-11ade36a73ae\', \'85bb1447-588f-4a58-a958-546cda04189b\', \'0a075d7b-86f4-46a4-8594-83a5e7f8da1b\', \'99c37632-d20e-4a76-9900-a3f9edbd3fa5\', \'470961b5-053f-4967-852e-81aa9c094f21\', \'9b619fc3-4e31-47cd-a725-72a34706a72c\', \'ced24732-c69f-4afc-aad9-f8cc3ba127ac\', \'e08afc8b-0210-4801-aefb-f2aeb081d97a\', \'02b1de7c-da3f-431d-a4dd-8920fe550f65\', \'1991d9e7-845c-4fcc-a47c-893cd938f6b3\', \'6fae8e0d-edcc-4f60-b4c5-e4466d4c3dd0\', \'6d3d13b9-78e9-449e-9ef3-bc98f27b83b6\', \'5be94e68-7af3-412f-bb82-3b4847fbb64d\', \'249b38ba-26ab-4740-9c40-f8263c461aa4\', \'840f7b46-dff6-4db3-878c-f97e0d760f2e\', \'b1d1449e-4c84-4f08-afda-7ffb7d72d339\', \'d267579b-59dd-48e0-ac58-d0d5056c12ff\', \'e3f04a52-e058-4d14-b5c3-5e2788674e5b\', \'4443ffd9-f2d5-414a-a062-613a36760ca6\', \'1547e838-94ca-4e35-b67e-32e0fbe614f4\', \'07e46f68-81a0-4b52-b024-c902b684f0aa\', \'a7541202-a44d-455e-821c-b1b600f2a20f\'], \'solveMode\': \'optimization\', \'engine\': \'cp-sat\', \'preferences\': {\'heuristics\': [{\'key\': \'module\', \'weight\': 1.0}, {\'key\': \'activity\', \'weight\': 0.35}, {\'key\': \'location\', \'weight\': 0.11}]}}')",1
POST,//api/solver/jobs,"CatchResponseError('solver rejected [400]: {""code"":""VALIDATION_INVALID_REQUEST"",""message"":""Timetable solve job did not match the shared queue contract"",""requestId"":""req_1c9f3dc3-fe46-4dc3-ba53-621ab7dc29ce""} | payload={\'eventIds\': [\'a1d252bf-e6a0-4649-8727-0a41f1130798\', \'a5a9ace4-85b2-4e89-bd65-1c3e5139d85b\', \'ca68d1f8-f32c-4cfa-b9fe-082660bb9cfd\', \'d07ca877-3fc7-4aa9-822e-3e0b6aab46d1\', \'31446d15-b9b4-41f9-bae5-e61c320b0ce0\', \'33d691ed-5d2a-4f5d-9fbc-5ea24945cc80\', \'352134bc-1fb1-4f98-be9d-256432407433\', \'3b0738bb-ef36-4a2d-8124-ca9559ba9ab9\', \'4b90da7f-cce5-49e3-89f7-27eb7cdb93da\', \'79190c4f-0830-47ce-9568-10bf59df1b42\', \'a5bafa66-df07-40ef-874f-63643912ff87\', \'c08d5e52-caf2-43a5-801f-e0ba492bd20d\', \'f0495db1-ca46-4a05-9300-3c25d759b53b\', \'6081c7c3-a162-49b2-a779-727743ab7d3e\', \'51340646-7a4f-4161-8580-e4cc276999c0\', \'8aa7cd22-dcc2-4acb-8f45-ef2e6da91bf1\', \'983fcc0f-adda-4ae8-81bf-d8396530e500\', \'ac458f36-82e8-48eb-850f-0ae94e308286\', \'deadf4f3-49f3-4840-a364-ca90ecc1bce4\', \'2e39f678-ccff-4c32-88fa-83387e4dd351\', \'a914ceef-65d1-4308-9ead-7f1300c1c5ff\', \'1e831fb6-fb15-402a-8187-6b5dfbeaab58\', \'e4b4b9fb-999a-45f1-ba23-eec28af7c77f\', \'f02661ea-2958-427a-9cd2-4154231c9893\', \'300b5c2f-6596-4d6d-be99-d140157c2654\', \'40bd1a50-5390-4b20-8cf6-1e02b79545ff\', \'976c970d-8c89-4791-bfc4-5f4a1bb44cb3\', \'e99434d8-1b03-41c8-ba46-a9a7f0503e5b\', \'788783ca-cce0-4de6-8b09-cdcdc67f34ce\', \'559e71bf-d06e-4c25-99f8-6839141770b0\', \'d08fff6c-3191-4154-8eaf-11ade36a73ae\', \'85bb1447-588f-4a58-a958-546cda04189b\', \'0a075d7b-86f4-46a4-8594-83a5e7f8da1b\', \'99c37632-d20e-4a76-9900-a3f9edbd3fa5\', \'470961b5-053f-4967-852e-81aa9c094f21\', \'9b619fc3-4e31-47cd-a725-72a34706a72c\', \'ced24732-c69f-4afc-aad9-f8cc3ba127ac\', \'e08afc8b-0210-4801-aefb-f2aeb081d97a\', \'02b1de7c-da3f-431d-a4dd-8920fe550f65\', \'1991d9e7-845c-4fcc-a47c-893cd938f6b3\', \'6fae8e0d-edcc-4f60-b4c5-e4466d4c3dd0\', \'6d3d13b9-78e9-449e-9ef3-bc98f27b83b6\', \'5be94e68-7af3-412f-bb82-3b4847fbb64d\'], \'solveMode\': \'optimization\', \'engine\': \'auto\', \'preferences\': {\'heuristics\': [{\'key\': \'module\', \'weight\': 0.15}, {\'key\': \'activity\', \'weight\': 0.7}, {\'key\': \'location\', \'weight\': 0.1}]}}')",1
POST,//api/solver/jobs,"CatchResponseError('solver rejected [400]: {""code"":""VALIDATION_INVALID_REQUEST"",""message"":""Timetable solve job did not match the shared queue contract"",""requestId"":""req_83fc8c04-6312-48ad-9791-c4b8b4c12ebf""} | payload={\'eventIds\': [\'3b7cc97f-6859-4b72-91d7-02b2f722a860\', \'67c0e85a-124f-417e-8cef-f082dfa50619\', \'88ed2f4e-f085-4059-a8b7-bc2cbe5afae6\', \'8e66fcb6-4889-47b8-8a7d-31749761a0af\', \'9f607197-fdc2-4783-8673-c7e52992abed\', \'9f9686ae-a016-4fda-ba9d-0d092406acca\', \'cbbf88e7-ad1f-4769-a6b2-3332e08bb2f7\', \'f5809be4-520d-40ef-8529-b7a1b2511655\', \'300b5c2f-6596-4d6d-be99-d140157c2654\', \'40bd1a50-5390-4b20-8cf6-1e02b79545ff\', \'559e71bf-d06e-4c25-99f8-6839141770b0\', \'788783ca-cce0-4de6-8b09-cdcdc67f34ce\', \'976c970d-8c89-4791-bfc4-5f4a1bb44cb3\', \'d08fff6c-3191-4154-8eaf-11ade36a73ae\', \'e99434d8-1b03-41c8-ba46-a9a7f0503e5b\', \'f02661ea-2958-427a-9cd2-4154231c9893\', \'175d4950-806b-4421-a0e3-715da8e1a7c9\', \'6043052f-e475-4ed2-9a3a-882ff4537114\', \'c25fba20-59c4-4218-882f-2342c3edcf4a\', \'f4a1c34b-414e-436a-a3d1-49e97c4765ee\', \'9e68f44f-ed00-43a4-92a8-613fa18146b3\', \'db7a4021-22c2-495e-bfbf-3c2f541b413f\', \'e0c4ed39-931c-482b-a49b-e7b54bd07c86\', \'a0a0d906-f5a0-4af1-8ae5-48f71af169e4\', \'01355423-a732-4f9c-99b4-1b97a73eb3bb\', \'0d1678cf-3c66-45ba-971e-f517af03d8ed\', \'dc11b46f-9132-4632-8682-0216b1c1fea5\', \'85cb0080-273c-44e4-9344-b507b6f07a7e\', \'8e4282a6-3eef-4488-95a7-4b6c4443b056\', \'2eef1ca2-353c-4cbe-906b-c6e645797500\', \'c88a551a-407f-4692-90bd-2c8cccbbd145\', \'80c8a26c-c851-49fd-bd0e-8f5352541be4\', \'b96b9f66-3dad-41f4-addf-2b9c4dcc58ec\', \'d1046676-45e1-4ada-ac45-795f63f11bfe\', \'106b6428-c96f-4585-9a15-750c57eb90de\', \'3eea88bb-0324-4fd1-b82c-963a9fdff806\', \'1a1bc98d-7659-414e-81a4-b374a5a6f776\', \'97730ed2-51d1-443c-b96d-972033c890b4\', \'ced24732-c69f-4afc-aad9-f8cc3ba127ac\', \'e08afc8b-0210-4801-aefb-f2aeb081d97a\', \'02b1de7c-da3f-431d-a4dd-8920fe550f65\', \'1991d9e7-845c-4fcc-a47c-893cd938f6b3\', \'6fae8e0d-edcc-4f60-b4c5-e4466d4c3dd0\', \'6d3d13b9-78e9-449e-9ef3-bc98f27b83b6\', \'5be94e68-7af3-412f-bb82-3b4847fbb64d\', \'ff6746d0-0f56-47a2-894e-5e2fcf1001c0\', \'9537ff80-76d7-4000-bc13-f0e64e7d815e\', \'bf098e44-79de-4697-b27a-dcf005757b2e\', \'26b64855-5ce0-4eb0-801c-201481eec8c1\', \'646e3ca8-1f6f-4d2b-b440-86d00a0f3ea5\', \'8de26ad5-040c-485c-b26f-9b09953a27e5\', \'9571195f-d360-485e-b3b5-c09d2f1faaad\', \'89585a5b-602e-480b-93fa-163183c3be68\', \'b007ae82-bbe6-4841-ac41-0c6325a7e517\', \'cf0464de-bf91-49ee-8e53-9b29ebf1dd6a\', \'7643b3d6-177c-4449-9d46-6fe034753445\', \'d4a5676d-bf72-43b1-9546-ffdb602854fd\', \'2c3e4cdb-a9f2-4a6a-b391-3434b5d81bba\', \'8a353bd3-a76c-42a6-a799-4b7def38cbdb\', \'c1598647-6001-49e6-8083-91166c004dd7\', \'f1b915b7-9ac8-411a-942a-745296bc3f09\', \'0e18ec20-52ea-409f-881f-ffebdd2766e3\', \'ec11fac1-3dbc-4a4e-862e-ddca1c230ca6\', \'938d1f3b-ae93-4172-b208-3b3d4494f5eb\', \'414749c7-206e-45b5-8b8b-38f9cd753a25\', \'37968839-12ef-4d94-a7a0-bd10c1c9be3d\', \'bcdafe21-4a22-498d-9466-c788279cb01a\', \'b5130a1b-abdb-4e8f-9876-e18b6b07fc84\', \'4340b82b-4d38-4028-b42d-618310b0291b\', \'0b5cfe41-072b-466b-b9cc-797be1d75eda\', \'5ba0ef85-61f0-40ec-becd-808e0ac94303\', \'4ba81307-3b94-4909-ad2a-0eb3b36edce3\', \'ff4d4e63-48dd-404a-aba4-8c3767af2e1a\', \'8196a0b8-ef16-4b2d-b822-e7babe80da9c\', \'c49535c6-9e61-45a2-b56f-9d7ff57aefcf\', \'8b66d164-8920-42d4-ad51-6c714a42138d\', \'bc0a07a2-573e-4307-8aac-c028ae76ff4c\', \'3e4738a4-6fed-4d7a-a0bf-81951d6453df\', \'ffd03692-7fca-413d-ad0b-3491a2041b4a\', \'ded5a8f1-d4d1-4077-8f4d-6e85856bc0df\', \'16320c3d-e81d-4c7f-b383-e51da14bf0ea\', \'518746e8-73f5-4115-96bb-5cc058c6b4dd\', \'52e0be5f-bd4b-4193-bbbd-92ffbccf676e\', \'2f852497-fb99-4c33-b5a8-24cfb155058e\', \'3bd4eab9-79cb-4929-ad7a-e6d08eda7f68\', \'40212c42-554f-434e-930c-6a5ca1a2b99e\', \'961d8282-e3a9-4cdd-a866-b545089fd5ec\', \'981c41bd-4dc2-4584-b204-e3ac4afd8c31\', \'f96b9677-9ede-4cb9-909f-2ee825fd6769\', \'2a972c09-0f69-4b4b-aeb2-094260bcdba5\', \'967cfffe-1985-48bc-a62c-23d222e07dca\', \'79c65adb-4c01-4eb0-bf12-c2a6d873ae7a\', \'c76d57f2-0f10-4a0f-9ecf-474e4c9b23dd\', \'6fd37e08-08ef-4f13-b1dc-2654599b57f3\', \'b5c4ad4d-d249-4385-a8bc-d88bec957962\', \'c53b4011-2488-4682-910d-74b0c2e50eb6\', \'1e0838aa-802a-46da-832f-fd549686fc2c\', \'7df75bac-9555-4fb1-a6cd-58a08468600c\', \'6154e49e-9c0c-49b9-8d9f-283042caba62\', \'b8268d6c-93ad-4ecb-ab02-5be396e8d576\', \'894d0be8-ec0b-45fb-a147-ace4626f2ff9\', \'57a20342-bb08-4611-bfac-a7bf92c1227f\', \'61010469-871c-487f-a164-3cfc4b5eac08\', \'01b992ae-23df-41b7-a09e-2ef78d5cb065\', \'2af462c9-1676-4b57-acc6-4e1b81dd889e\', \'936eb664-0abb-4b62-9a0f-a3cca2beb689\', \'f650d262-c50e-44d5-9cb9-d56326bc80a5\', \'83dc5212-3dfe-4c66-9420-733fa5163c5d\', \'f82c3548-309d-4635-b381-f8cb11f049e1\', \'ffd1b963-da72-4f4b-ab79-876496d68442\', \'14f28d1d-d722-497f-8385-e85a654d1955\', \'99030da4-27ad-4ced-8b28-6137161711f6\', \'0c923a09-8056-459e-8fc6-6941c7107434\', \'0fd34cb1-f5c8-410f-8649-9aa892332cfe\', \'822057ba-3168-4856-b16a-c4d0eedab203\', \'44b03ab7-1f84-475e-8d91-b887b0749e86\', \'1a7f20d5-98b4-4678-bee3-afacce938688\', \'17398cc3-ae3d-4d3d-8fe5-257c90af964c\', \'885b1305-a35b-4b72-82d8-b992cfb16f45\', \'0555bc00-f88c-4902-b8e7-7ba77386b28d\', \'5e417250-f879-4092-ab51-9fa4b84dfe31\', \'88de91e3-c8d3-428b-9a07-25d29ee6a85b\', \'852283f4-f2f3-4d29-a59b-9ea8badeef4e\', \'e4edc9e6-9eff-4696-b996-c2c9bee383d2\', \'8b345e55-eea6-4e5e-b48a-8d298cde0885\', \'08cec898-f72e-44e8-9d9e-ae545b4cf985\', \'10d4f549-7d14-4bcb-8ee8-e7c6a03b0835\', \'b086a007-0695-426d-aa72-a408166ee86b\', \'e72408e7-0fd8-44c2-ae0e-85dd5eea6fc3\', \'78a026e8-0639-47cb-9435-14a5730c5cde\', \'35732b92-6ec5-4c32-a056-f3155d43b797\', \'0287749d-42de-4cd8-83b2-22ea6fbed916\', \'f4c0cfa8-6260-4c89-8640-4dc0bdf6e618\', \'2f1acdf3-7723-4ae8-850b-b81d4d21492f\', \'1158225e-d4f7-41f9-99f6-50ec4267e6c5\', \'87a825a1-4305-4878-bb22-d571ccd2d0cc\', \'e1b7c284-f6fc-4391-b871-e127692d3004\', \'ad8cd0ab-709f-4597-afc5-d219a24985c7\', \'7b5e6f4b-9bfa-4002-adf2-7bb670187e48\', \'51c9eb37-0c29-4c58-94fe-4a8a2678e3e7\', \'4aacfcc1-9c49-4e85-9f08-a8452ca4ee25\', \'a8e004f1-9ff6-4c60-89c4-f79d1fca8f3f\', \'d3da3c08-23bc-48e3-9a29-bd5824ef90af\', \'6e9e9e63-5ce5-46bc-83da-b1e55154d362\', \'f7499db5-167b-4ff9-bf72-393446a81b8e\', \'ff95dd12-17c7-4a06-974b-6396c422db5c\', \'f0632387-235e-4fa1-b76f-3be24680597f\', \'b7189d47-4001-4ab0-a339-bf90c0a94f8a\', \'869ce1bd-308c-4556-a717-2b8c2c47ab32\', \'91fe82bd-3e2d-48bd-869c-a4ca1dce3785\', \'8af62a81-de86-414b-af45-d9fe6cfdd9e2\', \'3966982e-a6b7-4adb-9160-6dfbc33686f2\', \'587f2ffb-db90-4e21-a62f-34c3e83d71d1\', \'a093be93-49e7-489c-a08a-42640dcee4e9\', \'3a8271d7-023a-46a3-a26b-dbcd0ac194b2\', \'fbdf3d1c-996f-481a-a327-e415fd9b5eab\', \'09fe82d9-13a2-40f9-b396-f25407fec8d3\', \'c18bc88b-d738-413c-bead-776d2bf2c3a3\', \'1fcea0bc-2d2c-43a0-aa42-63d1cc3ea375\', \'7400e93b-e2bd-4c15-aed9-7ab6d9eb0d2d\', \'d61ac6df-864c-4b66-aabc-09ece9fdf1f2\', \'a76ae4fa-aa16-4f0c-94bf-4f3324291723\', \'1f55914b-53f9-42d6-a232-b954e5610e6c\', \'cceee271-3f30-412e-82dd-93c5cb2ac80c\', \'09fbd2d5-1747-4865-97b3-a6a2e7a64d77\', \'52211e9f-9a60-4572-a360-45c25a02af6b\', \'31a1b733-f2e1-46d1-9f04-e0fcf99747ba\', \'bccc1f05-4620-4969-9b8d-e502267cccb3\', \'ae150ed5-67b3-443d-ab66-b20851f5eea8\', \'0b369745-2063-4383-aa75-715e03bbc19b\', \'9afc65c4-0b0e-4284-be6b-bb537a11c200\', \'65bbbecd-b8c2-4524-a8c9-5ddef061d638\', \'3350a387-681c-4e79-a8b4-be10fa588c02\', \'01b7333c-d1c3-4cbe-9d90-e38ac37c870c\', \'3829abeb-ec48-4661-8102-1bb5964b757d\', \'d1681a1d-3207-413f-bb61-65892d343701\', \'5c521eb9-5eb3-4c1f-ab16-ec6911950e61\', \'6730782f-2b67-4ead-86c8-494efcc31c6a\', \'eeda257c-34a3-4bc7-939e-16749aa57ffe\', \'3d78cc07-b7dc-484c-870b-a35ea2c2758f\', \'67d9e075-7a95-44b1-9036-d766cb49471b\', \'ec9bfc85-db12-4d7e-a0b7-f5488e8270d9\', \'6e990671-f651-4892-811e-4e08927f745f\', \'28d4ac86-63f5-4cad-8f05-012d197a67f6\', \'b9526ea3-418e-45b6-b25c-5fe7e62bebc0\', \'73e88a1e-f062-4c97-bd2a-ece940c12a07\', \'e64297ee-f044-49d6-9641-0dca4cffd6b1\', \'6cf0d65b-7506-4357-bbf5-de4046d8d454\', \'6a528514-e8a3-4402-87ea-82ebba368780\', \'2913c5c5-8e40-44f3-ba8c-5b82aa41ee4f\', \'0f299703-a69a-432b-8a63-682003786d39\', \'c0ea2393-4292-47a6-82f1-67490545ff65\', \'7cda2469-12d1-4be2-8a21-279a4c62b2c0\', \'483d85b6-de35-4b69-9b0e-354a6798e85c\', \'e302954d-2832-4d06-a1eb-b184cf9cb67a\', \'8a6aeda4-85a4-404e-909a-0cc34471ad37\', \'69aaa090-ce30-48d5-bb88-b5fd4cc98f25\', \'e95fca71-130d-4e38-80c7-202cfea6fbde\', \'1b292489-5b86-4a01-ae6e-0aceb02de27c\', \'a5629ea9-e70c-4837-a7ce-ed36b2db6557\', \'4cd794e4-3297-43a7-a131-22a0719085e6\', \'5e8c662c-feb8-43a8-b2ad-9c59e82c44a7\', \'db8d371e-575c-4d0d-b22e-37121e10b6fc\', \'9303eeb7-6097-44b2-b52e-cc8270e19510\', \'3bdffa53-39e3-48fe-8b34-a6d3ec1a66e3\', \'3c15b7c0-6f6c-47fe-8fba-87d821c5c1bc\', \'60c586ce-efb0-494e-bc96-73db2daf0c39\', \'38331286-68a7-4130-9cf9-a0b3bfdfb3cb\'], \'solveMode\': \'optimization\', \'engine\': \'auto\', \'preferences\': {\'heuristics\': [{\'key\': \'module\', \'weight\': 0.14}, {\'key\': \'activity\', \'weight\': 0.38}, {\'key\': \'location\', \'weight\': 0.87}]}}')",1
POST,//api/solver/jobs,"CatchResponseError('solver rejected [400]: {""code"":""VALIDATION_INVALID_REQUEST"",""message"":""Timetable solve job did not match the shared queue contract"",""requestId"":""req_16fba220-b633-4f6c-ad47-c46acb431e11""} | payload={\'eventIds\': [\'a5a9ace4-85b2-4e89-bd65-1c3e5139d85b\', \'ca68d1f8-f32c-4cfa-b9fe-082660bb9cfd\', \'d07ca877-3fc7-4aa9-822e-3e0b6aab46d1\', \'06a1bdfa-da14-46ac-b95e-6ce6ad71a8f2\', \'0ad6d966-df22-4248-b38d-dfa81fab38ad\', \'0e64bb41-e331-43c8-84a4-55d4858657c8\', \'15736d60-c1ad-49a5-8cba-98f69993ec69\', \'176c13c5-6ce9-463a-ac82-4f86aacc7f42\', \'1c96d480-3194-4beb-a712-5b1b3ea3872c\', \'3861ccbc-5117-4fa6-9c5d-9eb0ab5a7ad0\', \'3d80f5ba-5264-45a7-9a82-30d1e287ab01\', \'4d97629c-178f-4fcf-9e86-fd80955ac114\', \'611b8c52-28b2-4bde-bdf9-cec64de9415f\', \'8258e6bf-7651-4ffc-9fc7-383b247a1df7\', \'8cc87d22-add5-4030-9199-a8b172c84654\', \'bd104564-f941-4da0-b192-77d95ed77165\', \'c84a93b0-2439-4b2d-8bcb-0d7257383119\', \'d0a1a0c0-f45e-4a7c-b42e-b61ab4982ad3\', \'d43a9214-8430-4481-94ae-01e111fbf07e\', \'dc225a7e-fa31-410f-acc6-5fe1a2938f41\', \'f039ee74-e2cf-4457-9dd2-784fc894d9ca\', \'9f9686ae-a016-4fda-ba9d-0d092406acca\', \'88ed2f4e-f085-4059-a8b7-bc2cbe5afae6\', \'f5809be4-520d-40ef-8529-b7a1b2511655\', \'67c0e85a-124f-417e-8cef-f082dfa50619\', \'3b7cc97f-6859-4b72-91d7-02b2f722a860\', \'9f607197-fdc2-4783-8673-c7e52992abed\', \'8e66fcb6-4889-47b8-8a7d-31749761a0af\', \'cbbf88e7-ad1f-4769-a6b2-3332e08bb2f7\', \'9ea5edd8-bf1d-4934-a770-d11ac158f7ca\', \'082110cf-3f8b-49a1-ae30-0fad1fe2dccd\', \'0712edef-8c94-484c-8fb1-dce9ff2e56f9\', \'9533c55d-419b-42f9-a14a-30c211f08c0c\', \'3b11527d-eb97-4864-b5ae-7ad5597e68c0\', \'a40ca57c-51c4-439a-acb3-2c3801f49f49\', \'7cf81958-a076-45a5-badb-a22ae735cefc\', \'a6fcf642-ac13-416d-995f-541394335527\', \'ec418344-e818-4552-b119-dff445653ca5\', \'942e03ca-52a9-48fb-b6d5-e74eff5333ae\', \'c24de7c5-abf9-4d26-9a4b-2cc5c7474df8\', \'1fb41358-c741-4f60-b203-801717ee95bd\', \'8d7cc4c4-2107-419f-988d-4af5983d44ac\', \'78ff8d34-2f1a-42ad-89b2-6a6844e428b5\', \'b07ace43-3243-4bc1-ba06-ffa38889f50d\', \'ae7384a3-1628-49d7-a200-4e0711766428\', \'c8986a08-b5f6-4276-a363-87f5aff064ca\', \'73034db1-076a-452d-b922-bede10300a1e\', \'92b8737f-fc5c-4c79-b6f0-e076d1430c73\', \'9e4bd624-2ea3-4568-a96e-cfd2ceb4bb06\', \'934c3695-1c4d-429c-972c-79352d035b99\', \'6ebea822-b1db-4bad-8904-27e5486b3485\', \'4a54d9d5-90ac-48e0-9fd0-5a57770aae5b\', \'6b7f1d7f-4fb7-4800-b970-bfd76b5205f0\', \'a0f62194-988b-4034-b79b-b74b2af83840\', \'273e613a-cfcb-4eb8-8a0e-8b7365d33b7a\', \'43099e45-28fd-4042-b387-4b24f656f79f\', \'e82fa4b1-7685-4362-8596-105deff18ff2\', \'719ec13f-e941-465b-84a7-9e43d5196e2d\', \'edcc5600-e2b2-4db6-91ab-aacc38ce960f\', \'308f01eb-937c-4db3-9aba-cefff6824ba2\', \'cf96204b-d499-46f2-b751-2607933681ab\', \'cc744c99-bb54-494e-8115-c1d359d3b0c6\', \'a5e4874f-3e5a-4a47-842a-bc5544ed5266\', \'3faf1c75-173e-4cf4-9917-560f82092e14\', \'bcef6e3c-66c6-4ae1-8d95-92578f305d3a\', \'da71a8b4-b41c-4fc7-bcb3-a49b23b6b4b8\', \'0aeedb16-ed52-4e42-a4ad-a963e7a7bfdf\', \'79dba90b-c348-43ef-8101-1f2906124124\', \'af83cde9-21fa-4cf3-8a49-e76d6b4872b7\', \'7ec42d3d-a7de-4eb2-8911-a6d07554bbf3\', \'5c10c80d-3885-44ed-ad76-34635efe6cd9\', \'a10d1ad6-e127-4203-9f9f-3e659500c4ee\', \'d3fdf1bc-4bee-4d0c-9f24-5a05ac0d42ba\', \'27ab7d58-f55e-4f01-9b46-390c6cb723a1\', \'4dc64461-526b-463b-bb5b-d97db5dcba52\', \'83067dea-6485-485d-aaac-f51a6db78696\'], \'solveMode\': \'optimization\', \'engine\': \'ga\', \'preferences\': {\'heuristics\': [{\'key\': \'module\', \'weight\': 0.43}, {\'key\': \'activity\', \'weight\': 0.81}, {\'key\': \'location\', \'weight\': 0.99}]}}')",1
POST,//api/solver/jobs,"CatchResponseError('solver rejected [400]: {""code"":""VALIDATION_INVALID_REQUEST"",""message"":""Timetable solve job did not match the shared queue contract"",""requestId"":""req_864081c4-6ac1-4a55-b9f3-cb3f303a3e9f""} | payload={\'eventIds\': [\'a1d252bf-e6a0-4649-8727-0a41f1130798\', \'a5a9ace4-85b2-4e89-bd65-1c3e5139d85b\', \'ca68d1f8-f32c-4cfa-b9fe-082660bb9cfd\', \'d07ca877-3fc7-4aa9-822e-3e0b6aab46d1\', \'31446d15-b9b4-41f9-bae5-e61c320b0ce0\', \'33d691ed-5d2a-4f5d-9fbc-5ea24945cc80\', \'352134bc-1fb1-4f98-be9d-256432407433\', \'3b0738bb-ef36-4a2d-8124-ca9559ba9ab9\', \'4b90da7f-cce5-49e3-89f7-27eb7cdb93da\', \'79190c4f-0830-47ce-9568-10bf59df1b42\', \'a5bafa66-df07-40ef-874f-63643912ff87\', \'c08d5e52-caf2-43a5-801f-e0ba492bd20d\', \'f0495db1-ca46-4a05-9300-3c25d759b53b\', \'6081c7c3-a162-49b2-a779-727743ab7d3e\', \'51340646-7a4f-4161-8580-e4cc276999c0\', \'8aa7cd22-dcc2-4acb-8f45-ef2e6da91bf1\', \'983fcc0f-adda-4ae8-81bf-d8396530e500\', \'ac458f36-82e8-48eb-850f-0ae94e308286\', \'deadf4f3-49f3-4840-a364-ca90ecc1bce4\', \'2e39f678-ccff-4c32-88fa-83387e4dd351\', \'a914ceef-65d1-4308-9ead-7f1300c1c5ff\', \'1e831fb6-fb15-402a-8187-6b5dfbeaab58\', \'e4b4b9fb-999a-45f1-ba23-eec28af7c77f\', \'f02661ea-2958-427a-9cd2-4154231c9893\', \'300b5c2f-6596-4d6d-be99-d140157c2654\', \'40bd1a50-5390-4b20-8cf6-1e02b79545ff\', \'976c970d-8c89-4791-bfc4-5f4a1bb44cb3\', \'e99434d8-1b03-41c8-ba46-a9a7f0503e5b\', \'788783ca-cce0-4de6-8b09-cdcdc67f34ce\', \'559e71bf-d06e-4c25-99f8-6839141770b0\', \'d08fff6c-3191-4154-8eaf-11ade36a73ae\', \'85bb1447-588f-4a58-a958-546cda04189b\', \'0a075d7b-86f4-46a4-8594-83a5e7f8da1b\', \'99c37632-d20e-4a76-9900-a3f9edbd3fa5\', \'470961b5-053f-4967-852e-81aa9c094f21\', \'9b619fc3-4e31-47cd-a725-72a34706a72c\', \'ced24732-c69f-4afc-aad9-f8cc3ba127ac\', \'e08afc8b-0210-4801-aefb-f2aeb081d97a\', \'02b1de7c-da3f-431d-a4dd-8920fe550f65\', \'1991d9e7-845c-4fcc-a47c-893cd938f6b3\', \'6fae8e0d-edcc-4f60-b4c5-e4466d4c3dd0\', \'6d3d13b9-78e9-449e-9ef3-bc98f27b83b6\', \'5be94e68-7af3-412f-bb82-3b4847fbb64d\'], \'solveMode\': \'optimization\', \'engine\': \'cp-sat\', \'preferences\': {\'heuristics\': [{\'key\': \'module\', \'weight\': 0.33}, {\'key\': \'activity\', \'weight\': 1.0}, {\'key\': \'location\', \'weight\': 0.53}]}}')",1
POST,//api/solver/jobs,"CatchResponseError('solver rejected [400]: {""code"":""VALIDATION_INVALID_REQUEST"",""message"":""Timetable solve job did not match the shared queue contract"",""requestId"":""req_9e683637-e8f3-494a-9b84-a45abc2e5dc3""} | payload={\'eventIds\': [\'6ea5ac6b-eab6-4943-8d1b-e549685f154b\', \'9d8c5e52-5f09-4705-96f1-6b9dc8d36115\', \'72257f59-cb1b-4cf7-8495-3e039a789528\'], \'solveMode\': \'optimization\', \'engine\': \'auto\', \'preferences\': {\'heuristics\': [{\'key\': \'module\', \'weight\': 0.54}, {\'key\': \'activity\', \'weight\': 0.81}, {\'key\': \'location\', \'weight\': 0.25}]}}')",1
POST,//api/solver/jobs,"CatchResponseError('solver rejected [400]: {""code"":""VALIDATION_INVALID_REQUEST"",""message"":""Timetable solve job did not match the shared queue contract"",""requestId"":""req_3b4d8244-1d00-4ed7-b703-06248e9c3fd7""} | payload={\'eventIds\': [\'d61ac6df-864c-4b66-aabc-09ece9fdf1f2\', \'1f55914b-53f9-42d6-a232-b954e5610e6c\', \'99030da4-27ad-4ced-8b28-6137161711f6\'], \'solveMode\': \'optimization\', \'engine\': \'auto\', \'preferences\': {\'heuristics\': [{\'key\': \'module\', \'weight\': 0.71}, {\'key\': \'activity\', \'weight\': 0.65}, {\'key\': \'location\', \'weight\': 0.59}]}}')",1
POST,//api/solver/jobs,"CatchResponseError('solver rejected [400]: {""code"":""VALIDATION_INVALID_REQUEST"",""message"":""Timetable solve job did not match the shared queue contract"",""requestId"":""req_babd14e1-6722-49df-8381-780cbdb623b6""} | payload={\'eventIds\': [\'57a20342-bb08-4611-bfac-a7bf92c1227f\', \'ffd03692-7fca-413d-ad0b-3491a2041b4a\', \'518746e8-73f5-4115-96bb-5cc058c6b4dd\'], \'solveMode\': \'optimization\', \'engine\': \'auto\', \'preferences\': {\'heuristics\': [{\'key\': \'module\', \'weight\': 0.7}, {\'key\': \'activity\', \'weight\': 0.77}, {\'key\': \'location\', \'weight\': 0.52}]}}')",1
POST,//api/solver/jobs,"CatchResponseError('solver rejected [400]: {""code"":""VALIDATION_INVALID_REQUEST"",""message"":""Timetable solve job did not match the shared queue contract"",""requestId"":""req_e851f6e8-6d5b-46f4-a629-b979c3b3e9e8""} | payload={\'eventIds\': [\'a1d252bf-e6a0-4649-8727-0a41f1130798\', \'a5a9ace4-85b2-4e89-bd65-1c3e5139d85b\', \'ca68d1f8-f32c-4cfa-b9fe-082660bb9cfd\', \'d07ca877-3fc7-4aa9-822e-3e0b6aab46d1\', \'31446d15-b9b4-41f9-bae5-e61c320b0ce0\', \'33d691ed-5d2a-4f5d-9fbc-5ea24945cc80\', \'352134bc-1fb1-4f98-be9d-256432407433\', \'3b0738bb-ef36-4a2d-8124-ca9559ba9ab9\', \'4b90da7f-cce5-49e3-89f7-27eb7cdb93da\', \'79190c4f-0830-47ce-9568-10bf59df1b42\', \'a5bafa66-df07-40ef-874f-63643912ff87\', \'c08d5e52-caf2-43a5-801f-e0ba492bd20d\', \'f0495db1-ca46-4a05-9300-3c25d759b53b\', \'6081c7c3-a162-49b2-a779-727743ab7d3e\', \'51340646-7a4f-4161-8580-e4cc276999c0\', \'8aa7cd22-dcc2-4acb-8f45-ef2e6da91bf1\', \'983fcc0f-adda-4ae8-81bf-d8396530e500\', \'ac458f36-82e8-48eb-850f-0ae94e308286\', \'deadf4f3-49f3-4840-a364-ca90ecc1bce4\', \'2e39f678-ccff-4c32-88fa-83387e4dd351\', \'a914ceef-65d1-4308-9ead-7f1300c1c5ff\', \'1e831fb6-fb15-402a-8187-6b5dfbeaab58\', \'e4b4b9fb-999a-45f1-ba23-eec28af7c77f\', \'f02661ea-2958-427a-9cd2-4154231c9893\', \'300b5c2f-6596-4d6d-be99-d140157c2654\', \'40bd1a50-5390-4b20-8cf6-1e02b79545ff\', \'976c970d-8c89-4791-bfc4-5f4a1bb44cb3\', \'e99434d8-1b03-41c8-ba46-a9a7f0503e5b\', \'788783ca-cce0-4de6-8b09-cdcdc67f34ce\', \'559e71bf-d06e-4c25-99f8-6839141770b0\', \'d08fff6c-3191-4154-8eaf-11ade36a73ae\', \'85bb1447-588f-4a58-a958-546cda04189b\', \'0a075d7b-86f4-46a4-8594-83a5e7f8da1b\', \'99c37632-d20e-4a76-9900-a3f9edbd3fa5\', \'470961b5-053f-4967-852e-81aa9c094f21\', \'9b619fc3-4e31-47cd-a725-72a34706a72c\'], \'solveMode\': \'optimization\', \'engine\': \'cp-sat\', \'preferences\': {\'heuristics\': [{\'key\': \'module\', \'weight\': 0.44}, {\'key\': \'activity\', \'weight\': 0.95}, {\'key\': \'location\', \'weight\': 0.97}]}}')",1
POST,//api/solver/jobs,"CatchResponseError('solver rejected [400]: {""code"":""VALIDATION_INVALID_REQUEST"",""message"":""Timetable solve job did not match the shared queue contract"",""requestId"":""req_066c0b9e-6ac5-4207-aac3-f7b97aa41074""} | payload={\'eventIds\': [\'6ea5ac6b-eab6-4943-8d1b-e549685f154b\', \'9d8c5e52-5f09-4705-96f1-6b9dc8d36115\', \'72257f59-cb1b-4cf7-8495-3e039a789528\'], \'solveMode\': \'optimization\', \'engine\': \'auto\', \'preferences\': {\'heuristics\': [{\'key\': \'module\', \'weight\': 0.42}, {\'key\': \'activity\', \'weight\': 0.91}, {\'key\': \'location\', \'weight\': 0.36}]}}')",1
POST,//api/solver/jobs,"CatchResponseError('solver rejected [400]: {""code"":""VALIDATION_INVALID_REQUEST"",""message"":""Timetable solve job did not match the shared queue contract"",""requestId"":""req_c733083b-a9cb-43f5-b364-d3fa0926fca5""} | payload={\'eventIds\': [\'c08d5e52-caf2-43a5-801f-e0ba492bd20d\', \'9d689e56-468d-4d84-a621-5ff7f1f0cac6\', \'420cd968-748b-44ad-8c93-eb77292c7a49\'], \'solveMode\': \'optimization\', \'engine\': \'auto\', \'preferences\': {\'heuristics\': [{\'key\': \'module\', \'weight\': 0.72}, {\'key\': \'activity\', \'weight\': 0.91}, {\'key\': \'location\', \'weight\': 0.31}]}}')",1
POST,//api/solver/jobs,"CatchResponseError('solver rejected [400]: {""code"":""VALIDATION_INVALID_REQUEST"",""message"":""Timetable solve job did not match the shared queue contract"",""requestId"":""req_666883fc-317a-4fc5-b786-e60a3e0e8538""} | payload={\'eventIds\': [\'3b7cc97f-6859-4b72-91d7-02b2f722a860\', \'67c0e85a-124f-417e-8cef-f082dfa50619\', \'88ed2f4e-f085-4059-a8b7-bc2cbe5afae6\', \'8e66fcb6-4889-47b8-8a7d-31749761a0af\', \'9f607197-fdc2-4783-8673-c7e52992abed\', \'9f9686ae-a016-4fda-ba9d-0d092406acca\', \'cbbf88e7-ad1f-4769-a6b2-3332e08bb2f7\', \'f5809be4-520d-40ef-8529-b7a1b2511655\', \'300b5c2f-6596-4d6d-be99-d140157c2654\', \'40bd1a50-5390-4b20-8cf6-1e02b79545ff\', \'559e71bf-d06e-4c25-99f8-6839141770b0\', \'788783ca-cce0-4de6-8b09-cdcdc67f34ce\', \'976c970d-8c89-4791-bfc4-5f4a1bb44cb3\', \'d08fff6c-3191-4154-8eaf-11ade36a73ae\', \'e99434d8-1b03-41c8-ba46-a9a7f0503e5b\', \'f02661ea-2958-427a-9cd2-4154231c9893\', \'175d4950-806b-4421-a0e3-715da8e1a7c9\', \'6043052f-e475-4ed2-9a3a-882ff4537114\', \'c25fba20-59c4-4218-882f-2342c3edcf4a\', \'f4a1c34b-414e-436a-a3d1-49e97c4765ee\', \'9e68f44f-ed00-43a4-92a8-613fa18146b3\', \'db7a4021-22c2-495e-bfbf-3c2f541b413f\', \'e0c4ed39-931c-482b-a49b-e7b54bd07c86\', \'a0a0d906-f5a0-4af1-8ae5-48f71af169e4\', \'01355423-a732-4f9c-99b4-1b97a73eb3bb\', \'0d1678cf-3c66-45ba-971e-f517af03d8ed\', \'dc11b46f-9132-4632-8682-0216b1c1fea5\', \'85cb0080-273c-44e4-9344-b507b6f07a7e\', \'8e4282a6-3eef-4488-95a7-4b6c4443b056\', \'2eef1ca2-353c-4cbe-906b-c6e645797500\', \'c88a551a-407f-4692-90bd-2c8cccbbd145\', \'80c8a26c-c851-49fd-bd0e-8f5352541be4\', \'b96b9f66-3dad-41f4-addf-2b9c4dcc58ec\', \'d1046676-45e1-4ada-ac45-795f63f11bfe\', \'106b6428-c96f-4585-9a15-750c57eb90de\', \'3eea88bb-0324-4fd1-b82c-963a9fdff806\', \'1a1bc98d-7659-414e-81a4-b374a5a6f776\', \'97730ed2-51d1-443c-b96d-972033c890b4\', \'ced24732-c69f-4afc-aad9-f8cc3ba127ac\', \'e08afc8b-0210-4801-aefb-f2aeb081d97a\', \'02b1de7c-da3f-431d-a4dd-8920fe550f65\', \'1991d9e7-845c-4fcc-a47c-893cd938f6b3\', \'6fae8e0d-edcc-4f60-b4c5-e4466d4c3dd0\', \'6d3d13b9-78e9-449e-9ef3-bc98f27b83b6\', \'5be94e68-7af3-412f-bb82-3b4847fbb64d\', \'ff6746d0-0f56-47a2-894e-5e2fcf1001c0\', \'9537ff80-76d7-4000-bc13-f0e64e7d815e\', \'bf098e44-79de-4697-b27a-dcf005757b2e\', \'26b64855-5ce0-4eb0-801c-201481eec8c1\', \'646e3ca8-1f6f-4d2b-b440-86d00a0f3ea5\', \'8de26ad5-040c-485c-b26f-9b09953a27e5\', \'9571195f-d360-485e-b3b5-c09d2f1faaad\', \'89585a5b-602e-480b-93fa-163183c3be68\', \'b007ae82-bbe6-4841-ac41-0c6325a7e517\', \'cf0464de-bf91-49ee-8e53-9b29ebf1dd6a\', \'7643b3d6-177c-4449-9d46-6fe034753445\', \'d4a5676d-bf72-43b1-9546-ffdb602854fd\', \'2c3e4cdb-a9f2-4a6a-b391-3434b5d81bba\', \'8a353bd3-a76c-42a6-a799-4b7def38cbdb\', \'c1598647-6001-49e6-8083-91166c004dd7\', \'f1b915b7-9ac8-411a-942a-745296bc3f09\', \'0e18ec20-52ea-409f-881f-ffebdd2766e3\', \'ec11fac1-3dbc-4a4e-862e-ddca1c230ca6\', \'938d1f3b-ae93-4172-b208-3b3d4494f5eb\', \'414749c7-206e-45b5-8b8b-38f9cd753a25\', \'37968839-12ef-4d94-a7a0-bd10c1c9be3d\', \'bcdafe21-4a22-498d-9466-c788279cb01a\', \'b5130a1b-abdb-4e8f-9876-e18b6b07fc84\', \'4340b82b-4d38-4028-b42d-618310b0291b\', \'0b5cfe41-072b-466b-b9cc-797be1d75eda\', \'5ba0ef85-61f0-40ec-becd-808e0ac94303\', \'4ba81307-3b94-4909-ad2a-0eb3b36edce3\', \'ff4d4e63-48dd-404a-aba4-8c3767af2e1a\', \'8196a0b8-ef16-4b2d-b822-e7babe80da9c\', \'c49535c6-9e61-45a2-b56f-9d7ff57aefcf\', \'8b66d164-8920-42d4-ad51-6c714a42138d\', \'bc0a07a2-573e-4307-8aac-c028ae76ff4c\', \'3e4738a4-6fed-4d7a-a0bf-81951d6453df\', \'ffd03692-7fca-413d-ad0b-3491a2041b4a\', \'ded5a8f1-d4d1-4077-8f4d-6e85856bc0df\', \'16320c3d-e81d-4c7f-b383-e51da14bf0ea\', \'518746e8-73f5-4115-96bb-5cc058c6b4dd\', \'52e0be5f-bd4b-4193-bbbd-92ffbccf676e\', \'2f852497-fb99-4c33-b5a8-24cfb155058e\', \'3bd4eab9-79cb-4929-ad7a-e6d08eda7f68\', \'40212c42-554f-434e-930c-6a5ca1a2b99e\', \'961d8282-e3a9-4cdd-a866-b545089fd5ec\', \'981c41bd-4dc2-4584-b204-e3ac4afd8c31\', \'f96b9677-9ede-4cb9-909f-2ee825fd6769\', \'2a972c09-0f69-4b4b-aeb2-094260bcdba5\', \'967cfffe-1985-48bc-a62c-23d222e07dca\', \'79c65adb-4c01-4eb0-bf12-c2a6d873ae7a\', \'c76d57f2-0f10-4a0f-9ecf-474e4c9b23dd\', \'6fd37e08-08ef-4f13-b1dc-2654599b57f3\', \'b5c4ad4d-d249-4385-a8bc-d88bec957962\', \'c53b4011-2488-4682-910d-74b0c2e50eb6\', \'1e0838aa-802a-46da-832f-fd549686fc2c\', \'7df75bac-9555-4fb1-a6cd-58a08468600c\', \'6154e49e-9c0c-49b9-8d9f-283042caba62\', \'b8268d6c-93ad-4ecb-ab02-5be396e8d576\', \'894d0be8-ec0b-45fb-a147-ace4626f2ff9\', \'57a20342-bb08-4611-bfac-a7bf92c1227f\', \'61010469-871c-487f-a164-3cfc4b5eac08\', \'01b992ae-23df-41b7-a09e-2ef78d5cb065\', \'2af462c9-1676-4b57-acc6-4e1b81dd889e\', \'936eb664-0abb-4b62-9a0f-a3cca2beb689\', \'f650d262-c50e-44d5-9cb9-d56326bc80a5\', \'83dc5212-3dfe-4c66-9420-733fa5163c5d\', \'f82c3548-309d-4635-b381-f8cb11f049e1\', \'ffd1b963-da72-4f4b-ab79-876496d68442\', \'14f28d1d-d722-497f-8385-e85a654d1955\', \'99030da4-27ad-4ced-8b28-6137161711f6\', \'0c923a09-8056-459e-8fc6-6941c7107434\', \'0fd34cb1-f5c8-410f-8649-9aa892332cfe\', \'822057ba-3168-4856-b16a-c4d0eedab203\', \'44b03ab7-1f84-475e-8d91-b887b0749e86\', \'1a7f20d5-98b4-4678-bee3-afacce938688\', \'17398cc3-ae3d-4d3d-8fe5-257c90af964c\', \'885b1305-a35b-4b72-82d8-b992cfb16f45\', \'0555bc00-f88c-4902-b8e7-7ba77386b28d\', \'5e417250-f879-4092-ab51-9fa4b84dfe31\', \'88de91e3-c8d3-428b-9a07-25d29ee6a85b\', \'852283f4-f2f3-4d29-a59b-9ea8badeef4e\', \'e4edc9e6-9eff-4696-b996-c2c9bee383d2\', \'8b345e55-eea6-4e5e-b48a-8d298cde0885\', \'08cec898-f72e-44e8-9d9e-ae545b4cf985\', \'10d4f549-7d14-4bcb-8ee8-e7c6a03b0835\', \'b086a007-0695-426d-aa72-a408166ee86b\', \'e72408e7-0fd8-44c2-ae0e-85dd5eea6fc3\', \'78a026e8-0639-47cb-9435-14a5730c5cde\', \'35732b92-6ec5-4c32-a056-f3155d43b797\', \'0287749d-42de-4cd8-83b2-22ea6fbed916\', \'f4c0cfa8-6260-4c89-8640-4dc0bdf6e618\', \'2f1acdf3-7723-4ae8-850b-b81d4d21492f\', \'1158225e-d4f7-41f9-99f6-50ec4267e6c5\', \'87a825a1-4305-4878-bb22-d571ccd2d0cc\', \'e1b7c284-f6fc-4391-b871-e127692d3004\', \'ad8cd0ab-709f-4597-afc5-d219a24985c7\', \'7b5e6f4b-9bfa-4002-adf2-7bb670187e48\', \'51c9eb37-0c29-4c58-94fe-4a8a2678e3e7\', \'4aacfcc1-9c49-4e85-9f08-a8452ca4ee25\', \'a8e004f1-9ff6-4c60-89c4-f79d1fca8f3f\', \'d3da3c08-23bc-48e3-9a29-bd5824ef90af\', \'6e9e9e63-5ce5-46bc-83da-b1e55154d362\', \'f7499db5-167b-4ff9-bf72-393446a81b8e\', \'ff95dd12-17c7-4a06-974b-6396c422db5c\', \'f0632387-235e-4fa1-b76f-3be24680597f\', \'b7189d47-4001-4ab0-a339-bf90c0a94f8a\', \'869ce1bd-308c-4556-a717-2b8c2c47ab32\', \'91fe82bd-3e2d-48bd-869c-a4ca1dce3785\', \'8af62a81-de86-414b-af45-d9fe6cfdd9e2\', \'3966982e-a6b7-4adb-9160-6dfbc33686f2\', \'587f2ffb-db90-4e21-a62f-34c3e83d71d1\', \'a093be93-49e7-489c-a08a-42640dcee4e9\', \'3a8271d7-023a-46a3-a26b-dbcd0ac194b2\', \'fbdf3d1c-996f-481a-a327-e415fd9b5eab\', \'09fe82d9-13a2-40f9-b396-f25407fec8d3\', \'c18bc88b-d738-413c-bead-776d2bf2c3a3\', \'1fcea0bc-2d2c-43a0-aa42-63d1cc3ea375\', \'7400e93b-e2bd-4c15-aed9-7ab6d9eb0d2d\', \'d61ac6df-864c-4b66-aabc-09ece9fdf1f2\', \'a76ae4fa-aa16-4f0c-94bf-4f3324291723\', \'1f55914b-53f9-42d6-a232-b954e5610e6c\', \'cceee271-3f30-412e-82dd-93c5cb2ac80c\', \'09fbd2d5-1747-4865-97b3-a6a2e7a64d77\', \'52211e9f-9a60-4572-a360-45c25a02af6b\', \'31a1b733-f2e1-46d1-9f04-e0fcf99747ba\', \'bccc1f05-4620-4969-9b8d-e502267cccb3\', \'ae150ed5-67b3-443d-ab66-b20851f5eea8\', \'0b369745-2063-4383-aa75-715e03bbc19b\', \'9afc65c4-0b0e-4284-be6b-bb537a11c200\', \'65bbbecd-b8c2-4524-a8c9-5ddef061d638\', \'3350a387-681c-4e79-a8b4-be10fa588c02\', \'01b7333c-d1c3-4cbe-9d90-e38ac37c870c\', \'3829abeb-ec48-4661-8102-1bb5964b757d\', \'d1681a1d-3207-413f-bb61-65892d343701\', \'5c521eb9-5eb3-4c1f-ab16-ec6911950e61\', \'6730782f-2b67-4ead-86c8-494efcc31c6a\', \'eeda257c-34a3-4bc7-939e-16749aa57ffe\', \'3d78cc07-b7dc-484c-870b-a35ea2c2758f\', \'67d9e075-7a95-44b1-9036-d766cb49471b\', \'ec9bfc85-db12-4d7e-a0b7-f5488e8270d9\', \'6e990671-f651-4892-811e-4e08927f745f\', \'28d4ac86-63f5-4cad-8f05-012d197a67f6\', \'b9526ea3-418e-45b6-b25c-5fe7e62bebc0\', \'73e88a1e-f062-4c97-bd2a-ece940c12a07\', \'e64297ee-f044-49d6-9641-0dca4cffd6b1\', \'6cf0d65b-7506-4357-bbf5-de4046d8d454\', \'6a528514-e8a3-4402-87ea-82ebba368780\', \'2913c5c5-8e40-44f3-ba8c-5b82aa41ee4f\', \'0f299703-a69a-432b-8a63-682003786d39\', \'c0ea2393-4292-47a6-82f1-67490545ff65\', \'7cda2469-12d1-4be2-8a21-279a4c62b2c0\', \'483d85b6-de35-4b69-9b0e-354a6798e85c\', \'e302954d-2832-4d06-a1eb-b184cf9cb67a\', \'8a6aeda4-85a4-404e-909a-0cc34471ad37\', \'69aaa090-ce30-48d5-bb88-b5fd4cc98f25\', \'e95fca71-130d-4e38-80c7-202cfea6fbde\', \'1b292489-5b86-4a01-ae6e-0aceb02de27c\', \'a5629ea9-e70c-4837-a7ce-ed36b2db6557\', \'4cd794e4-3297-43a7-a131-22a0719085e6\', \'5e8c662c-feb8-43a8-b2ad-9c59e82c44a7\', \'db8d371e-575c-4d0d-b22e-37121e10b6fc\', \'9303eeb7-6097-44b2-b52e-cc8270e19510\', \'3bdffa53-39e3-48fe-8b34-a6d3ec1a66e3\', \'3c15b7c0-6f6c-47fe-8fba-87d821c5c1bc\', \'60c586ce-efb0-494e-bc96-73db2daf0c39\', \'38331286-68a7-4130-9cf9-a0b3bfdfb3cb\'], \'solveMode\': \'optimization\', \'engine\': \'auto\', \'preferences\': {\'heuristics\': [{\'key\': \'module\', \'weight\': 0.4}, {\'key\': \'activity\', \'weight\': 0.72}, {\'key\': \'location\', \'weight\': 0.55}]}}')",1
POST,//api/solver/jobs,"CatchResponseError('solver rejected [400]: {""code"":""VALIDATION_INVALID_REQUEST"",""message"":""Timetable solve job did not match the shared queue contract"",""requestId"":""req_c7e1a25a-07ff-43e7-b811-501ef1d1c24f""} | payload={\'eventIds\': [\'31446d15-b9b4-41f9-bae5-e61c320b0ce0\', \'33d691ed-5d2a-4f5d-9fbc-5ea24945cc80\', \'352134bc-1fb1-4f98-be9d-256432407433\', \'3b0738bb-ef36-4a2d-8124-ca9559ba9ab9\', \'4b90da7f-cce5-49e3-89f7-27eb7cdb93da\', \'79190c4f-0830-47ce-9568-10bf59df1b42\', \'a5bafa66-df07-40ef-874f-63643912ff87\', \'c08d5e52-caf2-43a5-801f-e0ba492bd20d\', \'f0495db1-ca46-4a05-9300-3c25d759b53b\', \'9b9919ce-0065-489f-b2ad-185ef47807df\', \'420cd968-748b-44ad-8c93-eb77292c7a49\', \'472b152a-18f9-4c2a-a353-5c05b6139d43\', \'19dda116-19a6-40ca-aad8-199737367b3f\', \'9d689e56-468d-4d84-a621-5ff7f1f0cac6\', \'bd4d59c2-89d5-4ace-afd8-17881aa537df\', \'c65243e0-6e07-4c37-841d-9db98a1132f9\', \'4a278e9c-8e5c-4642-8fcc-421825c2f4b5\', \'d1d79e0c-72bd-44e2-9e17-8f454ab8dc10\', \'60947e8a-f009-4f67-8d56-d24a06838f7f\', \'e8d5dcb5-c193-426c-b02e-953dacc76e05\', \'9f9686ae-a016-4fda-ba9d-0d092406acca\', \'88ed2f4e-f085-4059-a8b7-bc2cbe5afae6\', \'f5809be4-520d-40ef-8529-b7a1b2511655\', \'67c0e85a-124f-417e-8cef-f082dfa50619\', \'3b7cc97f-6859-4b72-91d7-02b2f722a860\', \'9f607197-fdc2-4783-8673-c7e52992abed\', \'8e66fcb6-4889-47b8-8a7d-31749761a0af\', \'cbbf88e7-ad1f-4769-a6b2-3332e08bb2f7\'], \'solveMode\': \'optimization\', \'engine\': \'auto\', \'preferences\': {\'heuristics\': [{\'key\': \'module\', \'weight\': 0.39}, {\'key\': \'activity\', \'weight\': 0.46}, {\'key\': \'location\', \'weight\': 0.11}]}}')",1
POST,//api/solver/jobs,"CatchResponseError('solver rejected [400]: {""code"":""VALIDATION_INVALID_REQUEST"",""message"":""Timetable solve job did not match the shared queue contract"",""requestId"":""req_7908e54d-d171-4392-811b-9d965e56b8b3""} | payload={\'eventIds\': [\'79190c4f-0830-47ce-9568-10bf59df1b42\', \'472b152a-18f9-4c2a-a353-5c05b6139d43\', \'9b9919ce-0065-489f-b2ad-185ef47807df\'], \'solveMode\': \'optimization\', \'engine\': \'auto\', \'preferences\': {\'heuristics\': [{\'key\': \'module\', \'weight\': 0.2}, {\'key\': \'activity\', \'weight\': 0.68}, {\'key\': \'location\', \'weight\': 0.87}]}}')",1
POST,//api/solver/jobs,"CatchResponseError('solver rejected [400]: {""code"":""VALIDATION_INVALID_REQUEST"",""message"":""Timetable solve job did not match the shared queue contract"",""requestId"":""req_2e517b4d-11b9-4faa-9292-ae4d4f4be3d6""} | payload={\'eventIds\': [\'a1d252bf-e6a0-4649-8727-0a41f1130798\', \'a5a9ace4-85b2-4e89-bd65-1c3e5139d85b\', \'ca68d1f8-f32c-4cfa-b9fe-082660bb9cfd\', \'d07ca877-3fc7-4aa9-822e-3e0b6aab46d1\', \'31446d15-b9b4-41f9-bae5-e61c320b0ce0\', \'33d691ed-5d2a-4f5d-9fbc-5ea24945cc80\', \'352134bc-1fb1-4f98-be9d-256432407433\', \'3b0738bb-ef36-4a2d-8124-ca9559ba9ab9\', \'4b90da7f-cce5-49e3-89f7-27eb7cdb93da\', \'79190c4f-0830-47ce-9568-10bf59df1b42\', \'a5bafa66-df07-40ef-874f-63643912ff87\', \'c08d5e52-caf2-43a5-801f-e0ba492bd20d\', \'f0495db1-ca46-4a05-9300-3c25d759b53b\', \'6081c7c3-a162-49b2-a779-727743ab7d3e\', \'51340646-7a4f-4161-8580-e4cc276999c0\', \'8aa7cd22-dcc2-4acb-8f45-ef2e6da91bf1\', \'983fcc0f-adda-4ae8-81bf-d8396530e500\', \'ac458f36-82e8-48eb-850f-0ae94e308286\', \'deadf4f3-49f3-4840-a364-ca90ecc1bce4\', \'2e39f678-ccff-4c32-88fa-83387e4dd351\', \'a914ceef-65d1-4308-9ead-7f1300c1c5ff\', \'1e831fb6-fb15-402a-8187-6b5dfbeaab58\', \'e4b4b9fb-999a-45f1-ba23-eec28af7c77f\', \'f02661ea-2958-427a-9cd2-4154231c9893\', \'300b5c2f-6596-4d6d-be99-d140157c2654\', \'40bd1a50-5390-4b20-8cf6-1e02b79545ff\', \'976c970d-8c89-4791-bfc4-5f4a1bb44cb3\', \'e99434d8-1b03-41c8-ba46-a9a7f0503e5b\', \'788783ca-cce0-4de6-8b09-cdcdc67f34ce\', \'559e71bf-d06e-4c25-99f8-6839141770b0\', \'d08fff6c-3191-4154-8eaf-11ade36a73ae\', \'85bb1447-588f-4a58-a958-546cda04189b\', \'0a075d7b-86f4-46a4-8594-83a5e7f8da1b\', \'99c37632-d20e-4a76-9900-a3f9edbd3fa5\', \'470961b5-053f-4967-852e-81aa9c094f21\', \'9b619fc3-4e31-47cd-a725-72a34706a72c\', \'ced24732-c69f-4afc-aad9-f8cc3ba127ac\', \'e08afc8b-0210-4801-aefb-f2aeb081d97a\', \'02b1de7c-da3f-431d-a4dd-8920fe550f65\', \'1991d9e7-845c-4fcc-a47c-893cd938f6b3\', \'6fae8e0d-edcc-4f60-b4c5-e4466d4c3dd0\', \'6d3d13b9-78e9-449e-9ef3-bc98f27b83b6\', \'5be94e68-7af3-412f-bb82-3b4847fbb64d\', \'249b38ba-26ab-4740-9c40-f8263c461aa4\', \'840f7b46-dff6-4db3-878c-f97e0d760f2e\', \'b1d1449e-4c84-4f08-afda-7ffb7d72d339\', \'d267579b-59dd-48e0-ac58-d0d5056c12ff\', \'e3f04a52-e058-4d14-b5c3-5e2788674e5b\', \'4443ffd9-f2d5-414a-a062-613a36760ca6\', \'1547e838-94ca-4e35-b67e-32e0fbe614f4\', \'07e46f68-81a0-4b52-b024-c902b684f0aa\', \'a7541202-a44d-455e-821c-b1b600f2a20f\'], \'solveMode\': \'optimization\', \'engine\': \'auto\', \'preferences\': {\'heuristics\': [{\'key\': \'module\', \'weight\': 0.75}, {\'key\': \'activity\', \'weight\': 0.99}, {\'key\': \'location\', \'weight\': 0.71}]}}')",1
POST,//api/solver/jobs,"CatchResponseError('solver rejected [400]: {""code"":""VALIDATION_INVALID_REQUEST"",""message"":""Timetable solve job did not match the shared queue contract"",""requestId"":""req_83d93f44-5d9f-421c-9936-34bd88c12534""} | payload={\'eventIds\': [\'a1d252bf-e6a0-4649-8727-0a41f1130798\', \'a5a9ace4-85b2-4e89-bd65-1c3e5139d85b\', \'ca68d1f8-f32c-4cfa-b9fe-082660bb9cfd\', \'d07ca877-3fc7-4aa9-822e-3e0b6aab46d1\', \'31446d15-b9b4-41f9-bae5-e61c320b0ce0\', \'33d691ed-5d2a-4f5d-9fbc-5ea24945cc80\', \'352134bc-1fb1-4f98-be9d-256432407433\', \'3b0738bb-ef36-4a2d-8124-ca9559ba9ab9\', \'4b90da7f-cce5-49e3-89f7-27eb7cdb93da\', \'79190c4f-0830-47ce-9568-10bf59df1b42\', \'a5bafa66-df07-40ef-874f-63643912ff87\', \'c08d5e52-caf2-43a5-801f-e0ba492bd20d\', \'f0495db1-ca46-4a05-9300-3c25d759b53b\', \'6081c7c3-a162-49b2-a779-727743ab7d3e\', \'51340646-7a4f-4161-8580-e4cc276999c0\', \'8aa7cd22-dcc2-4acb-8f45-ef2e6da91bf1\', \'983fcc0f-adda-4ae8-81bf-d8396530e500\', \'ac458f36-82e8-48eb-850f-0ae94e308286\', \'deadf4f3-49f3-4840-a364-ca90ecc1bce4\', \'2e39f678-ccff-4c32-88fa-83387e4dd351\', \'a914ceef-65d1-4308-9ead-7f1300c1c5ff\', \'1e831fb6-fb15-402a-8187-6b5dfbeaab58\', \'e4b4b9fb-999a-45f1-ba23-eec28af7c77f\', \'f02661ea-2958-427a-9cd2-4154231c9893\', \'300b5c2f-6596-4d6d-be99-d140157c2654\', \'40bd1a50-5390-4b20-8cf6-1e02b79545ff\', \'976c970d-8c89-4791-bfc4-5f4a1bb44cb3\', \'e99434d8-1b03-41c8-ba46-a9a7f0503e5b\', \'788783ca-cce0-4de6-8b09-cdcdc67f34ce\', \'559e71bf-d06e-4c25-99f8-6839141770b0\', \'d08fff6c-3191-4154-8eaf-11ade36a73ae\', \'85bb1447-588f-4a58-a958-546cda04189b\', \'0a075d7b-86f4-46a4-8594-83a5e7f8da1b\', \'99c37632-d20e-4a76-9900-a3f9edbd3fa5\', \'470961b5-053f-4967-852e-81aa9c094f21\', \'9b619fc3-4e31-47cd-a725-72a34706a72c\', \'ced24732-c69f-4afc-aad9-f8cc3ba127ac\', \'e08afc8b-0210-4801-aefb-f2aeb081d97a\', \'02b1de7c-da3f-431d-a4dd-8920fe550f65\', \'1991d9e7-845c-4fcc-a47c-893cd938f6b3\', \'6fae8e0d-edcc-4f60-b4c5-e4466d4c3dd0\', \'6d3d13b9-78e9-449e-9ef3-bc98f27b83b6\', \'5be94e68-7af3-412f-bb82-3b4847fbb64d\', \'249b38ba-26ab-4740-9c40-f8263c461aa4\', \'840f7b46-dff6-4db3-878c-f97e0d760f2e\', \'b1d1449e-4c84-4f08-afda-7ffb7d72d339\', \'d267579b-59dd-48e0-ac58-d0d5056c12ff\', \'e3f04a52-e058-4d14-b5c3-5e2788674e5b\', \'4443ffd9-f2d5-414a-a062-613a36760ca6\', \'1547e838-94ca-4e35-b67e-32e0fbe614f4\', \'07e46f68-81a0-4b52-b024-c902b684f0aa\', \'a7541202-a44d-455e-821c-b1b600f2a20f\'], \'solveMode\': \'optimization\', \'engine\': \'auto\', \'preferences\': {\'heuristics\': [{\'key\': \'module\', \'weight\': 0.63}, {\'key\': \'activity\', \'weight\': 0.76}, {\'key\': \'location\', \'weight\': 0.87}]}}')",1
POST,//api/solver/jobs,"CatchResponseError('solver rejected [400]: {""code"":""VALIDATION_INVALID_REQUEST"",""message"":""Timetable solve job did not match the shared queue contract"",""requestId"":""req_030aa41a-1cae-4a1d-9c90-192b53139cdd""} | payload={\'eventIds\': [\'6b7f1d7f-4fb7-4800-b970-bfd76b5205f0\', \'a0f62194-988b-4034-b79b-b74b2af83840\', \'308f01eb-937c-4db3-9aba-cefff6824ba2\'], \'solveMode\': \'optimization\', \'engine\': \'cp-sat\', \'preferences\': {\'heuristics\': [{\'key\': \'module\', \'weight\': 0.47}, {\'key\': \'activity\', \'weight\': 0.99}, {\'key\': \'location\', \'weight\': 0.17}]}}')",1
POST,//api/solver/jobs,"CatchResponseError('solver rejected [400]: {""code"":""VALIDATION_INVALID_REQUEST"",""message"":""Timetable solve job did not match the shared queue contract"",""requestId"":""req_ceba879f-7799-4488-9b10-989b1b36fe76""} | payload={\'eventIds\': [\'a1d252bf-e6a0-4649-8727-0a41f1130798\', \'a5a9ace4-85b2-4e89-bd65-1c3e5139d85b\', \'ca68d1f8-f32c-4cfa-b9fe-082660bb9cfd\', \'d07ca877-3fc7-4aa9-822e-3e0b6aab46d1\', \'31446d15-b9b4-41f9-bae5-e61c320b0ce0\', \'33d691ed-5d2a-4f5d-9fbc-5ea24945cc80\', \'352134bc-1fb1-4f98-be9d-256432407433\', \'3b0738bb-ef36-4a2d-8124-ca9559ba9ab9\', \'4b90da7f-cce5-49e3-89f7-27eb7cdb93da\', \'79190c4f-0830-47ce-9568-10bf59df1b42\', \'a5bafa66-df07-40ef-874f-63643912ff87\', \'c08d5e52-caf2-43a5-801f-e0ba492bd20d\', \'f0495db1-ca46-4a05-9300-3c25d759b53b\', \'6081c7c3-a162-49b2-a779-727743ab7d3e\', \'51340646-7a4f-4161-8580-e4cc276999c0\', \'8aa7cd22-dcc2-4acb-8f45-ef2e6da91bf1\', \'983fcc0f-adda-4ae8-81bf-d8396530e500\', \'ac458f36-82e8-48eb-850f-0ae94e308286\', \'deadf4f3-49f3-4840-a364-ca90ecc1bce4\', \'2e39f678-ccff-4c32-88fa-83387e4dd351\', \'a914ceef-65d1-4308-9ead-7f1300c1c5ff\', \'1e831fb6-fb15-402a-8187-6b5dfbeaab58\', \'e4b4b9fb-999a-45f1-ba23-eec28af7c77f\', \'f02661ea-2958-427a-9cd2-4154231c9893\', \'300b5c2f-6596-4d6d-be99-d140157c2654\', \'40bd1a50-5390-4b20-8cf6-1e02b79545ff\', \'976c970d-8c89-4791-bfc4-5f4a1bb44cb3\', \'e99434d8-1b03-41c8-ba46-a9a7f0503e5b\', \'788783ca-cce0-4de6-8b09-cdcdc67f34ce\', \'559e71bf-d06e-4c25-99f8-6839141770b0\', \'d08fff6c-3191-4154-8eaf-11ade36a73ae\', \'85bb1447-588f-4a58-a958-546cda04189b\', \'0a075d7b-86f4-46a4-8594-83a5e7f8da1b\', \'99c37632-d20e-4a76-9900-a3f9edbd3fa5\', \'470961b5-053f-4967-852e-81aa9c094f21\', \'9b619fc3-4e31-47cd-a725-72a34706a72c\', \'ced24732-c69f-4afc-aad9-f8cc3ba127ac\', \'e08afc8b-0210-4801-aefb-f2aeb081d97a\', \'02b1de7c-da3f-431d-a4dd-8920fe550f65\', \'1991d9e7-845c-4fcc-a47c-893cd938f6b3\', \'6fae8e0d-edcc-4f60-b4c5-e4466d4c3dd0\', \'6d3d13b9-78e9-449e-9ef3-bc98f27b83b6\', \'5be94e68-7af3-412f-bb82-3b4847fbb64d\', \'249b38ba-26ab-4740-9c40-f8263c461aa4\', \'840f7b46-dff6-4db3-878c-f97e0d760f2e\', \'b1d1449e-4c84-4f08-afda-7ffb7d72d339\', \'d267579b-59dd-48e0-ac58-d0d5056c12ff\', \'e3f04a52-e058-4d14-b5c3-5e2788674e5b\', \'4443ffd9-f2d5-414a-a062-613a36760ca6\', \'1547e838-94ca-4e35-b67e-32e0fbe614f4\', \'07e46f68-81a0-4b52-b024-c902b684f0aa\', \'a7541202-a44d-455e-821c-b1b600f2a20f\'], \'solveMode\': \'optimization\', \'engine\': \'ga\', \'preferences\': {\'heuristics\': [{\'key\': \'module\', \'weight\': 0.5}, {\'key\': \'activity\', \'weight\': 0.86}, {\'key\': \'location\', \'weight\': 0.48}]}}')",1
POST,//api/solver/jobs,"CatchResponseError('solver rejected [400]: {""code"":""VALIDATION_INVALID_REQUEST"",""message"":""Timetable solve job did not match the shared queue contract"",""requestId"":""req_8dd1cdbd-60e3-4fac-8fb7-782bcc2e4b8e""} | payload={\'eventIds\': [\'d0a1a0c0-f45e-4a7c-b42e-b61ab4982ad3\', \'6ebea822-b1db-4bad-8904-27e5486b3485\', \'a5e4874f-3e5a-4a47-842a-bc5544ed5266\'], \'solveMode\': \'optimization\', \'engine\': \'auto\', \'preferences\': {\'heuristics\': [{\'key\': \'module\', \'weight\': 0.7}, {\'key\': \'activity\', \'weight\': 0.37}, {\'key\': \'location\', \'weight\': 0.42}]}}')",1
POST,//api/solver/jobs,"CatchResponseError('solver rejected [400]: {""code"":""VALIDATION_INVALID_REQUEST"",""message"":""Timetable solve job did not match the shared queue contract"",""requestId"":""req_3fbdc22c-c03c-4874-b5f0-e7755925cb83""} | payload={\'eventIds\': [\'f039ee74-e2cf-4457-9dd2-784fc894d9ca\', \'5e8c662c-feb8-43a8-b2ad-9c59e82c44a7\', \'2cfae1a0-66f5-4553-850e-735db2f9393e\'], \'solveMode\': \'optimization\', \'engine\': \'auto\', \'preferences\': {\'heuristics\': [{\'key\': \'module\', \'weight\': 0.43}, {\'key\': \'activity\', \'weight\': 0.32}, {\'key\': \'location\', \'weight\': 0.62}]}}')",1
POST,//api/solver/jobs,"CatchResponseError('solver rejected [400]: {""code"":""VALIDATION_INVALID_REQUEST"",""message"":""Timetable solve job did not match the shared queue contract"",""requestId"":""req_1038496c-0f7d-403a-a6f6-542e8a28b116""} | payload={\'eventIds\': [\'6ea5ac6b-eab6-4943-8d1b-e549685f154b\', \'9d8c5e52-5f09-4705-96f1-6b9dc8d36115\', \'72257f59-cb1b-4cf7-8495-3e039a789528\'], \'solveMode\': \'optimization\', \'engine\': \'auto\', \'preferences\': {\'heuristics\': [{\'key\': \'module\', \'weight\': 0.74}, {\'key\': \'activity\', \'weight\': 0.71}, {\'key\': \'location\', \'weight\': 0.67}]}}')",1
POST,//api/solver/jobs,"CatchResponseError('solver rejected [400]: {""code"":""VALIDATION_INVALID_REQUEST"",""message"":""Timetable solve job did not match the shared queue contract"",""requestId"":""req_c98b603b-2d14-4249-9c50-f00b134bbb1e""} | payload={\'eventIds\': [\'ccbe3f56-9e82-4f6f-9c1f-b954a76ec04d\', \'9b619fc3-4e31-47cd-a725-72a34706a72c\', \'9f9686ae-a016-4fda-ba9d-0d092406acca\', \'88ed2f4e-f085-4059-a8b7-bc2cbe5afae6\', \'f5809be4-520d-40ef-8529-b7a1b2511655\', \'67c0e85a-124f-417e-8cef-f082dfa50619\', \'3b7cc97f-6859-4b72-91d7-02b2f722a860\', \'9f607197-fdc2-4783-8673-c7e52992abed\', \'8e66fcb6-4889-47b8-8a7d-31749761a0af\', \'cbbf88e7-ad1f-4769-a6b2-3332e08bb2f7\', \'f02661ea-2958-427a-9cd2-4154231c9893\', \'300b5c2f-6596-4d6d-be99-d140157c2654\', \'40bd1a50-5390-4b20-8cf6-1e02b79545ff\', \'976c970d-8c89-4791-bfc4-5f4a1bb44cb3\', \'e99434d8-1b03-41c8-ba46-a9a7f0503e5b\', \'788783ca-cce0-4de6-8b09-cdcdc67f34ce\', \'559e71bf-d06e-4c25-99f8-6839141770b0\', \'d08fff6c-3191-4154-8eaf-11ade36a73ae\', \'19dda116-19a6-40ca-aad8-199737367b3f\', \'9d689e56-468d-4d84-a621-5ff7f1f0cac6\', \'bd4d59c2-89d5-4ace-afd8-17881aa537df\', \'c65243e0-6e07-4c37-841d-9db98a1132f9\', \'4a278e9c-8e5c-4642-8fcc-421825c2f4b5\', \'d1d79e0c-72bd-44e2-9e17-8f454ab8dc10\', \'60947e8a-f009-4f67-8d56-d24a06838f7f\', \'e8d5dcb5-c193-426c-b02e-953dacc76e05\', \'249b38ba-26ab-4740-9c40-f8263c461aa4\', \'840f7b46-dff6-4db3-878c-f97e0d760f2e\', \'b1d1449e-4c84-4f08-afda-7ffb7d72d339\', \'d267579b-59dd-48e0-ac58-d0d5056c12ff\', \'e3f04a52-e058-4d14-b5c3-5e2788674e5b\', \'4443ffd9-f2d5-414a-a062-613a36760ca6\', \'1547e838-94ca-4e35-b67e-32e0fbe614f4\', \'07e46f68-81a0-4b52-b024-c902b684f0aa\', \'a7541202-a44d-455e-821c-b1b600f2a20f\', \'54237936-a61f-4520-a66b-4e499750b08a\', \'87bc4bf6-fe33-46dc-81d3-bf787b1805c9\', \'5020211f-4802-4d53-95d3-9589242a015b\', \'66d1d3da-e3e8-4f07-b8a9-cfb501eadff8\', \'10a3d015-8c1a-4db4-becb-44e600df9090\', \'7b0018ba-e740-4657-a78a-c83db6d86b49\', \'1bdf005f-3f17-4ab4-8e34-948a4514bc25\', \'7a08bd71-1cbd-4307-92dd-22399f10f37c\', \'2cd74d05-1416-4528-9a32-529d6a0bfbc9\', \'9ab96ebc-2bcc-4629-b5d4-dd2b31193c00\', \'6081c7c3-a162-49b2-a779-727743ab7d3e\', \'51340646-7a4f-4161-8580-e4cc276999c0\', \'8aa7cd22-dcc2-4acb-8f45-ef2e6da91bf1\', \'983fcc0f-adda-4ae8-81bf-d8396530e500\', \'ac458f36-82e8-48eb-850f-0ae94e308286\', \'deadf4f3-49f3-4840-a364-ca90ecc1bce4\', \'2e39f678-ccff-4c32-88fa-83387e4dd351\', \'a914ceef-65d1-4308-9ead-7f1300c1c5ff\', \'1e831fb6-fb15-402a-8187-6b5dfbeaab58\', \'e4b4b9fb-999a-45f1-ba23-eec28af7c77f\', \'d6da28c8-067b-4ebe-b394-f5af496b7091\', \'e7f7a319-158a-4268-af6d-d0b1e159b87b\', \'fb87c18b-5b92-40e5-ba0d-092d481b258d\', \'5ed4f2a2-98b6-4dad-b204-28e0d9e355f5\', \'901ea495-239d-44b2-ba4c-5f88194f03d7\', \'e88fc595-9c93-4582-b8ed-45f87cf88abe\', \'0159fe91-e29a-4cfc-9181-27292c2166a7\', \'31eb3b5a-20c7-43b0-a5a7-2df4256612f0\', \'d22b879b-4b10-461f-a29b-0a8153ecd8c6\', \'f6e51efb-ac7b-42b3-a489-5eb8d7918a46\', \'c9e98016-8a48-4c4a-b0e5-da5a21d52838\', \'b36f1f78-92ac-4c55-ad7c-2598151c7c3f\', \'c2a74370-e5c6-4c11-8f94-5dd2816eb54a\', \'e03c9f9e-0598-4e64-91a4-a011a0871698\', \'c83f7370-ada9-4aec-a01f-5e02c97fecf3\', \'cf756235-1b22-4e1e-99c8-b0fa1bb2196a\', \'7deb3895-a69d-493a-ab4a-6138e030f470\', \'fa7e64a3-c83d-432d-b152-aa301e1ec496\', \'bfe670df-ade8-4a76-bbdb-723b10d4517c\', \'25f51c00-ead3-4b76-b864-61b8c6008432\', \'76e372da-4e59-46b6-84b1-02ff342b1f72\', \'49e44c2b-dc3c-4979-a127-cbb66b9e6c69\', \'cae41515-c9c0-435f-a372-5b703cc3ce6e\', \'9a56c7a2-9ccb-40c5-a640-991b95b276f1\', \'b3b48564-7f79-40fa-a9e1-e2ea2c0a0677\', \'b70f1eab-7879-4a66-aff5-ea2fd53632d1\', \'63a1af07-3a45-4464-bd81-39b145b896ad\', \'0a0c886c-add6-47b7-85ce-4652c69bb7be\', \'818e383f-6701-4483-9eff-11e7df2c5525\', \'7f0321a9-0bef-4ec4-b615-b698c4a2d2f5\', \'335b84fc-a43a-46b5-a5d7-ed31e8daef44\', \'b0f0a888-7f58-43ee-8ce0-8c11016eb738\', \'cf7f2ae4-23ec-4d26-8e85-4b6fba1edaf2\', \'d08a440a-2c31-43dc-8e54-2f606cda40de\', \'f7f3c16f-f536-45be-9ca1-651ed92e00d0\', \'76aa6a78-ac2f-4127-9b83-7ab04c2e963d\', \'5fae6fbe-1502-4a98-8560-e760ad3cf38a\', \'24549108-150a-4606-88da-e4c57888a8db\', \'f554a7e4-4bf7-465f-83a1-218fff3e04bd\', \'019b58e1-f4e0-494b-8eeb-370211adedf8\', \'2a4e1458-defa-4af6-9cd7-d9ab273ece83\', \'30c45657-ae7f-45fa-aee0-ccf0869ec1df\', \'f83cbe7f-0883-4fdb-a9f0-c96ec43aad70\', \'b3d3e822-ee42-4419-bf4e-dd74570bd57c\', \'22bdec50-0809-493e-bbd8-f49de8caec6a\', \'71c63e78-4f72-485a-a934-1de5de14b0bc\', \'17924a42-d55f-4e34-aedb-b912aa9fb21e\', \'b3e41e42-03b3-40a3-a84d-7ff287a65a0d\', \'eee1cfd7-dc02-44f2-902f-8b8e799c991a\', \'96ed2fd8-e8a8-40c5-b32e-ddef30e5a488\', \'4411fb48-f115-4500-b4ee-a868177f670d\', \'10ba7f98-4cb7-405c-b38c-88f94a320734\', \'1e449b2d-7c0f-4496-bc78-0b0c27f6f347\', \'cc1390b0-0a75-49b9-bd53-f576bcfb03b1\', \'daca207a-eb81-4ccf-aa8e-67090c1bf42f\', \'ae6bfa63-a64a-4cb8-a1b0-f3b24fe1418d\', \'17324aeb-c08b-4b78-a2ed-bc7f0c133c8d\', \'a1d0f3c7-2ac7-4a94-ae0a-23f09eb3d660\', \'47d00df9-3a6d-4656-bc35-68ccc2b03019\', \'72ee6af8-1ca0-44c7-be74-d53e2c632194\', \'ee8a36bf-9eb0-4612-9219-4e72294a3887\', \'ea7c77d5-38f6-4ebc-a8b4-98b2685e02b3\', \'74575cd5-fce6-49d6-bb75-99abc785cb71\', \'a607b56a-3575-40ed-b7b6-6c53a31d1223\'], \'solveMode\': \'optimization\', \'engine\': \'ga\', \'preferences\': {\'heuristics\': [{\'key\': \'module\', \'weight\': 0.88}, {\'key\': \'activity\', \'weight\': 0.9}, {\'key\': \'location\', \'weight\': 0.46}]}}')",1
POST,//api/solver/jobs,"CatchResponseError('solver rejected [400]: {""code"":""VALIDATION_INVALID_REQUEST"",""message"":""Timetable solve job did not match the shared queue contract"",""requestId"":""req_f702ff1f-0f90-44df-a492-a0df5eda4f37""} | payload={\'eventIds\': [\'6ea5ac6b-eab6-4943-8d1b-e549685f154b\'], \'solveMode\': \'optimization\', \'engine\': \'auto\', \'preferences\': {\'heuristics\': [{\'key\': \'module\', \'weight\': 0.62}, {\'key\': \'activity\', \'weight\': 0.16}, {\'key\': \'location\', \'weight\': 0.79}]}}')",1
POST,//api/solver/jobs,"CatchResponseError('solver rejected [400]: {""code"":""VALIDATION_INVALID_REQUEST"",""message"":""Timetable solve job did not match the shared queue contract"",""requestId"":""req_fe15c50f-bbf8-4f15-aae8-acf1cda23966""} | payload={\'eventIds\': [\'a1d252bf-e6a0-4649-8727-0a41f1130798\', \'a5a9ace4-85b2-4e89-bd65-1c3e5139d85b\', \'ca68d1f8-f32c-4cfa-b9fe-082660bb9cfd\', \'d07ca877-3fc7-4aa9-822e-3e0b6aab46d1\', \'31446d15-b9b4-41f9-bae5-e61c320b0ce0\', \'33d691ed-5d2a-4f5d-9fbc-5ea24945cc80\', \'352134bc-1fb1-4f98-be9d-256432407433\', \'3b0738bb-ef36-4a2d-8124-ca9559ba9ab9\', \'4b90da7f-cce5-49e3-89f7-27eb7cdb93da\', \'79190c4f-0830-47ce-9568-10bf59df1b42\', \'a5bafa66-df07-40ef-874f-63643912ff87\', \'c08d5e52-caf2-43a5-801f-e0ba492bd20d\', \'f0495db1-ca46-4a05-9300-3c25d759b53b\', \'6081c7c3-a162-49b2-a779-727743ab7d3e\', \'51340646-7a4f-4161-8580-e4cc276999c0\', \'8aa7cd22-dcc2-4acb-8f45-ef2e6da91bf1\', \'983fcc0f-adda-4ae8-81bf-d8396530e500\', \'ac458f36-82e8-48eb-850f-0ae94e308286\', \'deadf4f3-49f3-4840-a364-ca90ecc1bce4\', \'2e39f678-ccff-4c32-88fa-83387e4dd351\', \'a914ceef-65d1-4308-9ead-7f1300c1c5ff\', \'1e831fb6-fb15-402a-8187-6b5dfbeaab58\', \'e4b4b9fb-999a-45f1-ba23-eec28af7c77f\', \'f02661ea-2958-427a-9cd2-4154231c9893\', \'300b5c2f-6596-4d6d-be99-d140157c2654\', \'40bd1a50-5390-4b20-8cf6-1e02b79545ff\', \'976c970d-8c89-4791-bfc4-5f4a1bb44cb3\', \'e99434d8-1b03-41c8-ba46-a9a7f0503e5b\', \'788783ca-cce0-4de6-8b09-cdcdc67f34ce\', \'559e71bf-d06e-4c25-99f8-6839141770b0\', \'d08fff6c-3191-4154-8eaf-11ade36a73ae\', \'85bb1447-588f-4a58-a958-546cda04189b\', \'0a075d7b-86f4-46a4-8594-83a5e7f8da1b\', \'99c37632-d20e-4a76-9900-a3f9edbd3fa5\', \'470961b5-053f-4967-852e-81aa9c094f21\', \'9b619fc3-4e31-47cd-a725-72a34706a72c\', \'ced24732-c69f-4afc-aad9-f8cc3ba127ac\', \'e08afc8b-0210-4801-aefb-f2aeb081d97a\', \'02b1de7c-da3f-431d-a4dd-8920fe550f65\', \'1991d9e7-845c-4fcc-a47c-893cd938f6b3\', \'6fae8e0d-edcc-4f60-b4c5-e4466d4c3dd0\', \'6d3d13b9-78e9-449e-9ef3-bc98f27b83b6\', \'5be94e68-7af3-412f-bb82-3b4847fbb64d\', \'249b38ba-26ab-4740-9c40-f8263c461aa4\', \'840f7b46-dff6-4db3-878c-f97e0d760f2e\', \'b1d1449e-4c84-4f08-afda-7ffb7d72d339\', \'d267579b-59dd-48e0-ac58-d0d5056c12ff\', \'e3f04a52-e058-4d14-b5c3-5e2788674e5b\', \'4443ffd9-f2d5-414a-a062-613a36760ca6\', \'1547e838-94ca-4e35-b67e-32e0fbe614f4\', \'07e46f68-81a0-4b52-b024-c902b684f0aa\', \'a7541202-a44d-455e-821c-b1b600f2a20f\'], \'solveMode\': \'optimization\', \'engine\': \'auto\', \'preferences\': {\'heuristics\': [{\'key\': \'module\', \'weight\': 0.86}, {\'key\': \'activity\', \'weight\': 0.58}, {\'key\': \'location\', \'weight\': 0.42}]}}')",1
POST,//api/solver/jobs,"CatchResponseError('solver rejected [400]: {""code"":""VALIDATION_INVALID_REQUEST"",""message"":""Timetable solve job did not match the shared queue contract"",""requestId"":""req_4a82050c-4c4d-4c08-bf59-3312623e19df""} | payload={\'eventIds\': [\'10ba7f98-4cb7-405c-b38c-88f94a320734\', \'1e449b2d-7c0f-4496-bc78-0b0c27f6f347\', \'cc1390b0-0a75-49b9-bd53-f576bcfb03b1\', \'daca207a-eb81-4ccf-aa8e-67090c1bf42f\', \'ae6bfa63-a64a-4cb8-a1b0-f3b24fe1418d\', \'17324aeb-c08b-4b78-a2ed-bc7f0c133c8d\', \'a1d0f3c7-2ac7-4a94-ae0a-23f09eb3d660\', \'47d00df9-3a6d-4656-bc35-68ccc2b03019\', \'72ee6af8-1ca0-44c7-be74-d53e2c632194\', \'ee8a36bf-9eb0-4612-9219-4e72294a3887\', \'ea7c77d5-38f6-4ebc-a8b4-98b2685e02b3\', \'74575cd5-fce6-49d6-bb75-99abc785cb71\', \'a607b56a-3575-40ed-b7b6-6c53a31d1223\', \'0712edef-8c94-484c-8fb1-dce9ff2e56f9\', \'9533c55d-419b-42f9-a14a-30c211f08c0c\', \'3b11527d-eb97-4864-b5ae-7ad5597e68c0\', \'a40ca57c-51c4-439a-acb3-2c3801f49f49\', \'7cf81958-a076-45a5-badb-a22ae735cefc\', \'a6fcf642-ac13-416d-995f-541394335527\', \'ec418344-e818-4552-b119-dff445653ca5\', \'942e03ca-52a9-48fb-b6d5-e74eff5333ae\', \'c24de7c5-abf9-4d26-9a4b-2cc5c7474df8\', \'1fb41358-c741-4f60-b203-801717ee95bd\', \'8d7cc4c4-2107-419f-988d-4af5983d44ac\', \'78ff8d34-2f1a-42ad-89b2-6a6844e428b5\', \'b07ace43-3243-4bc1-ba06-ffa38889f50d\', \'ae7384a3-1628-49d7-a200-4e0711766428\', \'c8986a08-b5f6-4276-a363-87f5aff064ca\', \'73034db1-076a-452d-b922-bede10300a1e\', \'92b8737f-fc5c-4c79-b6f0-e076d1430c73\', \'9e4bd624-2ea3-4568-a96e-cfd2ceb4bb06\', \'3861ccbc-5117-4fa6-9c5d-9eb0ab5a7ad0\', \'3d80f5ba-5264-45a7-9a82-30d1e287ab01\', \'611b8c52-28b2-4bde-bdf9-cec64de9415f\', \'0e64bb41-e331-43c8-84a4-55d4858657c8\', \'4d97629c-178f-4fcf-9e86-fd80955ac114\', \'15736d60-c1ad-49a5-8cba-98f69993ec69\', \'8cc87d22-add5-4030-9199-a8b172c84654\', \'f039ee74-e2cf-4457-9dd2-784fc894d9ca\', \'1c96d480-3194-4beb-a712-5b1b3ea3872c\', \'dc225a7e-fa31-410f-acc6-5fe1a2938f41\', \'8258e6bf-7651-4ffc-9fc7-383b247a1df7\', \'0ad6d966-df22-4248-b38d-dfa81fab38ad\', \'06a1bdfa-da14-46ac-b95e-6ce6ad71a8f2\', \'d43a9214-8430-4481-94ae-01e111fbf07e\', \'bd104564-f941-4da0-b192-77d95ed77165\', \'176c13c5-6ce9-463a-ac82-4f86aacc7f42\', \'c84a93b0-2439-4b2d-8bcb-0d7257383119\', \'d0a1a0c0-f45e-4a7c-b42e-b61ab4982ad3\', \'82f029e8-d3e6-457f-bcc6-379f1d126c21\', \'c18bc88b-d738-413c-bead-776d2bf2c3a3\', \'1fcea0bc-2d2c-43a0-aa42-63d1cc3ea375\', \'7400e93b-e2bd-4c15-aed9-7ab6d9eb0d2d\', \'d61ac6df-864c-4b66-aabc-09ece9fdf1f2\', \'a76ae4fa-aa16-4f0c-94bf-4f3324291723\', \'1f55914b-53f9-42d6-a232-b954e5610e6c\', \'72257f59-cb1b-4cf7-8495-3e039a789528\', \'9d8c5e52-5f09-4705-96f1-6b9dc8d36115\'], \'solveMode\': \'optimization\', \'engine\': \'auto\', \'preferences\': {\'heuristics\': [{\'key\': \'module\', \'weight\': 0.63}, {\'key\': \'activity\', \'weight\': 0.87}, {\'key\': \'location\', \'weight\': 0.65}]}}')",1
POST,//api/solver/jobs,"CatchResponseError('solver rejected [400]: {""code"":""VALIDATION_INVALID_REQUEST"",""message"":""Timetable solve job did not match the shared queue contract"",""requestId"":""req_e4582b3f-901a-4d6b-9292-91648343f1e7""} | payload={\'eventIds\': [\'934c3695-1c4d-429c-972c-79352d035b99\', \'6ebea822-b1db-4bad-8904-27e5486b3485\', \'4a54d9d5-90ac-48e0-9fd0-5a57770aae5b\', \'6b7f1d7f-4fb7-4800-b970-bfd76b5205f0\', \'a0f62194-988b-4034-b79b-b74b2af83840\', \'273e613a-cfcb-4eb8-8a0e-8b7365d33b7a\', \'43099e45-28fd-4042-b387-4b24f656f79f\', \'e82fa4b1-7685-4362-8596-105deff18ff2\', \'719ec13f-e941-465b-84a7-9e43d5196e2d\', \'edcc5600-e2b2-4db6-91ab-aacc38ce960f\', \'308f01eb-937c-4db3-9aba-cefff6824ba2\', \'cf96204b-d499-46f2-b751-2607933681ab\', \'cc744c99-bb54-494e-8115-c1d359d3b0c6\', \'a5e4874f-3e5a-4a47-842a-bc5544ed5266\', \'3faf1c75-173e-4cf4-9917-560f82092e14\', \'bcef6e3c-66c6-4ae1-8d95-92578f305d3a\', \'da71a8b4-b41c-4fc7-bcb3-a49b23b6b4b8\', \'0aeedb16-ed52-4e42-a4ad-a963e7a7bfdf\', \'79dba90b-c348-43ef-8101-1f2906124124\', \'af83cde9-21fa-4cf3-8a49-e76d6b4872b7\', \'7ec42d3d-a7de-4eb2-8911-a6d07554bbf3\', \'5c10c80d-3885-44ed-ad76-34635efe6cd9\', \'a10d1ad6-e127-4203-9f9f-3e659500c4ee\', \'d3fdf1bc-4bee-4d0c-9f24-5a05ac0d42ba\', \'27ab7d58-f55e-4f01-9b46-390c6cb723a1\', \'4dc64461-526b-463b-bb5b-d97db5dcba52\', \'83067dea-6485-485d-aaac-f51a6db78696\', \'3861ccbc-5117-4fa6-9c5d-9eb0ab5a7ad0\', \'3d80f5ba-5264-45a7-9a82-30d1e287ab01\', \'611b8c52-28b2-4bde-bdf9-cec64de9415f\', \'0e64bb41-e331-43c8-84a4-55d4858657c8\', \'4d97629c-178f-4fcf-9e86-fd80955ac114\', \'15736d60-c1ad-49a5-8cba-98f69993ec69\', \'8cc87d22-add5-4030-9199-a8b172c84654\', \'f039ee74-e2cf-4457-9dd2-784fc894d9ca\', \'1c96d480-3194-4beb-a712-5b1b3ea3872c\', \'dc225a7e-fa31-410f-acc6-5fe1a2938f41\', \'8258e6bf-7651-4ffc-9fc7-383b247a1df7\', \'0ad6d966-df22-4248-b38d-dfa81fab38ad\', \'06a1bdfa-da14-46ac-b95e-6ce6ad71a8f2\', \'d43a9214-8430-4481-94ae-01e111fbf07e\', \'bd104564-f941-4da0-b192-77d95ed77165\', \'176c13c5-6ce9-463a-ac82-4f86aacc7f42\', \'c84a93b0-2439-4b2d-8bcb-0d7257383119\', \'d0a1a0c0-f45e-4a7c-b42e-b61ab4982ad3\', \'b905b55c-9542-4c4d-bd6a-879bd00dddb7\'], \'solveMode\': \'optimization\', \'engine\': \'cp-sat\', \'preferences\': {\'heuristics\': [{\'key\': \'module\', \'weight\': 0.36}, {\'key\': \'activity\', \'weight\': 0.84}, {\'key\': \'location\', \'weight\': 0.93}]}}')",1
POST,//api/solver/jobs,"CatchResponseError('solver rejected [400]: {""code"":""VALIDATION_INVALID_REQUEST"",""message"":""Timetable solve job did not match the shared queue contract"",""requestId"":""req_692700e5-d177-4b35-919e-a0129ed8a0dd""} | payload={\'eventIds\': [\'ccbe3f56-9e82-4f6f-9c1f-b954a76ec04d\', \'9b619fc3-4e31-47cd-a725-72a34706a72c\', \'9f9686ae-a016-4fda-ba9d-0d092406acca\', \'88ed2f4e-f085-4059-a8b7-bc2cbe5afae6\', \'f5809be4-520d-40ef-8529-b7a1b2511655\', \'67c0e85a-124f-417e-8cef-f082dfa50619\', \'3b7cc97f-6859-4b72-91d7-02b2f722a860\', \'9f607197-fdc2-4783-8673-c7e52992abed\', \'8e66fcb6-4889-47b8-8a7d-31749761a0af\', \'cbbf88e7-ad1f-4769-a6b2-3332e08bb2f7\', \'f02661ea-2958-427a-9cd2-4154231c9893\', \'300b5c2f-6596-4d6d-be99-d140157c2654\', \'40bd1a50-5390-4b20-8cf6-1e02b79545ff\', \'976c970d-8c89-4791-bfc4-5f4a1bb44cb3\', \'e99434d8-1b03-41c8-ba46-a9a7f0503e5b\', \'788783ca-cce0-4de6-8b09-cdcdc67f34ce\', \'559e71bf-d06e-4c25-99f8-6839141770b0\', \'d08fff6c-3191-4154-8eaf-11ade36a73ae\', \'19dda116-19a6-40ca-aad8-199737367b3f\', \'9d689e56-468d-4d84-a621-5ff7f1f0cac6\', \'bd4d59c2-89d5-4ace-afd8-17881aa537df\', \'c65243e0-6e07-4c37-841d-9db98a1132f9\', \'4a278e9c-8e5c-4642-8fcc-421825c2f4b5\', \'d1d79e0c-72bd-44e2-9e17-8f454ab8dc10\', \'60947e8a-f009-4f67-8d56-d24a06838f7f\', \'e8d5dcb5-c193-426c-b02e-953dacc76e05\', \'249b38ba-26ab-4740-9c40-f8263c461aa4\', \'840f7b46-dff6-4db3-878c-f97e0d760f2e\', \'b1d1449e-4c84-4f08-afda-7ffb7d72d339\', \'d267579b-59dd-48e0-ac58-d0d5056c12ff\', \'e3f04a52-e058-4d14-b5c3-5e2788674e5b\', \'4443ffd9-f2d5-414a-a062-613a36760ca6\', \'1547e838-94ca-4e35-b67e-32e0fbe614f4\', \'07e46f68-81a0-4b52-b024-c902b684f0aa\', \'a7541202-a44d-455e-821c-b1b600f2a20f\', \'54237936-a61f-4520-a66b-4e499750b08a\', \'87bc4bf6-fe33-46dc-81d3-bf787b1805c9\', \'5020211f-4802-4d53-95d3-9589242a015b\', \'66d1d3da-e3e8-4f07-b8a9-cfb501eadff8\', \'10a3d015-8c1a-4db4-becb-44e600df9090\', \'7b0018ba-e740-4657-a78a-c83db6d86b49\', \'1bdf005f-3f17-4ab4-8e34-948a4514bc25\', \'7a08bd71-1cbd-4307-92dd-22399f10f37c\', \'2cd74d05-1416-4528-9a32-529d6a0bfbc9\', \'9ab96ebc-2bcc-4629-b5d4-dd2b31193c00\', \'6081c7c3-a162-49b2-a779-727743ab7d3e\', \'51340646-7a4f-4161-8580-e4cc276999c0\', \'8aa7cd22-dcc2-4acb-8f45-ef2e6da91bf1\', \'983fcc0f-adda-4ae8-81bf-d8396530e500\', \'ac458f36-82e8-48eb-850f-0ae94e308286\', \'deadf4f3-49f3-4840-a364-ca90ecc1bce4\', \'2e39f678-ccff-4c32-88fa-83387e4dd351\', \'a914ceef-65d1-4308-9ead-7f1300c1c5ff\', \'1e831fb6-fb15-402a-8187-6b5dfbeaab58\', \'e4b4b9fb-999a-45f1-ba23-eec28af7c77f\', \'d6da28c8-067b-4ebe-b394-f5af496b7091\', \'e7f7a319-158a-4268-af6d-d0b1e159b87b\', \'fb87c18b-5b92-40e5-ba0d-092d481b258d\', \'5ed4f2a2-98b6-4dad-b204-28e0d9e355f5\', \'901ea495-239d-44b2-ba4c-5f88194f03d7\', \'e88fc595-9c93-4582-b8ed-45f87cf88abe\', \'0159fe91-e29a-4cfc-9181-27292c2166a7\', \'31eb3b5a-20c7-43b0-a5a7-2df4256612f0\', \'d22b879b-4b10-461f-a29b-0a8153ecd8c6\', \'f6e51efb-ac7b-42b3-a489-5eb8d7918a46\', \'c9e98016-8a48-4c4a-b0e5-da5a21d52838\', \'b36f1f78-92ac-4c55-ad7c-2598151c7c3f\', \'c2a74370-e5c6-4c11-8f94-5dd2816eb54a\', \'e03c9f9e-0598-4e64-91a4-a011a0871698\', \'c83f7370-ada9-4aec-a01f-5e02c97fecf3\', \'cf756235-1b22-4e1e-99c8-b0fa1bb2196a\', \'7deb3895-a69d-493a-ab4a-6138e030f470\', \'fa7e64a3-c83d-432d-b152-aa301e1ec496\', \'bfe670df-ade8-4a76-bbdb-723b10d4517c\', \'25f51c00-ead3-4b76-b864-61b8c6008432\', \'76e372da-4e59-46b6-84b1-02ff342b1f72\', \'49e44c2b-dc3c-4979-a127-cbb66b9e6c69\', \'cae41515-c9c0-435f-a372-5b703cc3ce6e\', \'9a56c7a2-9ccb-40c5-a640-991b95b276f1\', \'b3b48564-7f79-40fa-a9e1-e2ea2c0a0677\', \'b70f1eab-7879-4a66-aff5-ea2fd53632d1\', \'63a1af07-3a45-4464-bd81-39b145b896ad\', \'0a0c886c-add6-47b7-85ce-4652c69bb7be\', \'818e383f-6701-4483-9eff-11e7df2c5525\', \'7f0321a9-0bef-4ec4-b615-b698c4a2d2f5\', \'335b84fc-a43a-46b5-a5d7-ed31e8daef44\', \'b0f0a888-7f58-43ee-8ce0-8c11016eb738\', \'cf7f2ae4-23ec-4d26-8e85-4b6fba1edaf2\', \'d08a440a-2c31-43dc-8e54-2f606cda40de\', \'f7f3c16f-f536-45be-9ca1-651ed92e00d0\', \'76aa6a78-ac2f-4127-9b83-7ab04c2e963d\', \'5fae6fbe-1502-4a98-8560-e760ad3cf38a\', \'24549108-150a-4606-88da-e4c57888a8db\', \'f554a7e4-4bf7-465f-83a1-218fff3e04bd\', \'019b58e1-f4e0-494b-8eeb-370211adedf8\', \'2a4e1458-defa-4af6-9cd7-d9ab273ece83\', \'30c45657-ae7f-45fa-aee0-ccf0869ec1df\', \'f83cbe7f-0883-4fdb-a9f0-c96ec43aad70\', \'b3d3e822-ee42-4419-bf4e-dd74570bd57c\', \'22bdec50-0809-493e-bbd8-f49de8caec6a\', \'71c63e78-4f72-485a-a934-1de5de14b0bc\', \'17924a42-d55f-4e34-aedb-b912aa9fb21e\', \'b3e41e42-03b3-40a3-a84d-7ff287a65a0d\', \'eee1cfd7-dc02-44f2-902f-8b8e799c991a\', \'96ed2fd8-e8a8-40c5-b32e-ddef30e5a488\', \'4411fb48-f115-4500-b4ee-a868177f670d\', \'10ba7f98-4cb7-405c-b38c-88f94a320734\', \'1e449b2d-7c0f-4496-bc78-0b0c27f6f347\', \'cc1390b0-0a75-49b9-bd53-f576bcfb03b1\', \'daca207a-eb81-4ccf-aa8e-67090c1bf42f\', \'ae6bfa63-a64a-4cb8-a1b0-f3b24fe1418d\', \'17324aeb-c08b-4b78-a2ed-bc7f0c133c8d\', \'a1d0f3c7-2ac7-4a94-ae0a-23f09eb3d660\', \'47d00df9-3a6d-4656-bc35-68ccc2b03019\', \'72ee6af8-1ca0-44c7-be74-d53e2c632194\', \'ee8a36bf-9eb0-4612-9219-4e72294a3887\', \'ea7c77d5-38f6-4ebc-a8b4-98b2685e02b3\', \'74575cd5-fce6-49d6-bb75-99abc785cb71\', \'a607b56a-3575-40ed-b7b6-6c53a31d1223\'], \'solveMode\': \'optimization\', \'engine\': \'cp-sat\', \'preferences\': {\'heuristics\': [{\'key\': \'module\', \'weight\': 0.61}, {\'key\': \'activity\', \'weight\': 0.65}, {\'key\': \'location\', \'weight\': 0.34}]}}')",1
POST,//api/solver/jobs,"CatchResponseError('solver rejected [400]: {""code"":""VALIDATION_INVALID_REQUEST"",""message"":""Timetable solve job did not match the shared queue contract"",""requestId"":""req_c26e8eb2-f4da-4e40-8ebd-26ceb138b2e6""} | payload={\'eventIds\': [\'3b7cc97f-6859-4b72-91d7-02b2f722a860\', \'67c0e85a-124f-417e-8cef-f082dfa50619\', \'88ed2f4e-f085-4059-a8b7-bc2cbe5afae6\', \'8e66fcb6-4889-47b8-8a7d-31749761a0af\', \'9f607197-fdc2-4783-8673-c7e52992abed\', \'9f9686ae-a016-4fda-ba9d-0d092406acca\', \'cbbf88e7-ad1f-4769-a6b2-3332e08bb2f7\', \'f5809be4-520d-40ef-8529-b7a1b2511655\', \'300b5c2f-6596-4d6d-be99-d140157c2654\', \'40bd1a50-5390-4b20-8cf6-1e02b79545ff\', \'559e71bf-d06e-4c25-99f8-6839141770b0\', \'788783ca-cce0-4de6-8b09-cdcdc67f34ce\', \'976c970d-8c89-4791-bfc4-5f4a1bb44cb3\', \'d08fff6c-3191-4154-8eaf-11ade36a73ae\', \'e99434d8-1b03-41c8-ba46-a9a7f0503e5b\', \'f02661ea-2958-427a-9cd2-4154231c9893\', \'175d4950-806b-4421-a0e3-715da8e1a7c9\', \'6043052f-e475-4ed2-9a3a-882ff4537114\', \'c25fba20-59c4-4218-882f-2342c3edcf4a\', \'f4a1c34b-414e-436a-a3d1-49e97c4765ee\', \'9e68f44f-ed00-43a4-92a8-613fa18146b3\', \'db7a4021-22c2-495e-bfbf-3c2f541b413f\', \'e0c4ed39-931c-482b-a49b-e7b54bd07c86\', \'a0a0d906-f5a0-4af1-8ae5-48f71af169e4\', \'01355423-a732-4f9c-99b4-1b97a73eb3bb\', \'0d1678cf-3c66-45ba-971e-f517af03d8ed\', \'dc11b46f-9132-4632-8682-0216b1c1fea5\', \'85cb0080-273c-44e4-9344-b507b6f07a7e\', \'8e4282a6-3eef-4488-95a7-4b6c4443b056\', \'2eef1ca2-353c-4cbe-906b-c6e645797500\', \'c88a551a-407f-4692-90bd-2c8cccbbd145\', \'80c8a26c-c851-49fd-bd0e-8f5352541be4\', \'b96b9f66-3dad-41f4-addf-2b9c4dcc58ec\', \'d1046676-45e1-4ada-ac45-795f63f11bfe\', \'106b6428-c96f-4585-9a15-750c57eb90de\', \'3eea88bb-0324-4fd1-b82c-963a9fdff806\', \'1a1bc98d-7659-414e-81a4-b374a5a6f776\', \'97730ed2-51d1-443c-b96d-972033c890b4\', \'ced24732-c69f-4afc-aad9-f8cc3ba127ac\', \'e08afc8b-0210-4801-aefb-f2aeb081d97a\', \'02b1de7c-da3f-431d-a4dd-8920fe550f65\', \'1991d9e7-845c-4fcc-a47c-893cd938f6b3\', \'6fae8e0d-edcc-4f60-b4c5-e4466d4c3dd0\', \'6d3d13b9-78e9-449e-9ef3-bc98f27b83b6\', \'5be94e68-7af3-412f-bb82-3b4847fbb64d\', \'ff6746d0-0f56-47a2-894e-5e2fcf1001c0\', \'9537ff80-76d7-4000-bc13-f0e64e7d815e\', \'bf098e44-79de-4697-b27a-dcf005757b2e\', \'26b64855-5ce0-4eb0-801c-201481eec8c1\', \'646e3ca8-1f6f-4d2b-b440-86d00a0f3ea5\', \'8de26ad5-040c-485c-b26f-9b09953a27e5\', \'9571195f-d360-485e-b3b5-c09d2f1faaad\', \'89585a5b-602e-480b-93fa-163183c3be68\', \'b007ae82-bbe6-4841-ac41-0c6325a7e517\', \'cf0464de-bf91-49ee-8e53-9b29ebf1dd6a\', \'7643b3d6-177c-4449-9d46-6fe034753445\', \'d4a5676d-bf72-43b1-9546-ffdb602854fd\', \'2c3e4cdb-a9f2-4a6a-b391-3434b5d81bba\', \'8a353bd3-a76c-42a6-a799-4b7def38cbdb\', \'c1598647-6001-49e6-8083-91166c004dd7\', \'f1b915b7-9ac8-411a-942a-745296bc3f09\', \'0e18ec20-52ea-409f-881f-ffebdd2766e3\', \'ec11fac1-3dbc-4a4e-862e-ddca1c230ca6\', \'938d1f3b-ae93-4172-b208-3b3d4494f5eb\', \'414749c7-206e-45b5-8b8b-38f9cd753a25\', \'37968839-12ef-4d94-a7a0-bd10c1c9be3d\', \'bcdafe21-4a22-498d-9466-c788279cb01a\', \'b5130a1b-abdb-4e8f-9876-e18b6b07fc84\', \'4340b82b-4d38-4028-b42d-618310b0291b\', \'0b5cfe41-072b-466b-b9cc-797be1d75eda\', \'5ba0ef85-61f0-40ec-becd-808e0ac94303\', \'4ba81307-3b94-4909-ad2a-0eb3b36edce3\', \'ff4d4e63-48dd-404a-aba4-8c3767af2e1a\', \'8196a0b8-ef16-4b2d-b822-e7babe80da9c\', \'c49535c6-9e61-45a2-b56f-9d7ff57aefcf\', \'8b66d164-8920-42d4-ad51-6c714a42138d\', \'bc0a07a2-573e-4307-8aac-c028ae76ff4c\', \'3e4738a4-6fed-4d7a-a0bf-81951d6453df\', \'ffd03692-7fca-413d-ad0b-3491a2041b4a\', \'ded5a8f1-d4d1-4077-8f4d-6e85856bc0df\', \'16320c3d-e81d-4c7f-b383-e51da14bf0ea\', \'518746e8-73f5-4115-96bb-5cc058c6b4dd\', \'52e0be5f-bd4b-4193-bbbd-92ffbccf676e\', \'2f852497-fb99-4c33-b5a8-24cfb155058e\', \'3bd4eab9-79cb-4929-ad7a-e6d08eda7f68\', \'40212c42-554f-434e-930c-6a5ca1a2b99e\', \'961d8282-e3a9-4cdd-a866-b545089fd5ec\', \'981c41bd-4dc2-4584-b204-e3ac4afd8c31\', \'f96b9677-9ede-4cb9-909f-2ee825fd6769\', \'2a972c09-0f69-4b4b-aeb2-094260bcdba5\', \'967cfffe-1985-48bc-a62c-23d222e07dca\', \'79c65adb-4c01-4eb0-bf12-c2a6d873ae7a\', \'c76d57f2-0f10-4a0f-9ecf-474e4c9b23dd\', \'6fd37e08-08ef-4f13-b1dc-2654599b57f3\', \'b5c4ad4d-d249-4385-a8bc-d88bec957962\', \'c53b4011-2488-4682-910d-74b0c2e50eb6\', \'1e0838aa-802a-46da-832f-fd549686fc2c\', \'7df75bac-9555-4fb1-a6cd-58a08468600c\', \'6154e49e-9c0c-49b9-8d9f-283042caba62\', \'b8268d6c-93ad-4ecb-ab02-5be396e8d576\', \'894d0be8-ec0b-45fb-a147-ace4626f2ff9\', \'57a20342-bb08-4611-bfac-a7bf92c1227f\', \'61010469-871c-487f-a164-3cfc4b5eac08\', \'01b992ae-23df-41b7-a09e-2ef78d5cb065\', \'2af462c9-1676-4b57-acc6-4e1b81dd889e\', \'936eb664-0abb-4b62-9a0f-a3cca2beb689\', \'f650d262-c50e-44d5-9cb9-d56326bc80a5\', \'83dc5212-3dfe-4c66-9420-733fa5163c5d\', \'f82c3548-309d-4635-b381-f8cb11f049e1\', \'ffd1b963-da72-4f4b-ab79-876496d68442\', \'14f28d1d-d722-497f-8385-e85a654d1955\', \'99030da4-27ad-4ced-8b28-6137161711f6\', \'0c923a09-8056-459e-8fc6-6941c7107434\', \'0fd34cb1-f5c8-410f-8649-9aa892332cfe\', \'822057ba-3168-4856-b16a-c4d0eedab203\', \'44b03ab7-1f84-475e-8d91-b887b0749e86\', \'1a7f20d5-98b4-4678-bee3-afacce938688\', \'17398cc3-ae3d-4d3d-8fe5-257c90af964c\', \'885b1305-a35b-4b72-82d8-b992cfb16f45\', \'0555bc00-f88c-4902-b8e7-7ba77386b28d\', \'5e417250-f879-4092-ab51-9fa4b84dfe31\', \'88de91e3-c8d3-428b-9a07-25d29ee6a85b\', \'852283f4-f2f3-4d29-a59b-9ea8badeef4e\', \'e4edc9e6-9eff-4696-b996-c2c9bee383d2\', \'8b345e55-eea6-4e5e-b48a-8d298cde0885\', \'08cec898-f72e-44e8-9d9e-ae545b4cf985\', \'10d4f549-7d14-4bcb-8ee8-e7c6a03b0835\', \'b086a007-0695-426d-aa72-a408166ee86b\', \'e72408e7-0fd8-44c2-ae0e-85dd5eea6fc3\', \'78a026e8-0639-47cb-9435-14a5730c5cde\', \'35732b92-6ec5-4c32-a056-f3155d43b797\', \'0287749d-42de-4cd8-83b2-22ea6fbed916\', \'f4c0cfa8-6260-4c89-8640-4dc0bdf6e618\', \'2f1acdf3-7723-4ae8-850b-b81d4d21492f\', \'1158225e-d4f7-41f9-99f6-50ec4267e6c5\', \'87a825a1-4305-4878-bb22-d571ccd2d0cc\', \'e1b7c284-f6fc-4391-b871-e127692d3004\', \'ad8cd0ab-709f-4597-afc5-d219a24985c7\', \'7b5e6f4b-9bfa-4002-adf2-7bb670187e48\', \'51c9eb37-0c29-4c58-94fe-4a8a2678e3e7\', \'4aacfcc1-9c49-4e85-9f08-a8452ca4ee25\', \'a8e004f1-9ff6-4c60-89c4-f79d1fca8f3f\', \'d3da3c08-23bc-48e3-9a29-bd5824ef90af\', \'6e9e9e63-5ce5-46bc-83da-b1e55154d362\', \'f7499db5-167b-4ff9-bf72-393446a81b8e\', \'ff95dd12-17c7-4a06-974b-6396c422db5c\', \'f0632387-235e-4fa1-b76f-3be24680597f\', \'b7189d47-4001-4ab0-a339-bf90c0a94f8a\', \'869ce1bd-308c-4556-a717-2b8c2c47ab32\', \'91fe82bd-3e2d-48bd-869c-a4ca1dce3785\', \'8af62a81-de86-414b-af45-d9fe6cfdd9e2\', \'3966982e-a6b7-4adb-9160-6dfbc33686f2\', \'587f2ffb-db90-4e21-a62f-34c3e83d71d1\', \'a093be93-49e7-489c-a08a-42640dcee4e9\', \'3a8271d7-023a-46a3-a26b-dbcd0ac194b2\', \'fbdf3d1c-996f-481a-a327-e415fd9b5eab\', \'09fe82d9-13a2-40f9-b396-f25407fec8d3\', \'c18bc88b-d738-413c-bead-776d2bf2c3a3\', \'1fcea0bc-2d2c-43a0-aa42-63d1cc3ea375\', \'7400e93b-e2bd-4c15-aed9-7ab6d9eb0d2d\', \'d61ac6df-864c-4b66-aabc-09ece9fdf1f2\', \'a76ae4fa-aa16-4f0c-94bf-4f3324291723\', \'1f55914b-53f9-42d6-a232-b954e5610e6c\', \'cceee271-3f30-412e-82dd-93c5cb2ac80c\', \'09fbd2d5-1747-4865-97b3-a6a2e7a64d77\', \'52211e9f-9a60-4572-a360-45c25a02af6b\', \'31a1b733-f2e1-46d1-9f04-e0fcf99747ba\', \'bccc1f05-4620-4969-9b8d-e502267cccb3\', \'ae150ed5-67b3-443d-ab66-b20851f5eea8\', \'0b369745-2063-4383-aa75-715e03bbc19b\', \'9afc65c4-0b0e-4284-be6b-bb537a11c200\', \'65bbbecd-b8c2-4524-a8c9-5ddef061d638\', \'3350a387-681c-4e79-a8b4-be10fa588c02\', \'01b7333c-d1c3-4cbe-9d90-e38ac37c870c\', \'3829abeb-ec48-4661-8102-1bb5964b757d\', \'d1681a1d-3207-413f-bb61-65892d343701\', \'5c521eb9-5eb3-4c1f-ab16-ec6911950e61\', \'6730782f-2b67-4ead-86c8-494efcc31c6a\', \'eeda257c-34a3-4bc7-939e-16749aa57ffe\', \'3d78cc07-b7dc-484c-870b-a35ea2c2758f\', \'67d9e075-7a95-44b1-9036-d766cb49471b\', \'ec9bfc85-db12-4d7e-a0b7-f5488e8270d9\', \'6e990671-f651-4892-811e-4e08927f745f\', \'28d4ac86-63f5-4cad-8f05-012d197a67f6\', \'b9526ea3-418e-45b6-b25c-5fe7e62bebc0\', \'73e88a1e-f062-4c97-bd2a-ece940c12a07\', \'e64297ee-f044-49d6-9641-0dca4cffd6b1\', \'6cf0d65b-7506-4357-bbf5-de4046d8d454\', \'6a528514-e8a3-4402-87ea-82ebba368780\', \'2913c5c5-8e40-44f3-ba8c-5b82aa41ee4f\', \'0f299703-a69a-432b-8a63-682003786d39\', \'c0ea2393-4292-47a6-82f1-67490545ff65\', \'7cda2469-12d1-4be2-8a21-279a4c62b2c0\', \'483d85b6-de35-4b69-9b0e-354a6798e85c\', \'e302954d-2832-4d06-a1eb-b184cf9cb67a\', \'8a6aeda4-85a4-404e-909a-0cc34471ad37\', \'69aaa090-ce30-48d5-bb88-b5fd4cc98f25\', \'e95fca71-130d-4e38-80c7-202cfea6fbde\', \'1b292489-5b86-4a01-ae6e-0aceb02de27c\', \'a5629ea9-e70c-4837-a7ce-ed36b2db6557\', \'4cd794e4-3297-43a7-a131-22a0719085e6\', \'5e8c662c-feb8-43a8-b2ad-9c59e82c44a7\', \'db8d371e-575c-4d0d-b22e-37121e10b6fc\', \'9303eeb7-6097-44b2-b52e-cc8270e19510\', \'3bdffa53-39e3-48fe-8b34-a6d3ec1a66e3\', \'3c15b7c0-6f6c-47fe-8fba-87d821c5c1bc\', \'60c586ce-efb0-494e-bc96-73db2daf0c39\', \'38331286-68a7-4130-9cf9-a0b3bfdfb3cb\', \'8db34c21-e819-4728-97c1-ea3eec5cd4dc\'], \'solveMode\': \'optimization\', \'engine\': \'auto\', \'preferences\': {\'heuristics\': [{\'key\': \'module\', \'weight\': 0.16}, {\'key\': \'activity\', \'weight\': 0.52}, {\'key\': \'location\', \'weight\': 1.0}]}}')",1
POST,//api/solver/jobs,"CatchResponseError('solver rejected [400]: {""code"":""VALIDATION_INVALID_REQUEST"",""message"":""Timetable solve job did not match the shared queue contract"",""requestId"":""req_949419be-419e-4307-8239-21557627bf07""} | payload={\'eventIds\': [\'a5a9ace4-85b2-4e89-bd65-1c3e5139d85b\', \'ca68d1f8-f32c-4cfa-b9fe-082660bb9cfd\', \'d07ca877-3fc7-4aa9-822e-3e0b6aab46d1\', \'06a1bdfa-da14-46ac-b95e-6ce6ad71a8f2\', \'0ad6d966-df22-4248-b38d-dfa81fab38ad\', \'0e64bb41-e331-43c8-84a4-55d4858657c8\', \'15736d60-c1ad-49a5-8cba-98f69993ec69\', \'176c13c5-6ce9-463a-ac82-4f86aacc7f42\', \'1c96d480-3194-4beb-a712-5b1b3ea3872c\', \'3861ccbc-5117-4fa6-9c5d-9eb0ab5a7ad0\', \'3d80f5ba-5264-45a7-9a82-30d1e287ab01\', \'4d97629c-178f-4fcf-9e86-fd80955ac114\', \'611b8c52-28b2-4bde-bdf9-cec64de9415f\', \'8258e6bf-7651-4ffc-9fc7-383b247a1df7\', \'8cc87d22-add5-4030-9199-a8b172c84654\', \'bd104564-f941-4da0-b192-77d95ed77165\', \'c84a93b0-2439-4b2d-8bcb-0d7257383119\', \'d0a1a0c0-f45e-4a7c-b42e-b61ab4982ad3\', \'d43a9214-8430-4481-94ae-01e111fbf07e\', \'dc225a7e-fa31-410f-acc6-5fe1a2938f41\', \'f039ee74-e2cf-4457-9dd2-784fc894d9ca\', \'9f9686ae-a016-4fda-ba9d-0d092406acca\', \'88ed2f4e-f085-4059-a8b7-bc2cbe5afae6\', \'f5809be4-520d-40ef-8529-b7a1b2511655\', \'67c0e85a-124f-417e-8cef-f082dfa50619\', \'3b7cc97f-6859-4b72-91d7-02b2f722a860\', \'9f607197-fdc2-4783-8673-c7e52992abed\', \'8e66fcb6-4889-47b8-8a7d-31749761a0af\', \'cbbf88e7-ad1f-4769-a6b2-3332e08bb2f7\', \'9ea5edd8-bf1d-4934-a770-d11ac158f7ca\', \'082110cf-3f8b-49a1-ae30-0fad1fe2dccd\', \'0712edef-8c94-484c-8fb1-dce9ff2e56f9\', \'9533c55d-419b-42f9-a14a-30c211f08c0c\', \'3b11527d-eb97-4864-b5ae-7ad5597e68c0\', \'a40ca57c-51c4-439a-acb3-2c3801f49f49\', \'7cf81958-a076-45a5-badb-a22ae735cefc\', \'a6fcf642-ac13-416d-995f-541394335527\', \'ec418344-e818-4552-b119-dff445653ca5\', \'942e03ca-52a9-48fb-b6d5-e74eff5333ae\', \'c24de7c5-abf9-4d26-9a4b-2cc5c7474df8\', \'1fb41358-c741-4f60-b203-801717ee95bd\', \'8d7cc4c4-2107-419f-988d-4af5983d44ac\', \'78ff8d34-2f1a-42ad-89b2-6a6844e428b5\', \'b07ace43-3243-4bc1-ba06-ffa38889f50d\', \'ae7384a3-1628-49d7-a200-4e0711766428\', \'c8986a08-b5f6-4276-a363-87f5aff064ca\', \'73034db1-076a-452d-b922-bede10300a1e\', \'92b8737f-fc5c-4c79-b6f0-e076d1430c73\', \'9e4bd624-2ea3-4568-a96e-cfd2ceb4bb06\', \'934c3695-1c4d-429c-972c-79352d035b99\', \'6ebea822-b1db-4bad-8904-27e5486b3485\', \'4a54d9d5-90ac-48e0-9fd0-5a57770aae5b\', \'6b7f1d7f-4fb7-4800-b970-bfd76b5205f0\', \'a0f62194-988b-4034-b79b-b74b2af83840\', \'273e613a-cfcb-4eb8-8a0e-8b7365d33b7a\', \'43099e45-28fd-4042-b387-4b24f656f79f\', \'e82fa4b1-7685-4362-8596-105deff18ff2\', \'719ec13f-e941-465b-84a7-9e43d5196e2d\', \'edcc5600-e2b2-4db6-91ab-aacc38ce960f\', \'308f01eb-937c-4db3-9aba-cefff6824ba2\', \'cf96204b-d499-46f2-b751-2607933681ab\', \'cc744c99-bb54-494e-8115-c1d359d3b0c6\', \'a5e4874f-3e5a-4a47-842a-bc5544ed5266\', \'3faf1c75-173e-4cf4-9917-560f82092e14\', \'bcef6e3c-66c6-4ae1-8d95-92578f305d3a\', \'da71a8b4-b41c-4fc7-bcb3-a49b23b6b4b8\', \'0aeedb16-ed52-4e42-a4ad-a963e7a7bfdf\', \'79dba90b-c348-43ef-8101-1f2906124124\', \'af83cde9-21fa-4cf3-8a49-e76d6b4872b7\', \'7ec42d3d-a7de-4eb2-8911-a6d07554bbf3\', \'5c10c80d-3885-44ed-ad76-34635efe6cd9\', \'a10d1ad6-e127-4203-9f9f-3e659500c4ee\', \'d3fdf1bc-4bee-4d0c-9f24-5a05ac0d42ba\', \'27ab7d58-f55e-4f01-9b46-390c6cb723a1\', \'4dc64461-526b-463b-bb5b-d97db5dcba52\', \'83067dea-6485-485d-aaac-f51a6db78696\'], \'solveMode\': \'optimization\', \'engine\': \'ga\', \'preferences\': {\'heuristics\': [{\'key\': \'module\', \'weight\': 0.81}, {\'key\': \'activity\', \'weight\': 0.69}, {\'key\': \'location\', \'weight\': 0.25}]}}')",1
POST,//api/solver/jobs,"CatchResponseError('solver rejected [400]: {""code"":""VALIDATION_INVALID_REQUEST"",""message"":""Timetable solve job did not match the shared queue contract"",""requestId"":""req_098c94b3-901e-4a73-bf3d-62ce1cd84067""} | payload={\'eventIds\': [\'d61ac6df-864c-4b66-aabc-09ece9fdf1f2\', \'1f55914b-53f9-42d6-a232-b954e5610e6c\', \'99030da4-27ad-4ced-8b28-6137161711f6\'], \'solveMode\': \'optimization\', \'engine\': \'auto\', \'preferences\': {\'heuristics\': [{\'key\': \'module\', \'weight\': 0.42}, {\'key\': \'activity\', \'weight\': 0.69}, {\'key\': \'location\', \'weight\': 0.39}]}}')",1
POST,//api/solver/jobs,"CatchResponseError('solver rejected [400]: {""code"":""VALIDATION_INVALID_REQUEST"",""message"":""Timetable solve job did not match the shared queue contract"",""requestId"":""req_b191f6f7-5403-46d2-b1dd-b8c0ba9d245c""} | payload={\'eventIds\': [\'6ea5ac6b-eab6-4943-8d1b-e549685f154b\', \'9d8c5e52-5f09-4705-96f1-6b9dc8d36115\', \'72257f59-cb1b-4cf7-8495-3e039a789528\'], \'solveMode\': \'optimization\', \'engine\': \'auto\', \'preferences\': {\'heuristics\': [{\'key\': \'module\', \'weight\': 0.74}, {\'key\': \'activity\', \'weight\': 0.8}, {\'key\': \'location\', \'weight\': 0.87}]}}')",1
POST,//api/solver/jobs,"CatchResponseError('solver rejected [400]: {""code"":""VALIDATION_INVALID_REQUEST"",""message"":""Timetable solve job did not match the shared queue contract"",""requestId"":""req_4c0f2a2f-e189-4349-91ef-2a78d03c70a2""} | payload={\'eventIds\': [\'31446d15-b9b4-41f9-bae5-e61c320b0ce0\', \'33d691ed-5d2a-4f5d-9fbc-5ea24945cc80\', \'352134bc-1fb1-4f98-be9d-256432407433\', \'3b0738bb-ef36-4a2d-8124-ca9559ba9ab9\', \'4b90da7f-cce5-49e3-89f7-27eb7cdb93da\', \'79190c4f-0830-47ce-9568-10bf59df1b42\', \'a5bafa66-df07-40ef-874f-63643912ff87\', \'c08d5e52-caf2-43a5-801f-e0ba492bd20d\', \'f0495db1-ca46-4a05-9300-3c25d759b53b\', \'9b9919ce-0065-489f-b2ad-185ef47807df\', \'420cd968-748b-44ad-8c93-eb77292c7a49\', \'472b152a-18f9-4c2a-a353-5c05b6139d43\', \'19dda116-19a6-40ca-aad8-199737367b3f\', \'9d689e56-468d-4d84-a621-5ff7f1f0cac6\', \'bd4d59c2-89d5-4ace-afd8-17881aa537df\', \'c65243e0-6e07-4c37-841d-9db98a1132f9\', \'4a278e9c-8e5c-4642-8fcc-421825c2f4b5\', \'d1d79e0c-72bd-44e2-9e17-8f454ab8dc10\', \'60947e8a-f009-4f67-8d56-d24a06838f7f\', \'e8d5dcb5-c193-426c-b02e-953dacc76e05\', \'9f9686ae-a016-4fda-ba9d-0d092406acca\', \'88ed2f4e-f085-4059-a8b7-bc2cbe5afae6\', \'f5809be4-520d-40ef-8529-b7a1b2511655\', \'67c0e85a-124f-417e-8cef-f082dfa50619\', \'3b7cc97f-6859-4b72-91d7-02b2f722a860\', \'9f607197-fdc2-4783-8673-c7e52992abed\', \'8e66fcb6-4889-47b8-8a7d-31749761a0af\', \'cbbf88e7-ad1f-4769-a6b2-3332e08bb2f7\'], \'solveMode\': \'optimization\', \'engine\': \'auto\', \'preferences\': {\'heuristics\': [{\'key\': \'module\', \'weight\': 0.9}, {\'key\': \'activity\', \'weight\': 0.58}, {\'key\': \'location\', \'weight\': 0.85}]}}')",1
POST,//api/solver/jobs,"CatchResponseError('solver rejected [400]: {""code"":""VALIDATION_INVALID_REQUEST"",""message"":""Timetable solve job did not match the shared queue contract"",""requestId"":""req_e71ea684-fd75-467a-9f07-cbdebe6a75bb""} | payload={\'eventIds\': [\'cf756235-1b22-4e1e-99c8-b0fa1bb2196a\', \'7deb3895-a69d-493a-ab4a-6138e030f470\', \'fa7e64a3-c83d-432d-b152-aa301e1ec496\', \'bfe670df-ade8-4a76-bbdb-723b10d4517c\', \'25f51c00-ead3-4b76-b864-61b8c6008432\', \'76e372da-4e59-46b6-84b1-02ff342b1f72\', \'49e44c2b-dc3c-4979-a127-cbb66b9e6c69\', \'420cd968-748b-44ad-8c93-eb77292c7a49\', \'472b152a-18f9-4c2a-a353-5c05b6139d43\', \'a31400ca-fc57-4dfe-8281-8829f345ed90\', \'9194728f-573c-49a1-9e6d-0a5f6ce5d40b\', \'c10ab842-deea-447e-84b5-136effd37a90\', \'d9cc32c4-8242-4cab-a7ee-674a189da3b1\', \'db16c672-d9c9-46e5-a4b0-09811f9ef699\', \'2d2dffa6-660f-48e3-acbc-66f1aac13510\', \'6cf5151b-9b0c-4724-8f66-daa8f06f0658\', \'bd42775f-b2bf-42b2-9990-90f768c24f55\', \'521f9cb9-fd39-496a-ab94-46539da81db7\', \'10ba7f98-4cb7-405c-b38c-88f94a320734\', \'1e449b2d-7c0f-4496-bc78-0b0c27f6f347\', \'cc1390b0-0a75-49b9-bd53-f576bcfb03b1\', \'daca207a-eb81-4ccf-aa8e-67090c1bf42f\', \'ae6bfa63-a64a-4cb8-a1b0-f3b24fe1418d\', \'17324aeb-c08b-4b78-a2ed-bc7f0c133c8d\', \'a1d0f3c7-2ac7-4a94-ae0a-23f09eb3d660\', \'47d00df9-3a6d-4656-bc35-68ccc2b03019\', \'72ee6af8-1ca0-44c7-be74-d53e2c632194\', \'ee8a36bf-9eb0-4612-9219-4e72294a3887\', \'ea7c77d5-38f6-4ebc-a8b4-98b2685e02b3\', \'74575cd5-fce6-49d6-bb75-99abc785cb71\', \'a607b56a-3575-40ed-b7b6-6c53a31d1223\'], \'solveMode\': \'optimization\', \'engine\': \'auto\', \'preferences\': {\'heuristics\': [{\'key\': \'module\', \'weight\': 0.23}, {\'key\': \'activity\', \'weight\': 0.78}, {\'key\': \'location\', \'weight\': 0.82}]}}')",1
POST,//api/solver/jobs,"CatchResponseError('solver rejected [400]: {""code"":""VALIDATION_INVALID_REQUEST"",""message"":""Timetable solve job did not match the shared queue contract"",""requestId"":""req_681e5503-53a5-4368-835e-a7a6e826e805""} | payload={\'eventIds\': [\'ccbe3f56-9e82-4f6f-9c1f-b954a76ec04d\', \'9b619fc3-4e31-47cd-a725-72a34706a72c\', \'9f9686ae-a016-4fda-ba9d-0d092406acca\', \'88ed2f4e-f085-4059-a8b7-bc2cbe5afae6\', \'f5809be4-520d-40ef-8529-b7a1b2511655\', \'67c0e85a-124f-417e-8cef-f082dfa50619\', \'3b7cc97f-6859-4b72-91d7-02b2f722a860\', \'9f607197-fdc2-4783-8673-c7e52992abed\', \'8e66fcb6-4889-47b8-8a7d-31749761a0af\', \'cbbf88e7-ad1f-4769-a6b2-3332e08bb2f7\', \'f02661ea-2958-427a-9cd2-4154231c9893\', \'300b5c2f-6596-4d6d-be99-d140157c2654\', \'40bd1a50-5390-4b20-8cf6-1e02b79545ff\', \'976c970d-8c89-4791-bfc4-5f4a1bb44cb3\', \'e99434d8-1b03-41c8-ba46-a9a7f0503e5b\', \'788783ca-cce0-4de6-8b09-cdcdc67f34ce\', \'559e71bf-d06e-4c25-99f8-6839141770b0\', \'d08fff6c-3191-4154-8eaf-11ade36a73ae\', \'19dda116-19a6-40ca-aad8-199737367b3f\', \'9d689e56-468d-4d84-a621-5ff7f1f0cac6\', \'bd4d59c2-89d5-4ace-afd8-17881aa537df\', \'c65243e0-6e07-4c37-841d-9db98a1132f9\', \'4a278e9c-8e5c-4642-8fcc-421825c2f4b5\', \'d1d79e0c-72bd-44e2-9e17-8f454ab8dc10\', \'60947e8a-f009-4f67-8d56-d24a06838f7f\', \'e8d5dcb5-c193-426c-b02e-953dacc76e05\', \'249b38ba-26ab-4740-9c40-f8263c461aa4\', \'840f7b46-dff6-4db3-878c-f97e0d760f2e\', \'b1d1449e-4c84-4f08-afda-7ffb7d72d339\', \'d267579b-59dd-48e0-ac58-d0d5056c12ff\', \'e3f04a52-e058-4d14-b5c3-5e2788674e5b\', \'4443ffd9-f2d5-414a-a062-613a36760ca6\', \'1547e838-94ca-4e35-b67e-32e0fbe614f4\', \'07e46f68-81a0-4b52-b024-c902b684f0aa\', \'a7541202-a44d-455e-821c-b1b600f2a20f\', \'54237936-a61f-4520-a66b-4e499750b08a\', \'87bc4bf6-fe33-46dc-81d3-bf787b1805c9\', \'5020211f-4802-4d53-95d3-9589242a015b\', \'66d1d3da-e3e8-4f07-b8a9-cfb501eadff8\', \'10a3d015-8c1a-4db4-becb-44e600df9090\', \'7b0018ba-e740-4657-a78a-c83db6d86b49\', \'1bdf005f-3f17-4ab4-8e34-948a4514bc25\', \'7a08bd71-1cbd-4307-92dd-22399f10f37c\', \'2cd74d05-1416-4528-9a32-529d6a0bfbc9\', \'9ab96ebc-2bcc-4629-b5d4-dd2b31193c00\', \'6081c7c3-a162-49b2-a779-727743ab7d3e\', \'51340646-7a4f-4161-8580-e4cc276999c0\', \'8aa7cd22-dcc2-4acb-8f45-ef2e6da91bf1\', \'983fcc0f-adda-4ae8-81bf-d8396530e500\', \'ac458f36-82e8-48eb-850f-0ae94e308286\', \'deadf4f3-49f3-4840-a364-ca90ecc1bce4\', \'2e39f678-ccff-4c32-88fa-83387e4dd351\', \'a914ceef-65d1-4308-9ead-7f1300c1c5ff\', \'1e831fb6-fb15-402a-8187-6b5dfbeaab58\', \'e4b4b9fb-999a-45f1-ba23-eec28af7c77f\', \'d6da28c8-067b-4ebe-b394-f5af496b7091\', \'e7f7a319-158a-4268-af6d-d0b1e159b87b\', \'fb87c18b-5b92-40e5-ba0d-092d481b258d\', \'5ed4f2a2-98b6-4dad-b204-28e0d9e355f5\', \'901ea495-239d-44b2-ba4c-5f88194f03d7\', \'e88fc595-9c93-4582-b8ed-45f87cf88abe\', \'0159fe91-e29a-4cfc-9181-27292c2166a7\', \'31eb3b5a-20c7-43b0-a5a7-2df4256612f0\', \'d22b879b-4b10-461f-a29b-0a8153ecd8c6\', \'f6e51efb-ac7b-42b3-a489-5eb8d7918a46\', \'c9e98016-8a48-4c4a-b0e5-da5a21d52838\', \'b36f1f78-92ac-4c55-ad7c-2598151c7c3f\', \'c2a74370-e5c6-4c11-8f94-5dd2816eb54a\', \'e03c9f9e-0598-4e64-91a4-a011a0871698\', \'c83f7370-ada9-4aec-a01f-5e02c97fecf3\', \'cf756235-1b22-4e1e-99c8-b0fa1bb2196a\', \'7deb3895-a69d-493a-ab4a-6138e030f470\', \'fa7e64a3-c83d-432d-b152-aa301e1ec496\', \'bfe670df-ade8-4a76-bbdb-723b10d4517c\', \'25f51c00-ead3-4b76-b864-61b8c6008432\', \'76e372da-4e59-46b6-84b1-02ff342b1f72\', \'49e44c2b-dc3c-4979-a127-cbb66b9e6c69\', \'cae41515-c9c0-435f-a372-5b703cc3ce6e\', \'9a56c7a2-9ccb-40c5-a640-991b95b276f1\', \'b3b48564-7f79-40fa-a9e1-e2ea2c0a0677\', \'b70f1eab-7879-4a66-aff5-ea2fd53632d1\', \'63a1af07-3a45-4464-bd81-39b145b896ad\', \'0a0c886c-add6-47b7-85ce-4652c69bb7be\', \'818e383f-6701-4483-9eff-11e7df2c5525\', \'7f0321a9-0bef-4ec4-b615-b698c4a2d2f5\', \'335b84fc-a43a-46b5-a5d7-ed31e8daef44\', \'b0f0a888-7f58-43ee-8ce0-8c11016eb738\', \'cf7f2ae4-23ec-4d26-8e85-4b6fba1edaf2\', \'d08a440a-2c31-43dc-8e54-2f606cda40de\', \'f7f3c16f-f536-45be-9ca1-651ed92e00d0\', \'76aa6a78-ac2f-4127-9b83-7ab04c2e963d\', \'5fae6fbe-1502-4a98-8560-e760ad3cf38a\', \'24549108-150a-4606-88da-e4c57888a8db\', \'f554a7e4-4bf7-465f-83a1-218fff3e04bd\', \'019b58e1-f4e0-494b-8eeb-370211adedf8\', \'2a4e1458-defa-4af6-9cd7-d9ab273ece83\', \'30c45657-ae7f-45fa-aee0-ccf0869ec1df\', \'f83cbe7f-0883-4fdb-a9f0-c96ec43aad70\', \'b3d3e822-ee42-4419-bf4e-dd74570bd57c\', \'22bdec50-0809-493e-bbd8-f49de8caec6a\', \'71c63e78-4f72-485a-a934-1de5de14b0bc\', \'17924a42-d55f-4e34-aedb-b912aa9fb21e\', \'b3e41e42-03b3-40a3-a84d-7ff287a65a0d\', \'eee1cfd7-dc02-44f2-902f-8b8e799c991a\', \'96ed2fd8-e8a8-40c5-b32e-ddef30e5a488\', \'4411fb48-f115-4500-b4ee-a868177f670d\', \'10ba7f98-4cb7-405c-b38c-88f94a320734\', \'1e449b2d-7c0f-4496-bc78-0b0c27f6f347\', \'cc1390b0-0a75-49b9-bd53-f576bcfb03b1\', \'daca207a-eb81-4ccf-aa8e-67090c1bf42f\', \'ae6bfa63-a64a-4cb8-a1b0-f3b24fe1418d\', \'17324aeb-c08b-4b78-a2ed-bc7f0c133c8d\', \'a1d0f3c7-2ac7-4a94-ae0a-23f09eb3d660\', \'47d00df9-3a6d-4656-bc35-68ccc2b03019\', \'72ee6af8-1ca0-44c7-be74-d53e2c632194\', \'ee8a36bf-9eb0-4612-9219-4e72294a3887\', \'ea7c77d5-38f6-4ebc-a8b4-98b2685e02b3\', \'74575cd5-fce6-49d6-bb75-99abc785cb71\', \'a607b56a-3575-40ed-b7b6-6c53a31d1223\'], \'solveMode\': \'optimization\', \'engine\': \'cp-sat\', \'preferences\': {\'heuristics\': [{\'key\': \'module\', \'weight\': 0.98}, {\'key\': \'activity\', \'weight\': 0.46}, {\'key\': \'location\', \'weight\': 0.24}]}}')",1
POST,//api/solver/jobs,"CatchResponseError('solver rejected [400]: {""code"":""VALIDATION_INVALID_REQUEST"",""message"":""Timetable solve job did not match the shared queue contract"",""requestId"":""req_9fcbe3a8-4e62-44b9-97e0-8c343d5e1804""} | payload={\'eventIds\': [\'082110cf-3f8b-49a1-ae30-0fad1fe2dccd\', \'719ec13f-e941-465b-84a7-9e43d5196e2d\', \'9e4bd624-2ea3-4568-a96e-cfd2ceb4bb06\'], \'solveMode\': \'optimization\', \'engine\': \'cp-sat\', \'preferences\': {\'heuristics\': [{\'key\': \'module\', \'weight\': 0.42}, {\'key\': \'activity\', \'weight\': 0.91}, {\'key\': \'location\', \'weight\': 0.45}]}}')",1
POST,//api/solver/jobs,"CatchResponseError('solver rejected [400]: {""code"":""VALIDATION_INVALID_REQUEST"",""message"":""Timetable solve job did not match the shared queue contract"",""requestId"":""req_8fcaae19-b2c9-444b-bc92-38196a956dd6""} | payload={\'eventIds\': [\'cf756235-1b22-4e1e-99c8-b0fa1bb2196a\', \'7deb3895-a69d-493a-ab4a-6138e030f470\', \'fa7e64a3-c83d-432d-b152-aa301e1ec496\', \'bfe670df-ade8-4a76-bbdb-723b10d4517c\', \'25f51c00-ead3-4b76-b864-61b8c6008432\', \'76e372da-4e59-46b6-84b1-02ff342b1f72\', \'49e44c2b-dc3c-4979-a127-cbb66b9e6c69\', \'420cd968-748b-44ad-8c93-eb77292c7a49\', \'472b152a-18f9-4c2a-a353-5c05b6139d43\', \'a31400ca-fc57-4dfe-8281-8829f345ed90\', \'9194728f-573c-49a1-9e6d-0a5f6ce5d40b\', \'c10ab842-deea-447e-84b5-136effd37a90\', \'d9cc32c4-8242-4cab-a7ee-674a189da3b1\', \'db16c672-d9c9-46e5-a4b0-09811f9ef699\', \'2d2dffa6-660f-48e3-acbc-66f1aac13510\', \'6cf5151b-9b0c-4724-8f66-daa8f06f0658\', \'bd42775f-b2bf-42b2-9990-90f768c24f55\', \'521f9cb9-fd39-496a-ab94-46539da81db7\', \'10ba7f98-4cb7-405c-b38c-88f94a320734\', \'1e449b2d-7c0f-4496-bc78-0b0c27f6f347\', \'cc1390b0-0a75-49b9-bd53-f576bcfb03b1\', \'daca207a-eb81-4ccf-aa8e-67090c1bf42f\', \'ae6bfa63-a64a-4cb8-a1b0-f3b24fe1418d\', \'17324aeb-c08b-4b78-a2ed-bc7f0c133c8d\', \'a1d0f3c7-2ac7-4a94-ae0a-23f09eb3d660\', \'47d00df9-3a6d-4656-bc35-68ccc2b03019\', \'72ee6af8-1ca0-44c7-be74-d53e2c632194\', \'ee8a36bf-9eb0-4612-9219-4e72294a3887\', \'ea7c77d5-38f6-4ebc-a8b4-98b2685e02b3\', \'74575cd5-fce6-49d6-bb75-99abc785cb71\', \'a607b56a-3575-40ed-b7b6-6c53a31d1223\'], \'solveMode\': \'optimization\', \'engine\': \'auto\', \'preferences\': {\'heuristics\': [{\'key\': \'module\', \'weight\': 0.88}, {\'key\': \'activity\', \'weight\': 0.13}, {\'key\': \'location\', \'weight\': 0.9}]}}')",1
POST,//api/solver/jobs,"CatchResponseError('solver rejected [400]: {""code"":""VALIDATION_INVALID_REQUEST"",""message"":""Timetable solve job did not match the shared queue contract"",""requestId"":""req_3fac2e4b-481f-40a1-a7b0-b8c56996163b""} | payload={\'eventIds\': [\'7a270a8a-c03d-4421-a070-4bfe978334b7\', \'41bd03f4-0337-4810-81bc-0ec01621fcc4\', \'3861ccbc-5117-4fa6-9c5d-9eb0ab5a7ad0\', \'3d80f5ba-5264-45a7-9a82-30d1e287ab01\', \'611b8c52-28b2-4bde-bdf9-cec64de9415f\', \'0e64bb41-e331-43c8-84a4-55d4858657c8\', \'4d97629c-178f-4fcf-9e86-fd80955ac114\', \'15736d60-c1ad-49a5-8cba-98f69993ec69\', \'8cc87d22-add5-4030-9199-a8b172c84654\', \'f039ee74-e2cf-4457-9dd2-784fc894d9ca\', \'1c96d480-3194-4beb-a712-5b1b3ea3872c\', \'dc225a7e-fa31-410f-acc6-5fe1a2938f41\', \'8258e6bf-7651-4ffc-9fc7-383b247a1df7\', \'0ad6d966-df22-4248-b38d-dfa81fab38ad\', \'06a1bdfa-da14-46ac-b95e-6ce6ad71a8f2\', \'d43a9214-8430-4481-94ae-01e111fbf07e\', \'bd104564-f941-4da0-b192-77d95ed77165\', \'176c13c5-6ce9-463a-ac82-4f86aacc7f42\', \'c84a93b0-2439-4b2d-8bcb-0d7257383119\', \'d0a1a0c0-f45e-4a7c-b42e-b61ab4982ad3\', \'2cfae1a0-66f5-4553-850e-735db2f9393e\', \'a5629ea9-e70c-4837-a7ce-ed36b2db6557\', \'4cd794e4-3297-43a7-a131-22a0719085e6\', \'5e8c662c-feb8-43a8-b2ad-9c59e82c44a7\', \'db8d371e-575c-4d0d-b22e-37121e10b6fc\', \'9303eeb7-6097-44b2-b52e-cc8270e19510\', \'3bdffa53-39e3-48fe-8b34-a6d3ec1a66e3\', \'3c15b7c0-6f6c-47fe-8fba-87d821c5c1bc\', \'60c586ce-efb0-494e-bc96-73db2daf0c39\', \'38331286-68a7-4130-9cf9-a0b3bfdfb3cb\'], \'solveMode\': \'optimization\', \'engine\': \'auto\', \'preferences\': {\'heuristics\': [{\'key\': \'module\', \'weight\': 0.65}, {\'key\': \'activity\', \'weight\': 0.62}, {\'key\': \'location\', \'weight\': 0.92}]}}')",1
POST,//api/solver/jobs,"CatchResponseError('solver rejected [400]: {""code"":""VALIDATION_INVALID_REQUEST"",""message"":""Timetable solve job did not match the shared queue contract"",""requestId"":""req_844bb76c-e2c9-463a-9285-94fee883d4f1""} | payload={\'eventIds\': [\'934c3695-1c4d-429c-972c-79352d035b99\', \'6ebea822-b1db-4bad-8904-27e5486b3485\', \'4a54d9d5-90ac-48e0-9fd0-5a57770aae5b\', \'6b7f1d7f-4fb7-4800-b970-bfd76b5205f0\', \'a0f62194-988b-4034-b79b-b74b2af83840\', \'273e613a-cfcb-4eb8-8a0e-8b7365d33b7a\', \'43099e45-28fd-4042-b387-4b24f656f79f\', \'e82fa4b1-7685-4362-8596-105deff18ff2\', \'719ec13f-e941-465b-84a7-9e43d5196e2d\', \'edcc5600-e2b2-4db6-91ab-aacc38ce960f\', \'308f01eb-937c-4db3-9aba-cefff6824ba2\', \'cf96204b-d499-46f2-b751-2607933681ab\', \'cc744c99-bb54-494e-8115-c1d359d3b0c6\', \'a5e4874f-3e5a-4a47-842a-bc5544ed5266\', \'3faf1c75-173e-4cf4-9917-560f82092e14\', \'bcef6e3c-66c6-4ae1-8d95-92578f305d3a\', \'da71a8b4-b41c-4fc7-bcb3-a49b23b6b4b8\', \'0aeedb16-ed52-4e42-a4ad-a963e7a7bfdf\', \'79dba90b-c348-43ef-8101-1f2906124124\', \'af83cde9-21fa-4cf3-8a49-e76d6b4872b7\', \'7ec42d3d-a7de-4eb2-8911-a6d07554bbf3\', \'5c10c80d-3885-44ed-ad76-34635efe6cd9\', \'a10d1ad6-e127-4203-9f9f-3e659500c4ee\', \'d3fdf1bc-4bee-4d0c-9f24-5a05ac0d42ba\', \'27ab7d58-f55e-4f01-9b46-390c6cb723a1\', \'4dc64461-526b-463b-bb5b-d97db5dcba52\', \'83067dea-6485-485d-aaac-f51a6db78696\', \'3861ccbc-5117-4fa6-9c5d-9eb0ab5a7ad0\', \'3d80f5ba-5264-45a7-9a82-30d1e287ab01\', \'611b8c52-28b2-4bde-bdf9-cec64de9415f\', \'0e64bb41-e331-43c8-84a4-55d4858657c8\', \'4d97629c-178f-4fcf-9e86-fd80955ac114\', \'15736d60-c1ad-49a5-8cba-98f69993ec69\', \'8cc87d22-add5-4030-9199-a8b172c84654\', \'f039ee74-e2cf-4457-9dd2-784fc894d9ca\', \'1c96d480-3194-4beb-a712-5b1b3ea3872c\', \'dc225a7e-fa31-410f-acc6-5fe1a2938f41\', \'8258e6bf-7651-4ffc-9fc7-383b247a1df7\', \'0ad6d966-df22-4248-b38d-dfa81fab38ad\', \'06a1bdfa-da14-46ac-b95e-6ce6ad71a8f2\', \'d43a9214-8430-4481-94ae-01e111fbf07e\', \'bd104564-f941-4da0-b192-77d95ed77165\', \'176c13c5-6ce9-463a-ac82-4f86aacc7f42\', \'c84a93b0-2439-4b2d-8bcb-0d7257383119\', \'d0a1a0c0-f45e-4a7c-b42e-b61ab4982ad3\', \'b905b55c-9542-4c4d-bd6a-879bd00dddb7\'], \'solveMode\': \'optimization\', \'engine\': \'auto\', \'preferences\': {\'heuristics\': [{\'key\': \'module\', \'weight\': 0.87}, {\'key\': \'activity\', \'weight\': 0.77}, {\'key\': \'location\', \'weight\': 0.23}]}}')",1
POST,//api/solver/jobs,"CatchResponseError('solver rejected [400]: {""code"":""VALIDATION_INVALID_REQUEST"",""message"":""Timetable solve job did not match the shared queue contract"",""requestId"":""req_17f3c9f9-3c2a-4a31-a6f3-138d12f969b1""} | payload={\'eventIds\': [\'40bd1a50-5390-4b20-8cf6-1e02b79545ff\', \'f650d262-c50e-44d5-9cb9-d56326bc80a5\', \'5c521eb9-5eb3-4c1f-ab16-ec6911950e61\'], \'solveMode\': \'optimization\', \'engine\': \'ga\', \'preferences\': {\'heuristics\': [{\'key\': \'module\', \'weight\': 0.76}, {\'key\': \'activity\', \'weight\': 0.91}, {\'key\': \'location\', \'weight\': 0.78}]}}')",1
POST,//api/solver/jobs,"CatchResponseError('solver rejected [400]: {""code"":""VALIDATION_INVALID_REQUEST"",""message"":""Timetable solve job did not match the shared queue contract"",""requestId"":""req_6737ae55-c1e6-4107-88c0-8378bfb789fa""} | payload={\'eventIds\': [\'3b7cc97f-6859-4b72-91d7-02b2f722a860\', \'67c0e85a-124f-417e-8cef-f082dfa50619\', \'88ed2f4e-f085-4059-a8b7-bc2cbe5afae6\', \'8e66fcb6-4889-47b8-8a7d-31749761a0af\', \'9f607197-fdc2-4783-8673-c7e52992abed\', \'9f9686ae-a016-4fda-ba9d-0d092406acca\', \'cbbf88e7-ad1f-4769-a6b2-3332e08bb2f7\', \'f5809be4-520d-40ef-8529-b7a1b2511655\', \'300b5c2f-6596-4d6d-be99-d140157c2654\', \'40bd1a50-5390-4b20-8cf6-1e02b79545ff\', \'559e71bf-d06e-4c25-99f8-6839141770b0\', \'788783ca-cce0-4de6-8b09-cdcdc67f34ce\', \'976c970d-8c89-4791-bfc4-5f4a1bb44cb3\', \'d08fff6c-3191-4154-8eaf-11ade36a73ae\', \'e99434d8-1b03-41c8-ba46-a9a7f0503e5b\', \'f02661ea-2958-427a-9cd2-4154231c9893\', \'175d4950-806b-4421-a0e3-715da8e1a7c9\', \'6043052f-e475-4ed2-9a3a-882ff4537114\', \'c25fba20-59c4-4218-882f-2342c3edcf4a\', \'f4a1c34b-414e-436a-a3d1-49e97c4765ee\', \'9e68f44f-ed00-43a4-92a8-613fa18146b3\', \'db7a4021-22c2-495e-bfbf-3c2f541b413f\', \'e0c4ed39-931c-482b-a49b-e7b54bd07c86\', \'a0a0d906-f5a0-4af1-8ae5-48f71af169e4\', \'01355423-a732-4f9c-99b4-1b97a73eb3bb\', \'0d1678cf-3c66-45ba-971e-f517af03d8ed\', \'dc11b46f-9132-4632-8682-0216b1c1fea5\', \'85cb0080-273c-44e4-9344-b507b6f07a7e\', \'8e4282a6-3eef-4488-95a7-4b6c4443b056\', \'2eef1ca2-353c-4cbe-906b-c6e645797500\', \'c88a551a-407f-4692-90bd-2c8cccbbd145\', \'80c8a26c-c851-49fd-bd0e-8f5352541be4\', \'b96b9f66-3dad-41f4-addf-2b9c4dcc58ec\', \'d1046676-45e1-4ada-ac45-795f63f11bfe\', \'106b6428-c96f-4585-9a15-750c57eb90de\', \'3eea88bb-0324-4fd1-b82c-963a9fdff806\', \'1a1bc98d-7659-414e-81a4-b374a5a6f776\', \'97730ed2-51d1-443c-b96d-972033c890b4\', \'ced24732-c69f-4afc-aad9-f8cc3ba127ac\', \'e08afc8b-0210-4801-aefb-f2aeb081d97a\', \'02b1de7c-da3f-431d-a4dd-8920fe550f65\', \'1991d9e7-845c-4fcc-a47c-893cd938f6b3\', \'6fae8e0d-edcc-4f60-b4c5-e4466d4c3dd0\', \'6d3d13b9-78e9-449e-9ef3-bc98f27b83b6\', \'5be94e68-7af3-412f-bb82-3b4847fbb64d\', \'ff6746d0-0f56-47a2-894e-5e2fcf1001c0\', \'9537ff80-76d7-4000-bc13-f0e64e7d815e\', \'bf098e44-79de-4697-b27a-dcf005757b2e\', \'26b64855-5ce0-4eb0-801c-201481eec8c1\', \'646e3ca8-1f6f-4d2b-b440-86d00a0f3ea5\', \'8de26ad5-040c-485c-b26f-9b09953a27e5\', \'9571195f-d360-485e-b3b5-c09d2f1faaad\', \'89585a5b-602e-480b-93fa-163183c3be68\', \'b007ae82-bbe6-4841-ac41-0c6325a7e517\', \'cf0464de-bf91-49ee-8e53-9b29ebf1dd6a\', \'7643b3d6-177c-4449-9d46-6fe034753445\', \'d4a5676d-bf72-43b1-9546-ffdb602854fd\', \'2c3e4cdb-a9f2-4a6a-b391-3434b5d81bba\', \'8a353bd3-a76c-42a6-a799-4b7def38cbdb\', \'c1598647-6001-49e6-8083-91166c004dd7\', \'f1b915b7-9ac8-411a-942a-745296bc3f09\', \'0e18ec20-52ea-409f-881f-ffebdd2766e3\', \'ec11fac1-3dbc-4a4e-862e-ddca1c230ca6\', \'938d1f3b-ae93-4172-b208-3b3d4494f5eb\', \'414749c7-206e-45b5-8b8b-38f9cd753a25\', \'37968839-12ef-4d94-a7a0-bd10c1c9be3d\', \'bcdafe21-4a22-498d-9466-c788279cb01a\', \'b5130a1b-abdb-4e8f-9876-e18b6b07fc84\', \'4340b82b-4d38-4028-b42d-618310b0291b\', \'0b5cfe41-072b-466b-b9cc-797be1d75eda\', \'5ba0ef85-61f0-40ec-becd-808e0ac94303\', \'4ba81307-3b94-4909-ad2a-0eb3b36edce3\', \'ff4d4e63-48dd-404a-aba4-8c3767af2e1a\', \'8196a0b8-ef16-4b2d-b822-e7babe80da9c\', \'c49535c6-9e61-45a2-b56f-9d7ff57aefcf\', \'8b66d164-8920-42d4-ad51-6c714a42138d\', \'bc0a07a2-573e-4307-8aac-c028ae76ff4c\', \'3e4738a4-6fed-4d7a-a0bf-81951d6453df\', \'ffd03692-7fca-413d-ad0b-3491a2041b4a\', \'ded5a8f1-d4d1-4077-8f4d-6e85856bc0df\', \'16320c3d-e81d-4c7f-b383-e51da14bf0ea\', \'518746e8-73f5-4115-96bb-5cc058c6b4dd\', \'52e0be5f-bd4b-4193-bbbd-92ffbccf676e\', \'2f852497-fb99-4c33-b5a8-24cfb155058e\', \'3bd4eab9-79cb-4929-ad7a-e6d08eda7f68\', \'40212c42-554f-434e-930c-6a5ca1a2b99e\', \'961d8282-e3a9-4cdd-a866-b545089fd5ec\', \'981c41bd-4dc2-4584-b204-e3ac4afd8c31\', \'f96b9677-9ede-4cb9-909f-2ee825fd6769\', \'2a972c09-0f69-4b4b-aeb2-094260bcdba5\', \'967cfffe-1985-48bc-a62c-23d222e07dca\', \'79c65adb-4c01-4eb0-bf12-c2a6d873ae7a\', \'c76d57f2-0f10-4a0f-9ecf-474e4c9b23dd\', \'6fd37e08-08ef-4f13-b1dc-2654599b57f3\', \'b5c4ad4d-d249-4385-a8bc-d88bec957962\', \'c53b4011-2488-4682-910d-74b0c2e50eb6\', \'1e0838aa-802a-46da-832f-fd549686fc2c\', \'7df75bac-9555-4fb1-a6cd-58a08468600c\', \'6154e49e-9c0c-49b9-8d9f-283042caba62\', \'b8268d6c-93ad-4ecb-ab02-5be396e8d576\', \'894d0be8-ec0b-45fb-a147-ace4626f2ff9\', \'57a20342-bb08-4611-bfac-a7bf92c1227f\', \'61010469-871c-487f-a164-3cfc4b5eac08\', \'01b992ae-23df-41b7-a09e-2ef78d5cb065\', \'2af462c9-1676-4b57-acc6-4e1b81dd889e\', \'936eb664-0abb-4b62-9a0f-a3cca2beb689\', \'f650d262-c50e-44d5-9cb9-d56326bc80a5\', \'83dc5212-3dfe-4c66-9420-733fa5163c5d\', \'f82c3548-309d-4635-b381-f8cb11f049e1\', \'ffd1b963-da72-4f4b-ab79-876496d68442\', \'14f28d1d-d722-497f-8385-e85a654d1955\', \'99030da4-27ad-4ced-8b28-6137161711f6\', \'0c923a09-8056-459e-8fc6-6941c7107434\', \'0fd34cb1-f5c8-410f-8649-9aa892332cfe\', \'822057ba-3168-4856-b16a-c4d0eedab203\', \'44b03ab7-1f84-475e-8d91-b887b0749e86\', \'1a7f20d5-98b4-4678-bee3-afacce938688\', \'17398cc3-ae3d-4d3d-8fe5-257c90af964c\', \'885b1305-a35b-4b72-82d8-b992cfb16f45\', \'0555bc00-f88c-4902-b8e7-7ba77386b28d\', \'5e417250-f879-4092-ab51-9fa4b84dfe31\', \'88de91e3-c8d3-428b-9a07-25d29ee6a85b\', \'852283f4-f2f3-4d29-a59b-9ea8badeef4e\', \'e4edc9e6-9eff-4696-b996-c2c9bee383d2\', \'8b345e55-eea6-4e5e-b48a-8d298cde0885\', \'08cec898-f72e-44e8-9d9e-ae545b4cf985\', \'10d4f549-7d14-4bcb-8ee8-e7c6a03b0835\', \'b086a007-0695-426d-aa72-a408166ee86b\', \'e72408e7-0fd8-44c2-ae0e-85dd5eea6fc3\', \'78a026e8-0639-47cb-9435-14a5730c5cde\', \'35732b92-6ec5-4c32-a056-f3155d43b797\', \'0287749d-42de-4cd8-83b2-22ea6fbed916\', \'f4c0cfa8-6260-4c89-8640-4dc0bdf6e618\', \'2f1acdf3-7723-4ae8-850b-b81d4d21492f\', \'1158225e-d4f7-41f9-99f6-50ec4267e6c5\', \'87a825a1-4305-4878-bb22-d571ccd2d0cc\', \'e1b7c284-f6fc-4391-b871-e127692d3004\', \'ad8cd0ab-709f-4597-afc5-d219a24985c7\', \'7b5e6f4b-9bfa-4002-adf2-7bb670187e48\', \'51c9eb37-0c29-4c58-94fe-4a8a2678e3e7\', \'4aacfcc1-9c49-4e85-9f08-a8452ca4ee25\', \'a8e004f1-9ff6-4c60-89c4-f79d1fca8f3f\', \'d3da3c08-23bc-48e3-9a29-bd5824ef90af\', \'6e9e9e63-5ce5-46bc-83da-b1e55154d362\', \'f7499db5-167b-4ff9-bf72-393446a81b8e\', \'ff95dd12-17c7-4a06-974b-6396c422db5c\', \'f0632387-235e-4fa1-b76f-3be24680597f\', \'b7189d47-4001-4ab0-a339-bf90c0a94f8a\', \'869ce1bd-308c-4556-a717-2b8c2c47ab32\', \'91fe82bd-3e2d-48bd-869c-a4ca1dce3785\', \'8af62a81-de86-414b-af45-d9fe6cfdd9e2\', \'3966982e-a6b7-4adb-9160-6dfbc33686f2\', \'587f2ffb-db90-4e21-a62f-34c3e83d71d1\', \'a093be93-49e7-489c-a08a-42640dcee4e9\', \'3a8271d7-023a-46a3-a26b-dbcd0ac194b2\', \'fbdf3d1c-996f-481a-a327-e415fd9b5eab\', \'09fe82d9-13a2-40f9-b396-f25407fec8d3\', \'c18bc88b-d738-413c-bead-776d2bf2c3a3\', \'1fcea0bc-2d2c-43a0-aa42-63d1cc3ea375\', \'7400e93b-e2bd-4c15-aed9-7ab6d9eb0d2d\', \'d61ac6df-864c-4b66-aabc-09ece9fdf1f2\', \'a76ae4fa-aa16-4f0c-94bf-4f3324291723\', \'1f55914b-53f9-42d6-a232-b954e5610e6c\', \'cceee271-3f30-412e-82dd-93c5cb2ac80c\', \'09fbd2d5-1747-4865-97b3-a6a2e7a64d77\', \'52211e9f-9a60-4572-a360-45c25a02af6b\', \'31a1b733-f2e1-46d1-9f04-e0fcf99747ba\', \'bccc1f05-4620-4969-9b8d-e502267cccb3\', \'ae150ed5-67b3-443d-ab66-b20851f5eea8\', \'0b369745-2063-4383-aa75-715e03bbc19b\', \'9afc65c4-0b0e-4284-be6b-bb537a11c200\', \'65bbbecd-b8c2-4524-a8c9-5ddef061d638\', \'3350a387-681c-4e79-a8b4-be10fa588c02\', \'01b7333c-d1c3-4cbe-9d90-e38ac37c870c\', \'3829abeb-ec48-4661-8102-1bb5964b757d\', \'d1681a1d-3207-413f-bb61-65892d343701\', \'5c521eb9-5eb3-4c1f-ab16-ec6911950e61\', \'6730782f-2b67-4ead-86c8-494efcc31c6a\', \'eeda257c-34a3-4bc7-939e-16749aa57ffe\', \'3d78cc07-b7dc-484c-870b-a35ea2c2758f\', \'67d9e075-7a95-44b1-9036-d766cb49471b\', \'ec9bfc85-db12-4d7e-a0b7-f5488e8270d9\', \'6e990671-f651-4892-811e-4e08927f745f\', \'28d4ac86-63f5-4cad-8f05-012d197a67f6\', \'b9526ea3-418e-45b6-b25c-5fe7e62bebc0\', \'73e88a1e-f062-4c97-bd2a-ece940c12a07\', \'e64297ee-f044-49d6-9641-0dca4cffd6b1\', \'6cf0d65b-7506-4357-bbf5-de4046d8d454\', \'6a528514-e8a3-4402-87ea-82ebba368780\', \'2913c5c5-8e40-44f3-ba8c-5b82aa41ee4f\', \'0f299703-a69a-432b-8a63-682003786d39\', \'c0ea2393-4292-47a6-82f1-67490545ff65\', \'7cda2469-12d1-4be2-8a21-279a4c62b2c0\', \'483d85b6-de35-4b69-9b0e-354a6798e85c\', \'e302954d-2832-4d06-a1eb-b184cf9cb67a\', \'8a6aeda4-85a4-404e-909a-0cc34471ad37\', \'69aaa090-ce30-48d5-bb88-b5fd4cc98f25\', \'e95fca71-130d-4e38-80c7-202cfea6fbde\', \'1b292489-5b86-4a01-ae6e-0aceb02de27c\', \'a5629ea9-e70c-4837-a7ce-ed36b2db6557\', \'4cd794e4-3297-43a7-a131-22a0719085e6\', \'5e8c662c-feb8-43a8-b2ad-9c59e82c44a7\', \'db8d371e-575c-4d0d-b22e-37121e10b6fc\', \'9303eeb7-6097-44b2-b52e-cc8270e19510\', \'3bdffa53-39e3-48fe-8b34-a6d3ec1a66e3\', \'3c15b7c0-6f6c-47fe-8fba-87d821c5c1bc\', \'60c586ce-efb0-494e-bc96-73db2daf0c39\', \'38331286-68a7-4130-9cf9-a0b3bfdfb3cb\', \'8db34c21-e819-4728-97c1-ea3eec5cd4dc\'], \'solveMode\': \'optimization\', \'engine\': \'auto\', \'preferences\': {\'heuristics\': [{\'key\': \'module\', \'weight\': 0.44}, {\'key\': \'activity\', \'weight\': 0.43}, {\'key\': \'location\', \'weight\': 0.64}]}}')",1
POST,//api/solver/jobs,"CatchResponseError('solver rejected [400]: {""code"":""VALIDATION_INVALID_REQUEST"",""message"":""Timetable solve job did not match the shared queue contract"",""requestId"":""req_f0a1863d-e4cb-4662-89d6-9bc284809a8a""} | payload={\'eventIds\': [\'a5a9ace4-85b2-4e89-bd65-1c3e5139d85b\', \'ca68d1f8-f32c-4cfa-b9fe-082660bb9cfd\', \'d07ca877-3fc7-4aa9-822e-3e0b6aab46d1\', \'06a1bdfa-da14-46ac-b95e-6ce6ad71a8f2\', \'0ad6d966-df22-4248-b38d-dfa81fab38ad\', \'0e64bb41-e331-43c8-84a4-55d4858657c8\', \'15736d60-c1ad-49a5-8cba-98f69993ec69\', \'176c13c5-6ce9-463a-ac82-4f86aacc7f42\', \'1c96d480-3194-4beb-a712-5b1b3ea3872c\', \'3861ccbc-5117-4fa6-9c5d-9eb0ab5a7ad0\', \'3d80f5ba-5264-45a7-9a82-30d1e287ab01\', \'4d97629c-178f-4fcf-9e86-fd80955ac114\', \'611b8c52-28b2-4bde-bdf9-cec64de9415f\', \'8258e6bf-7651-4ffc-9fc7-383b247a1df7\', \'8cc87d22-add5-4030-9199-a8b172c84654\', \'bd104564-f941-4da0-b192-77d95ed77165\', \'c84a93b0-2439-4b2d-8bcb-0d7257383119\', \'d0a1a0c0-f45e-4a7c-b42e-b61ab4982ad3\', \'d43a9214-8430-4481-94ae-01e111fbf07e\', \'dc225a7e-fa31-410f-acc6-5fe1a2938f41\', \'f039ee74-e2cf-4457-9dd2-784fc894d9ca\', \'9f9686ae-a016-4fda-ba9d-0d092406acca\', \'88ed2f4e-f085-4059-a8b7-bc2cbe5afae6\', \'f5809be4-520d-40ef-8529-b7a1b2511655\', \'67c0e85a-124f-417e-8cef-f082dfa50619\', \'3b7cc97f-6859-4b72-91d7-02b2f722a860\', \'9f607197-fdc2-4783-8673-c7e52992abed\', \'8e66fcb6-4889-47b8-8a7d-31749761a0af\', \'cbbf88e7-ad1f-4769-a6b2-3332e08bb2f7\', \'9ea5edd8-bf1d-4934-a770-d11ac158f7ca\', \'082110cf-3f8b-49a1-ae30-0fad1fe2dccd\', \'0712edef-8c94-484c-8fb1-dce9ff2e56f9\', \'9533c55d-419b-42f9-a14a-30c211f08c0c\', \'3b11527d-eb97-4864-b5ae-7ad5597e68c0\', \'a40ca57c-51c4-439a-acb3-2c3801f49f49\', \'7cf81958-a076-45a5-badb-a22ae735cefc\', \'a6fcf642-ac13-416d-995f-541394335527\', \'ec418344-e818-4552-b119-dff445653ca5\', \'942e03ca-52a9-48fb-b6d5-e74eff5333ae\', \'c24de7c5-abf9-4d26-9a4b-2cc5c7474df8\', \'1fb41358-c741-4f60-b203-801717ee95bd\', \'8d7cc4c4-2107-419f-988d-4af5983d44ac\', \'78ff8d34-2f1a-42ad-89b2-6a6844e428b5\', \'b07ace43-3243-4bc1-ba06-ffa38889f50d\', \'ae7384a3-1628-49d7-a200-4e0711766428\', \'c8986a08-b5f6-4276-a363-87f5aff064ca\', \'73034db1-076a-452d-b922-bede10300a1e\', \'92b8737f-fc5c-4c79-b6f0-e076d1430c73\', \'9e4bd624-2ea3-4568-a96e-cfd2ceb4bb06\', \'934c3695-1c4d-429c-972c-79352d035b99\', \'6ebea822-b1db-4bad-8904-27e5486b3485\', \'4a54d9d5-90ac-48e0-9fd0-5a57770aae5b\', \'6b7f1d7f-4fb7-4800-b970-bfd76b5205f0\', \'a0f62194-988b-4034-b79b-b74b2af83840\', \'273e613a-cfcb-4eb8-8a0e-8b7365d33b7a\', \'43099e45-28fd-4042-b387-4b24f656f79f\', \'e82fa4b1-7685-4362-8596-105deff18ff2\', \'719ec13f-e941-465b-84a7-9e43d5196e2d\', \'edcc5600-e2b2-4db6-91ab-aacc38ce960f\', \'308f01eb-937c-4db3-9aba-cefff6824ba2\', \'cf96204b-d499-46f2-b751-2607933681ab\', \'cc744c99-bb54-494e-8115-c1d359d3b0c6\', \'a5e4874f-3e5a-4a47-842a-bc5544ed5266\', \'3faf1c75-173e-4cf4-9917-560f82092e14\', \'bcef6e3c-66c6-4ae1-8d95-92578f305d3a\', \'da71a8b4-b41c-4fc7-bcb3-a49b23b6b4b8\', \'0aeedb16-ed52-4e42-a4ad-a963e7a7bfdf\', \'79dba90b-c348-43ef-8101-1f2906124124\', \'af83cde9-21fa-4cf3-8a49-e76d6b4872b7\', \'7ec42d3d-a7de-4eb2-8911-a6d07554bbf3\', \'5c10c80d-3885-44ed-ad76-34635efe6cd9\', \'a10d1ad6-e127-4203-9f9f-3e659500c4ee\', \'d3fdf1bc-4bee-4d0c-9f24-5a05ac0d42ba\', \'27ab7d58-f55e-4f01-9b46-390c6cb723a1\', \'4dc64461-526b-463b-bb5b-d97db5dcba52\', \'83067dea-6485-485d-aaac-f51a6db78696\'], \'solveMode\': \'optimization\', \'engine\': \'ga\', \'preferences\': {\'heuristics\': [{\'key\': \'module\', \'weight\': 0.12}, {\'key\': \'activity\', \'weight\': 0.73}, {\'key\': \'location\', \'weight\': 0.96}]}}')",1
