Timestamp,User Count,Type,Name,Requests/s,Failures/s,50%,66%,75%,80%,90%,95%,98%,99%,99.9%,99.99%,100%,Total Request Count,Total Failure Count,Total Median Response Time,Total Average Response Time,Total Min Response Time,Total Max Response Time,Total Average Content Size
1790694299,0,,Aggregated,0.000000,0.000000,N/A,N/A,N/A,N/A,N/A,N/A,N/A,N/A,N/A,N/A,N/A,0,0,0,0.0,0,0,0
1790694300,0,,Aggregated,0.000000,0.000000,N/A,N/A,N/A,N/A,N/A,N/A,N/A,N/A,N/A,N/A,N/A,0,0,0,0.0,0,0,0
1790694301,0,,Aggregated,0.000000,0.000000,N/A,N/A,N/A,N/A,N/A,N/A,N/A,N/A,N/A,N/A,N/A,0,0,0,0.0,0,0,0
1790694302,0,,Aggregated,0.000000,0.000000,N/A,N/A,N/A,N/A,N/A,N/A,N/A,N/A,N/A,N/A,N/A,0,0,0,0.0,0,0,0
1790694303,0,,Aggregated,0.000000,0.000000,N/A,N/A,N/A,N/A,N/A,N/A,N/A,N/A,N/A,N/A,N/A,0,0,0,0.0,0,0,0
1790694304,0,,Aggregated,0.000000,0.000000,N/A,N/A,N/A,N/A,N/A,N/A,N/A,N/A,N/A,N/A,N/A,0,0,0,0.0,0,0,0
1790694305,0,,Aggregated,0.000000,0.000000,N/A,N/A,N/A,N/A,N/A,N/A,N/A,N/A,N/A,N/A,N/A,0,0,0,0.0,0,0,0
1790694306,0,,Aggregated,0.000000,0.000000,N/A,N/A,N/A,N/A,N/A,N/A,N/A,N/A,N/A,N/A,N/A,0,0,0,0.0,0,0,0
1790694307,0,,Aggregated,0.000000,0.000000,N/A,N/A,N/A,N/A,N/A,N/A,N/A,N/A,N/A,N/A,N/A,0,0,0,0.0,0,0,0
1790694308,0,,Aggregated,0.000000,0.000000,N/A,N/A,N/A,N/A,N/A,N/A,N/A,N/A,N/A,N/A,N/A,0,0,0,0.0,0,0,0
1790694309,0,,Aggregated,0.000000,0.000000,N/A,N/A,N/A,N/A,N/A,N/A,N/A,N/A,N/A,N/A,N/A,0,0,0,0.0,0,0,0
1790694310,0,,Aggregated,0.000000,0.000000,N/A,N/A,N/A,N/A,N/A,N/A,N/A,N/A,N/A,N/A,N/A,0,0,0,0.0,0,0,0
1790694311,0,,Aggregated,0.000000,0.000000,N/A,N/A,N/A,N/A,N/A,N/A,N/A,N/A,N/A,N/A,N/A,0,0,0,0.0,0,0,0
1790694312,0,,Aggregated,0.000000,0.000000,N/A,N/A,N/A,N/A,N/A,N/A,N/A,N/A,N/A,N/A,N/A,0,0,0,0.0,0,0,0
1790694313,0,,Aggregated,0.000000,0.000000,N/A,N/A,N/A,N/A,N/A,N/A,N/A,N/A,N/A,N/A,N/A,0,0,0,0.0,0,0,0
1790694314,0,,Aggregated,0.000000,0.000000,N/A,N/A,N/A,N/A,N/A,N/A,N/A,N/A,N/A,N/A,N/A,0,0,0,0.0,0,0,0
1790694315,0,,Aggregated,0.000000,0.000000,N/A,N/A,N/A,N/A,N/A,N/A,N/A,N/A,N/A,N/A,N/A,0,0,0,0.0,0,0,0
1790694316,0,,Aggregated,0.000000,0.000000,N/A,N/A,N/A,N/A,N/A,N/A,N/A,N/A,N/A,N/A,N/A,0,0,0,0.0,0,0,0
1790694317,0,,Aggregated,0.000000,0.000000,N/A,N/A,N/A,N/A,N/A,N/A,N/A,N/A,N/A,N/A,N/A,0,0,0,0.0,0,0,0
1790694318,0,,Aggregated,0.000000,0.000000,N/A,N/A,N/A,N/A,N/A,N/A,N/A,N/A,N/A,N/A,N/A,0,0,0,0.0,0,0,0
1790694319,0,,Aggregated,0.000000,0.000000,N/A,N/A,N/A,N/A,N/A,N/A,N/A,N/A,N/A,N/A,N/A,0,0,0,0.0,0,0,0
1790694320,0,,Aggregated,0.000000,0.000000,N/A,N/A,N/A,N/A,N/A,N/A,N/A,N/A,N/A,N/A,N/A,0,0,0,0.0,0,0,0
1790694321,0,,Aggregated,0.000000,0.000000,N/A,N/A,N/A,N/A,N/A,N/A,N/A,N/A,N/A,N/A,N/A,0,0,0,0.0,0,0,0
1790694322,0,,Aggregated,0.000000,0.000000,N/A,N/A,N/A,N/A,N/A,N/A,N/A,N/A,N/A,N/A,N/A,0,0,0,0.0,0,0,0
1790694323,0,,Aggregated,0.000000,0.000000,N/A,N/A,N/A,N/A,N/A,N/A,N/A,N/A,N/A,N/A,N/A,0,0,0,0.0,0,0,0
1790694324,0,,Aggregated,0.000000,0.000000,N/A,N/A,N/A,N/A,N/A,N/A,N/A,N/A,N/A,N/A,N/A,0,0,0,0.0,0,0,0
1790694325,0,,Aggregated,0.000000,0.000000,N/A,N/A,N/A,N/A,N/A,N/A,N/A,N/A,N/A,N/A,N/A,0,0,0,0.0,0,0,0
1790694326,0,,Aggregated,0.000000,0.000000,N/A,N/A,N/A,N/A,N/A,N/A,N/A,N/A,N/A,N/A,N/A,0,0,0,0.0,0,0,0
1790694327,0,,Aggregated,0.000000,0.000000,N/A,N/A,N/A,N/A,N/A,N/A,N/A,N/A,N/A,N/A,N/A,0,0,0,0.0,0,0,0
1790694328,0,,Aggregated,0.000000,0.000000,N/A,N/A,N/A,N/A,N/A,N/A,N/A,N/A,N/A,N/A,N/A,0,0,0,0.0,0,0,0
1790694329,0,,Aggregated,0.000000,0.000000,N/A,N/A,N/A,N/A,N/A,N/A,N/A,N/A,N/A,N/A,N/A,0,0,0,0.0,0,0,0
1790694330,0,,Aggregated,0.000000,0.000000,N/A,N/A,N/A,N/A,N/A,N/A,N/A,N/A,N/A,N/A,N/A,0,0,0,0.0,0,0,0
1790694331,0,,Aggregated,0.000000,0.000000,N/A,N/A,N/A,N/A,N/A,N/A,N/A,N/A,N/A,N/A,N/A,0,0,0,0.0,0,0,0
1790694332,0,,Aggregated,0.000000,0.000000,N/A,N/A,N/A,N/A,N/A,N/A,N/A,N/A,N/A,N/A,N/A,0,0,0,0.0,0,0,0
1790694333,0,,Aggregated,0.000000,0.000000,N/A,N/A,N/A,N/A,N/A,N/A,N/A,N/A,N/A,N/A,N/A,0,0,0,0.0,0,0,0
1790694334,0,,Aggregated,0.000000,0.000000,N/A,N/A,N/A,N/A,N/A,N/A,N/A,N/A,N/A,N/A,N/A,0,0,0,0.0,0,0,0
1790694335,0,,Aggregated,0.000000,0.000000,N/A,N/A,N/A,N/A,N/A,N/A,N/A,N/A,N/A,N/A,N/A,0,0,0,0.0,0,0,0
1790694336,0,,Aggregated,0.000000,0.000000,N/A,N/A,N/A,N/A,N/A,N/A,N/A,N/A,N/A,N/A,N/A,0,0,0,0.0,0,0,0
1790694337,0,,Aggregated,0.000000,0.000000,N/A,N/A,N/A,N/A,N/A,N/A,N/A,N/A,N/A,N/A,N/A,0,0,0,0.0,0,0,0
1790694338,0,,Aggregated,0.000000,0.000000,N/A,N/A,N/A,N/A,N/A,N/A,N/A,N/A,N/A,N/A,N/A,0,0,0,0.0,0,0,0
1790694339,0,,Aggregated,0.000000,0.000000,N/A,N/A,N/A,N/A,N/A,N/A,N/A,N/A,N/A,N/A,N/A,0,0,0,0.0,0,0,0
1790694340,0,,Aggregated,0.000000,0.000000,N/A,N/A,N/A,N/A,N/A,N/A,N/A,N/A,N/A,N/A,N/A,0,0,0,0.0,0,0,0
1790694341,0,,Aggregated,0.000000,0.000000,N/A,N/A,N/A,N/A,N/A,N/A,N/A,N/A,N/A,N/A,N/A,0,0,0,0.0,0,0,0
1790694342,0,,Aggregated,0.000000,0.000000,N/A,N/A,N/A,N/A,N/A,N/A,N/A,N/A,N/A,N/A,N/A,0,0,0,0.0,0,0,0
1790694343,0,,Aggregated,0.000000,0.000000,N/A,N/A,N/A,N/A,N/A,N/A,N/A,N/A,N/A,N/A,N/A,0,0,0,0.0,0,0,0
1790694344,0,,Aggregated,0.000000,0.000000,N/A,N/A,N/A,N/A,N/A,N/A,N/A,N/A,N/A,N/A,N/A,0,0,0,0.0,0,0,0
1790694345,0,,Aggregated,0.000000,0.000000,N/A,N/A,N/A,N/A,N/A,N/A,N/A,N/A,N/A,N/A,N/A,0,0,0,0.0,0,0,0
1790694346,0,,Aggregated,0.000000,0.000000,N/A,N/A,N/A,N/A,N/A,N/A,N/A,N/A,N/A,N/A,N/A,0,0,0,0.0,0,0,0
1790694347,0,,Aggregated,0.000000,0.000000,N/A,N/A,N/A,N/A,N/A,N/A,N/A,N/A,N/A,N/A,N/A,0,0,0,0.0,0,0,0
1790694348,0,,Aggregated,0.000000,0.000000,N/A,N/A,N/A,N/A,N/A,N/A,N/A,N/A,N/A,N/A,N/A,0,0,0,0.0,0,0,0
1790694349,0,,Aggregated,0.000000,0.000000,N/A,N/A,N/A,N/A,N/A,N/A,N/A,N/A,N/A,N/A,N/A,0,0,0,0.0,0,0,0
1790694350,0,,Aggregated,0.000000,0.000000,N/A,N/A,N/A,N/A,N/A,N/A,N/A,N/A,N/A,N/A,N/A,0,0,0,0.0,0,0,0
1790694351,0,,Aggregated,0.000000,0.000000,N/A,N/A,N/A,N/A,N/A,N/A,N/A,N/A,N/A,N/A,N/A,0,0,0,0.0,0,0,0
1790694352,0,,Aggregated,0.000000,0.000000,N/A,N/A,N/A,N/A,N/A,N/A,N/A,N/A,N/A,N/A,N/A,0,0,0,0.0,0,0,0
1790694353,0,,Aggregated,0.000000,0.000000,N/A,N/A,N/A,N/A,N/A,N/A,N/A,N/A,N/A,N/A,N/A,0,0,0,0.0,0,0,0
1790694354,0,,Aggregated,0.000000,0.000000,N/A,N/A,N/A,N/A,N/A,N/A,N/A,N/A,N/A,N/A,N/A,0,0,0,0.0,0,0,0
1790694355,0,,Aggregated,0.000000,0.000000,N/A,N/A,N/A,N/A,N/A,N/A,N/A,N/A,N/A,N/A,N/A,0,0,0,0.0,0,0,0
1790694356,0,,Aggregated,0.000000,0.000000,N/A,N/A,N/A,N/A,N/A,N/A,N/A,N/A,N/A,N/A,N/A,0,0,0,0.0,0,0,0
1790694357,0,,Aggregated,0.000000,0.000000,N/A,N/A,N/A,N/A,N/A,N/A,N/A,N/A,N/A,N/A,N/A,0,0,0,0.0,0,0,0
1790694358,0,,Aggregated,0.000000,0.000000,N/A,N/A,N/A,N/A,N/A,N/A,N/A,N/A,N/A,N/A,N/A,0,0,0,0.0,0,0,0
1790694359,0,,Aggregated,0.000000,0.000000,N/A,N/A,N/A,N/A,N/A,N/A,N/A,N/A,N/A,N/A,N/A,0,0,0,0.0,0,0,0
1790694360,0,,Aggregated,0.000000,0.000000,N/A,N/A,N/A,N/A,N/A,N/A,N/A,N/A,N/A,N/A,N/A,0,0,0,0.0,0,0,0
1790694361,0,,Aggregated,0.000000,0.000000,N/A,N/A,N/A,N/A,N/A,N/A,N/A,N/A,N/A,N/A,N/A,0,0,0,0.0,0,0,0
1790694362,0,,Aggregated,0.000000,0.000000,N/A,N/A,N/A,N/A,N/A,N/A,N/A,N/A,N/A,N/A,N/A,0,0,0,0.0,0,0,0
1790694363,0,,Aggregated,0.000000,0.000000,N/A,N/A,N/A,N/A,N/A,N/A,N/A,N/A,N/A,N/A,N/A,0,0,0,0.0,0,0,0
1790694364,0,,Aggregated,0.000000,0.000000,N/A,N/A,N/A,N/A,N/A,N/A,N/A,N/A,N/A,N/A,N/A,0,0,0,0.0,0,0,0
1790694365,0,,Aggregated,0.000000,0.000000,N/A,N/A,N/A,N/A,N/A,N/A,N/A,N/A,N/A,N/A,N/A,0,0,0,0.0,0,0,0
1790694366,0,,Aggregated,0.000000,0.000000,N/A,N/A,N/A,N/A,N/A,N/A,N/A,N/A,N/A,N/A,N/A,0,0,0,0.0,0,0,0
1790694367,0,,Aggregated,0.000000,0.000000,N/A,N/A,N/A,N/A,N/A,N/A,N/A,N/A,N/A,N/A,N/A,0,0,0,0.0,0,0,0
1790694368,0,,Aggregated,0.000000,0.000000,N/A,N/A,N/A,N/A,N/A,N/A,N/A,N/A,N/A,N/A,N/A,0,0,0,0.0,0,0,0
1790694369,0,,Aggregated,0.000000,0.000000,N/A,N/A,N/A,N/A,N/A,N/A,N/A,N/A,N/A,N/A,N/A,0,0,0,0.0,0,0,0
1790694370,0,,Aggregated,0.000000,0.000000,N/A,N/A,N/A,N/A,N/A,N/A,N/A,N/A,N/A,N/A,N/A,0,0,0,0.0,0,0,0
1790694371,0,,Aggregated,0.000000,0.000000,N/A,N/A,N/A,N/A,N/A,N/A,N/A,N/A,N/A,N/A,N/A,0,0,0,0.0,0,0,0
1790694372,0,,Aggregated,0.000000,0.000000,N/A,N/A,N/A,N/A,N/A,N/A,N/A,N/A,N/A,N/A,N/A,0,0,0,0.0,0,0,0
1790694373,0,,Aggregated,0.000000,0.000000,N/A,N/A,N/A,N/A,N/A,N/A,N/A,N/A,N/A,N/A,N/A,0,0,0,0.0,0,0,0
1790694374,0,,Aggregated,0.000000,0.000000,N/A,N/A,N/A,N/A,N/A,N/A,N/A,N/A,N/A,N/A,N/A,0,0,0,0.0,0,0,0
1790694375,0,,Aggregated,0.000000,0.000000,N/A,N/A,N/A,N/A,N/A,N/A,N/A,N/A,N/A,N/A,N/A,0,0,0,0.0,0,0,0
1790694376,0,,Aggregated,0.000000,0.000000,N/A,N/A,N/A,N/A,N/A,N/A,N/A,N/A,N/A,N/A,N/A,0,0,0,0.0,0,0,0
1790694377,0,,Aggregated,0.000000,0.000000,N/A,N/A,N/A,N/A,N/A,N/A,N/A,N/A,N/A,N/A,N/A,0,0,0,0.0,0,0,0
1790694378,0,,Aggregated,0.000000,0.000000,N/A,N/A,N/A,N/A,N/A,N/A,N/A,N/A,N/A,N/A,N/A,0,0,0,0.0,0,0,0
1790694379,0,,Aggregated,0.000000,0.000000,N/A,N/A,N/A,N/A,N/A,N/A,N/A,N/A,N/A,N/A,N/A,0,0,0,0.0,0,0,0
1790694380,0,,Aggregated,0.000000,0.000000,N/A,N/A,N/A,N/A,N/A,N/A,N/A,N/A,N/A,N/A,N/A,0,0,0,0.0,0,0,0
1790694381,0,,Aggregated,0.000000,0.000000,N/A,N/A,N/A,N/A,N/A,N/A,N/A,N/A,N/A,N/A,N/A,0,0,0,0.0,0,0,0
1790694382,0,,Aggregated,0.000000,0.000000,N/A,N/A,N/A,N/A,N/A,N/A,N/A,N/A,N/A,N/A,N/A,0,0,0,0.0,0,0,0
1790694383,0,,Aggregated,0.000000,0.000000,N/A,N/A,N/A,N/A,N/A,N/A,N/A,N/A,N/A,N/A,N/A,0,0,0,0.0,0,0,0
1790694384,0,,Aggregated,0.000000,0.000000,N/A,N/A,N/A,N/A,N/A,N/A,N/A,N/A,N/A,N/A,N/A,0,0,0,0.0,0,0,0
1790694385,0,,Aggregated,0.000000,0.000000,N/A,N/A,N/A,N/A,N/A,N/A,N/A,N/A,N/A,N/A,N/A,0,0,0,0.0,0,0,0
1790694386,0,,Aggregated,0.000000,0.000000,N/A,N/A,N/A,N/A,N/A,N/A,N/A,N/A,N/A,N/A,N/A,0,0,0,0.0,0,0,0
1790694387,0,,Aggregated,0.000000,0.000000,N/A,N/A,N/A,N/A,N/A,N/A,N/A,N/A,N/A,N/A,N/A,0,0,0,0.0,0,0,0
1790694388,0,,Aggregated,0.000000,0.000000,N/A,N/A,N/A,N/A,N/A,N/A,N/A,N/A,N/A,N/A,N/A,0,0,0,0.0,0,0,0
1790694389,0,,Aggregated,0.000000,0.000000,N/A,N/A,N/A,N/A,N/A,N/A,N/A,N/A,N/A,N/A,N/A,0,0,0,0.0,0,0,0
1790694390,0,,Aggregated,0.000000,0.000000,N/A,N/A,N/A,N/A,N/A,N/A,N/A,N/A,N/A,N/A,N/A,0,0,0,0.0,0,0,0
1790694391,0,,Aggregated,0.000000,0.000000,N/A,N/A,N/A,N/A,N/A,N/A,N/A,N/A,N/A,N/A,N/A,0,0,0,0.0,0,0,0
1790694392,0,,Aggregated,0.000000,0.000000,N/A,N/A,N/A,N/A,N/A,N/A,N/A,N/A,N/A,N/A,N/A,0,0,0,0.0,0,0,0
1790694393,0,,Aggregated,0.000000,0.000000,N/A,N/A,N/A,N/A,N/A,N/A,N/A,N/A,N/A,N/A,N/A,0,0,0,0.0,0,0,0
1790694394,0,,Aggregated,0.000000,0.000000,N/A,N/A,N/A,N/A,N/A,N/A,N/A,N/A,N/A,N/A,N/A,0,0,0,0.0,0,0,0
1790694395,0,,Aggregated,0.000000,0.000000,N/A,N/A,N/A,N/A,N/A,N/A,N/A,N/A,N/A,N/A,N/A,0,0,0,0.0,0,0,0
1790694396,0,,Aggregated,0.000000,0.000000,N/A,N/A,N/A,N/A,N/A,N/A,N/A,N/A,N/A,N/A,N/A,0,0,0,0.0,0,0,0
1790694397,0,,Aggregated,0.000000,0.000000,N/A,N/A,N/A,N/A,N/A,N/A,N/A,N/A,N/A,N/A,N/A,0,0,0,0.0,0,0,0
1790694398,0,,Aggregated,0.000000,0.000000,N/A,N/A,N/A,N/A,N/A,N/A,N/A,N/A,N/A,N/A,N/A,0,0,0,0.0,0,0,0
1790694399,0,,Aggregated,0.000000,0.000000,N/A,N/A,N/A,N/A,N/A,N/A,N/A,N/A,N/A,N/A,N/A,0,0,0,0.0,0,0,0
1790694400,0,,Aggregated,0.000000,0.000000,N/A,N/A,N/A,N/A,N/A,N/A,N/A,N/A,N/A,N/A,N/A,0,0,0,0.0,0,0,0
1790694401,0,,Aggregated,0.000000,0.000000,N/A,N/A,N/A,N/A,N/A,N/A,N/A,N/A,N/A,N/A,N/A,0,0,0,0.0,0,0,0
1790694402,0,,Aggregated,0.000000,0.000000,N/A,N/A,N/A,N/A,N/A,N/A,N/A,N/A,N/A,N/A,N/A,0,0,0,0.0,0,0,0
1790694403,0,,Aggregated,0.000000,0.000000,N/A,N/A,N/A,N/A,N/A,N/A,N/A,N/A,N/A,N/A,N/A,0,0,0,0.0,0,0,0
1790694404,0,,Aggregated,0.000000,0.000000,N/A,N/A,N/A,N/A,N/A,N/A,N/A,N/A,N/A,N/A,N/A,0,0,0,0.0,0,0,0
1790694405,0,,Aggregated,0.000000,0.000000,N/A,N/A,N/A,N/A,N/A,N/A,N/A,N/A,N/A,N/A,N/A,0,0,0,0.0,0,0,0
1790694406,0,,Aggregated,0.000000,0.000000,N/A,N/A,N/A,N/A,N/A,N/A,N/A,N/A,N/A,N/A,N/A,0,0,0,0.0,0,0,0
1790694407,0,,Aggregated,0.000000,0.000000,N/A,N/A,N/A,N/A,N/A,N/A,N/A,N/A,N/A,N/A,N/A,0,0,0,0.0,0,0,0
1790694408,0,,Aggregated,0.000000,0.000000,N/A,N/A,N/A,N/A,N/A,N/A,N/A,N/A,N/A,N/A,N/A,0,0,0,0.0,0,0,0
1790694409,0,,Aggregated,0.000000,0.000000,N/A,N/A,N/A,N/A,N/A,N/A,N/A,N/A,N/A,N/A,N/A,0,0,0,0.0,0,0,0
1790694410,0,,Aggregated,0.000000,0.000000,N/A,N/A,N/A,N/A,N/A,N/A,N/A,N/A,N/A,N/A,N/A,0,0,0,0.0,0,0,0
1790694411,0,,Aggregated,0.000000,0.000000,N/A,N/A,N/A,N/A,N/A,N/A,N/A,N/A,N/A,N/A,N/A,0,0,0,0.0,0,0,0
1790694412,0,,Aggregated,0.000000,0.000000,N/A,N/A,N/A,N/A,N/A,N/A,N/A,N/A,N/A,N/A,N/A,0,0,0,0.0,0,0,0
1790694413,0,,Aggregated,0.000000,0.000000,N/A,N/A,N/A,N/A,N/A,N/A,N/A,N/A,N/A,N/A,N/A,0,0,0,0.0,0,0,0
1790694414,0,,Aggregated,0.000000,0.000000,N/A,N/A,N/A,N/A,N/A,N/A,N/A,N/A,N/A,N/A,N/A,0,0,0,0.0,0,0,0
1790694415,0,,Aggregated,0.000000,0.000000,N/A,N/A,N/A,N/A,N/A,N/A,N/A,N/A,N/A,N/A,N/A,0,0,0,0.0,0,0,0
1790694416,0,,Aggregated,0.000000,0.000000,N/A,N/A,N/A,N/A,N/A,N/A,N/A,N/A,N/A,N/A,N/A,0,0,0,0.0,0,0,0
1790694417,0,,Aggregated,0.000000,0.000000,N/A,N/A,N/A,N/A,N/A,N/A,N/A,N/A,N/A,N/A,N/A,0,0,0,0.0,0,0,0
1790694418,0,,Aggregated,0.000000,0.000000,N/A,N/A,N/A,N/A,N/A,N/A,N/A,N/A,N/A,N/A,N/A,0,0,0,0.0,0,0,0
1790694419,0,,Aggregated,0.000000,0.000000,N/A,N/A,N/A,N/A,N/A,N/A,N/A,N/A,N/A,N/A,N/A,0,0,0,0.0,0,0,0
1790694420,0,,Aggregated,0.000000,0.000000,N/A,N/A,N/A,N/A,N/A,N/A,N/A,N/A,N/A,N/A,N/A,0,0,0,0.0,0,0,0
1790694421,0,,Aggregated,0.000000,0.000000,N/A,N/A,N/A,N/A,N/A,N/A,N/A,N/A,N/A,N/A,N/A,0,0,0,0.0,0,0,0
1790694422,0,,Aggregated,0.000000,0.000000,N/A,N/A,N/A,N/A,N/A,N/A,N/A,N/A,N/A,N/A,N/A,0,0,0,0.0,0,0,0
1790694423,0,,Aggregated,0.000000,0.000000,N/A,N/A,N/A,N/A,N/A,N/A,N/A,N/A,N/A,N/A,N/A,0,0,0,0.0,0,0,0
1790694424,0,,Aggregated,0.000000,0.000000,N/A,N/A,N/A,N/A,N/A,N/A,N/A,N/A,N/A,N/A,N/A,0,0,0,0.0,0,0,0
1790694425,0,,Aggregated,0.000000,0.000000,N/A,N/A,N/A,N/A,N/A,N/A,N/A,N/A,N/A,N/A,N/A,0,0,0,0.0,0,0,0
1790694426,0,,Aggregated,0.000000,0.000000,N/A,N/A,N/A,N/A,N/A,N/A,N/A,N/A,N/A,N/A,N/A,0,0,0,0.0,0,0,0
1790694427,0,,Aggregated,0.000000,0.000000,N/A,N/A,N/A,N/A,N/A,N/A,N/A,N/A,N/A,N/A,N/A,0,0,0,0.0,0,0,0
1790694428,0,,Aggregated,0.000000,0.000000,N/A,N/A,N/A,N/A,N/A,N/A,N/A,N/A,N/A,N/A,N/A,0,0,0,0.0,0,0,0
1790694429,0,,Aggregated,0.000000,0.000000,N/A,N/A,N/A,N/A,N/A,N/A,N/A,N/A,N/A,N/A,N/A,0,0,0,0.0,0,0,0
1790694430,0,,Aggregated,0.000000,0.000000,N/A,N/A,N/A,N/A,N/A,N/A,N/A,N/A,N/A,N/A,N/A,0,0,0,0.0,0,0,0
1790694431,0,,Aggregated,0.000000,0.000000,N/A,N/A,N/A,N/A,N/A,N/A,N/A,N/A,N/A,N/A,N/A,0,0,0,0.0,0,0,0
1790694432,0,,Aggregated,0.000000,0.000000,N/A,N/A,N/A,N/A,N/A,N/A,N/A,N/A,N/A,N/A,N/A,0,0,0,0.0,0,0,0
1790694433,0,,Aggregated,0.000000,0.000000,N/A,N/A,N/A,N/A,N/A,N/A,N/A,N/A,N/A,N/A,N/A,0,0,0,0.0,0,0,0
1790694434,0,,Aggregated,0.000000,0.000000,N/A,N/A,N/A,N/A,N/A,N/A,N/A,N/A,N/A,N/A,N/A,0,0,0,0.0,0,0,0
1790694435,0,,Aggregated,0.000000,0.000000,N/A,N/A,N/A,N/A,N/A,N/A,N/A,N/A,N/A,N/A,N/A,0,0,0,0.0,0,0,0
1790694436,0,,Aggregated,0.000000,0.000000,N/A,N/A,N/A,N/A,N/A,N/A,N/A,N/A,N/A,N/A,N/A,0,0,0,0.0,0,0,0
1790694437,0,,Aggregated,0.000000,0.000000,N/A,N/A,N/A,N/A,N/A,N/A,N/A,N/A,N/A,N/A,N/A,0,0,0,0.0,0,0,0
1790694438,0,,Aggregated,0.000000,0.000000,N/A,N/A,N/A,N/A,N/A,N/A,N/A,N/A,N/A,N/A,N/A,0,0,0,0.0,0,0,0
1790694439,0,,Aggregated,0.000000,0.000000,N/A,N/A,N/A,N/A,N/A,N/A,N/A,N/A,N/A,N/A,N/A,0,0,0,0.0,0,0,0
1790694440,0,,Aggregated,0.000000,0.000000,N/A,N/A,N/A,N/A,N/A,N/A,N/A,N/A,N/A,N/A,N/A,0,0,0,0.0,0,0,0
1790694441,0,,Aggregated,0.000000,0.000000,N/A,N/A,N/A,N/A,N/A,N/A,N/A,N/A,N/A,N/A,N/A,0,0,0,0.0,0,0,0
1790694442,0,,Aggregated,0.000000,0.000000,N/A,N/A,N/A,N/A,N/A,N/A,N/A,N/A,N/A,N/A,N/A,0,0,0,0.0,0,0,0
1790694443,0,,Aggregated,0.000000,0.000000,N/A,N/A,N/A,N/A,N/A,N/A,N/A,N/A,N/A,N/A,N/A,0,0,0,0.0,0,0,0
1790694444,0,,Aggregated,0.000000,0.000000,N/A,N/A,N/A,N/A,N/A,N/A,N/A,N/A,N/A,N/A,N/A,0,0,0,0.0,0,0,0
1790694445,0,,Aggregated,0.000000,0.000000,N/A,N/A,N/A,N/A,N/A,N/A,N/A,N/A,N/A,N/A,N/A,0,0,0,0.0,0,0,0
1790694446,0,,Aggregated,0.000000,0.000000,N/A,N/A,N/A,N/A,N/A,N/A,N/A,N/A,N/A,N/A,N/A,0,0,0,0.0,0,0,0
1790694447,0,,Aggregated,0.000000,0.000000,N/A,N/A,N/A,N/A,N/A,N/A,N/A,N/A,N/A,N/A,N/A,0,0,0,0.0,0,0,0
1790694448,0,,Aggregated,0.000000,0.000000,N/A,N/A,N/A,N/A,N/A,N/A,N/A,N/A,N/A,N/A,N/A,0,0,0,0.0,0,0,0
1790694449,0,,Aggregated,0.000000,0.000000,N/A,N/A,N/A,N/A,N/A,N/A,N/A,N/A,N/A,N/A,N/A,0,0,0,0.0,0,0,0
1790694450,0,,Aggregated,0.000000,0.000000,N/A,N/A,N/A,N/A,N/A,N/A,N/A,N/A,N/A,N/A,N/A,0,0,0,0.0,0,0,0
1790694451,0,,Aggregated,0.000000,0.000000,N/A,N/A,N/A,N/A,N/A,N/A,N/A,N/A,N/A,N/A,N/A,0,0,0,0.0,0,0,0
1790694452,0,,Aggregated,0.000000,0.000000,N/A,N/A,N/A,N/A,N/A,N/A,N/A,N/A,N/A,N/A,N/A,0,0,0,0.0,0,0,0
1790694453,0,,Aggregated,0.000000,0.000000,N/A,N/A,N/A,N/A,N/A,N/A,N/A,N/A,N/A,N/A,N/A,0,0,0,0.0,0,0,0
1790694454,0,,Aggregated,0.000000,0.000000,N/A,N/A,N/A,N/A,N/A,N/A,N/A,N/A,N/A,N/A,N/A,0,0,0,0.0,0,0,0
1790694455,0,,Aggregated,0.000000,0.000000,N/A,N/A,N/A,N/A,N/A,N/A,N/A,N/A,N/A,N/A,N/A,0,0,0,0.0,0,0,0
1790694456,0,,Aggregated,0.000000,0.000000,N/A,N/A,N/A,N/A,N/A,N/A,N/A,N/A,N/A,N/A,N/A,0,0,0,0.0,0,0,0
1790694457,0,,Aggregated,0.000000,0.000000,N/A,N/A,N/A,N/A,N/A,N/A,N/A,N/A,N/A,N/A,N/A,0,0,0,0.0,0,0,0
1790694458,0,,Aggregated,0.000000,0.000000,N/A,N/A,N/A,N/A,N/A,N/A,N/A,N/A,N/A,N/A,N/A,0,0,0,0.0,0,0,0
1790694459,0,,Aggregated,0.000000,0.000000,N/A,N/A,N/A,N/A,N/A,N/A,N/A,N/A,N/A,N/A,N/A,0,0,0,0.0,0,0,0
1790694460,0,,Aggregated,0.000000,0.000000,N/A,N/A,N/A,N/A,N/A,N/A,N/A,N/A,N/A,N/A,N/A,0,0,0,0.0,0,0,0
1790694461,0,,Aggregated,0.000000,0.000000,N/A,N/A,N/A,N/A,N/A,N/A,N/A,N/A,N/A,N/A,N/A,0,0,0,0.0,0,0,0
1790694462,0,,Aggregated,0.000000,0.000000,N/A,N/A,N/A,N/A,N/A,N/A,N/A,N/A,N/A,N/A,N/A,0,0,0,0.0,0,0,0
1790694463,0,,Aggregated,0.000000,0.000000,N/A,N/A,N/A,N/A,N/A,N/A,N/A,N/A,N/A,N/A,N/A,0,0,0,0.0,0,0,0
1790694464,0,,Aggregated,0.000000,0.000000,N/A,N/A,N/A,N/A,N/A,N/A,N/A,N/A,N/A,N/A,N/A,0,0,0,0.0,0,0,0
1790694465,0,,Aggregated,0.000000,0.000000,N/A,N/A,N/A,N/A,N/A,N/A,N/A,N/A,N/A,N/A,N/A,0,0,0,0.0,0,0,0
1790694466,0,,Aggregated,0.000000,0.000000,N/A,N/A,N/A,N/A,N/A,N/A,N/A,N/A,N/A,N/A,N/A,0,0,0,0.0,0,0,0
1790694467,0,,Aggregated,0.000000,0.000000,N/A,N/A,N/A,N/A,N/A,N/A,N/A,N/A,N/A,N/A,N/A,0,0,0,0.0,0,0,0
1790694468,0,,Aggregated,0.000000,0.000000,N/A,N/A,N/A,N/A,N/A,N/A,N/A,N/A,N/A,N/A,N/A,0,0,0,0.0,0,0,0
1790694469,0,,Aggregated,0.000000,0.000000,N/A,N/A,N/A,N/A,N/A,N/A,N/A,N/A,N/A,N/A,N/A,0,0,0,0.0,0,0,0
1790694470,0,,Aggregated,0.000000,0.000000,N/A,N/A,N/A,N/A,N/A,N/A,N/A,N/A,N/A,N/A,N/A,0,0,0,0.0,0,0,0
1790694471,0,,Aggregated,0.000000,0.000000,N/A,N/A,N/A,N/A,N/A,N/A,N/A,N/A,N/A,N/A,N/A,0,0,0,0.0,0,0,0
1790694472,0,,Aggregated,0.000000,0.000000,N/A,N/A,N/A,N/A,N/A,N/A,N/A,N/A,N/A,N/A,N/A,0,0,0,0.0,0,0,0
1790694473,0,,Aggregated,0.000000,0.000000,N/A,N/A,N/A,N/A,N/A,N/A,N/A,N/A,N/A,N/A,N/A,0,0,0,0.0,0,0,0
1790694474,0,,Aggregated,0.000000,0.000000,N/A,N/A,N/A,N/A,N/A,N/A,N/A,N/A,N/A,N/A,N/A,0,0,0,0.0,0,0,0
1790694476,0,,Aggregated,0.000000,0.000000,N/A,N/A,N/A,N/A,N/A,N/A,N/A,N/A,N/A,N/A,N/A,0,0,0,0.0,0,0,0
1790694477,0,,Aggregated,0.000000,0.000000,N/A,N/A,N/A,N/A,N/A,N/A,N/A,N/A,N/A,N/A,N/A,0,0,0,0.0,0,0,0
1790694478,0,,Aggregated,0.000000,0.000000,N/A,N/A,N/A,N/A,N/A,N/A,N/A,N/A,N/A,N/A,N/A,0,0,0,0.0,0,0,0
1790694479,0,,Aggregated,0.000000,0.000000,N/A,N/A,N/A,N/A,N/A,N/A,N/A,N/A,N/A,N/A,N/A,0,0,0,0.0,0,0,0
1790694480,0,,Aggregated,0.000000,0.000000,N/A,N/A,N/A,N/A,N/A,N/A,N/A,N/A,N/A,N/A,N/A,0,0,0,0.0,0,0,0
1790694481,0,,Aggregated,0.000000,0.000000,N/A,N/A,N/A,N/A,N/A,N/A,N/A,N/A,N/A,N/A,N/A,0,0,0,0.0,0,0,0
1790694482,0,,Aggregated,0.000000,0.000000,N/A,N/A,N/A,N/A,N/A,N/A,N/A,N/A,N/A,N/A,N/A,0,0,0,0.0,0,0,0
1790694483,0,,Aggregated,0.000000,0.000000,N/A,N/A,N/A,N/A,N/A,N/A,N/A,N/A,N/A,N/A,N/A,0,0,0,0.0,0,0,0
1790694484,0,,Aggregated,0.000000,0.000000,N/A,N/A,N/A,N/A,N/A,N/A,N/A,N/A,N/A,N/A,N/A,0,0,0,0.0,0,0,0
1790694485,0,,Aggregated,0.000000,0.000000,N/A,N/A,N/A,N/A,N/A,N/A,N/A,N/A,N/A,N/A,N/A,0,0,0,0.0,0,0,0
1790694486,0,,Aggregated,0.000000,0.000000,N/A,N/A,N/A,N/A,N/A,N/A,N/A,N/A,N/A,N/A,N/A,0,0,0,0.0,0,0,0
1790694487,0,,Aggregated,0.000000,0.000000,N/A,N/A,N/A,N/A,N/A,N/A,N/A,N/A,N/A,N/A,N/A,0,0,0,0.0,0,0,0
1790694488,0,,Aggregated,0.000000,0.000000,N/A,N/A,N/A,N/A,N/A,N/A,N/A,N/A,N/A,N/A,N/A,0,0,0,0.0,0,0,0
1790694489,0,,Aggregated,0.000000,0.000000,N/A,N/A,N/A,N/A,N/A,N/A,N/A,N/A,N/A,N/A,N/A,0,0,0,0.0,0,0,0
1790694490,0,,Aggregated,0.000000,0.000000,N/A,N/A,N/A,N/A,N/A,N/A,N/A,N/A,N/A,N/A,N/A,0,0,0,0.0,0,0,0
1790694491,0,,Aggregated,0.000000,0.000000,N/A,N/A,N/A,N/A,N/A,N/A,N/A,N/A,N/A,N/A,N/A,0,0,0,0.0,0,0,0
1790694492,0,,Aggregated,0.000000,0.000000,N/A,N/A,N/A,N/A,N/A,N/A,N/A,N/A,N/A,N/A,N/A,0,0,0,0.0,0,0,0
1790694493,0,,Aggregated,0.000000,0.000000,N/A,N/A,N/A,N/A,N/A,N/A,N/A,N/A,N/A,N/A,N/A,0,0,0,0.0,0,0,0
1790694494,0,,Aggregated,0.000000,0.000000,N/A,N/A,N/A,N/A,N/A,N/A,N/A,N/A,N/A,N/A,N/A,0,0,0,0.0,0,0,0
1790694495,0,,Aggregated,0.000000,0.000000,N/A,N/A,N/A,N/A,N/A,N/A,N/A,N/A,N/A,N/A,N/A,0,0,0,0.0,0,0,0
1790694496,0,,Aggregated,0.000000,0.000000,N/A,N/A,N/A,N/A,N/A,N/A,N/A,N/A,N/A,N/A,N/A,0,0,0,0.0,0,0,0
1790694497,0,,Aggregated,0.000000,0.000000,N/A,N/A,N/A,N/A,N/A,N/A,N/A,N/A,N/A,N/A,N/A,0,0,0,0.0,0,0,0
1790694498,0,,Aggregated,0.000000,0.000000,N/A,N/A,N/A,N/A,N/A,N/A,N/A,N/A,N/A,N/A,N/A,0,0,0,0.0,0,0,0
1790694499,0,,Aggregated,0.000000,0.000000,N/A,N/A,N/A,N/A,N/A,N/A,N/A,N/A,N/A,N/A,N/A,0,0,0,0.0,0,0,0
1790694500,0,,Aggregated,0.000000,0.000000,N/A,N/A,N/A,N/A,N/A,N/A,N/A,N/A,N/A,N/A,N/A,0,0,0,0.0,0,0,0
1790694501,0,,Aggregated,0.000000,0.000000,N/A,N/A,N/A,N/A,N/A,N/A,N/A,N/A,N/A,N/A,N/A,0,0,0,0.0,0,0,0
1790694502,0,,Aggregated,0.000000,0.000000,N/A,N/A,N/A,N/A,N/A,N/A,N/A,N/A,N/A,N/A,N/A,0,0,0,0.0,0,0,0
1790694503,0,,Aggregated,0.000000,0.000000,N/A,N/A,N/A,N/A,N/A,N/A,N/A,N/A,N/A,N/A,N/A,0,0,0,0.0,0,0,0
1790694504,1,,Aggregated,0.000000,0.000000,N/A,N/A,N/A,N/A,N/A,N/A,N/A,N/A,N/A,N/A,N/A,0,0,0,0.0,0,0,0
1790694505,2,,Aggregated,0.000000,0.000000,410,410,560,560,560,560,560,560,560,560,560,4,0,380.0,354.43170624967024,60.55257299976802,563.987222999458,302.5
1790694506,3,,Aggregated,0.000000,0.000000,370,380,410,410,560,560,560,560,560,560,560,7,0,370.0,311.6976867141992,48.42097199980344,563.987222999458,330.57142857142856
1790694507,4,,Aggregated,2.000000,0.000000,370,380,380,410,560,630,630,630,630,630,630,13,0,370.0,300.2948116153885,44.923510999979044,633.6396940005216,12989.923076923076
1790694508,5,,Aggregated,2.000000,0.000000,340,370,380,410,560,630,630,630,630,630,630,18,0,250.0,261.7560117777834,34.63355700023385,633.6396940005216,18594.833333333332
1790694509,6,,Aggregated,2.333333,0.000000,340,380,410,420,560,630,1500,1500,1500,1500,1500,24,0,250.0,307.6575634583681,34.63355700023385,1467.709613999432,20839.875
1790694510,7,,Aggregated,3.000000,0.000000,240,370,380,410,450,630,1500,1500,1500,1500,1500,33,0,240.0,270.0285870000285,34.63355700023385,1467.709613999432,15256.90909090909
1790694511,8,,Aggregated,4.000000,0.000000,240,340,380,400,450,630,1500,1500,1500,1500,1500,40,0,220.0,248.78252472501572,30.940974000259303,1467.709613999432,12662.9
1790694512,9,,Aggregated,4.714286,0.000000,240,340,380,400,560,630,1600,1600,1600,1600,1600,46,0,220.0,274.6431545217448,30.940974000259303,1632.0954540005914,18212.434782608696
1790694513,10,,Aggregated,4.714286,0.000000,220,340,380,410,560,730,1500,1600,1600,1600,1600,53,0,220.0,270.13417498110016,30.940974000259303,1632.0954540005914,18939.094339622643
1790694514,10,,Aggregated,4.875000,0.000000,210,320,380,410,560,730,1500,1600,1600,1600,1600,59,0,210.0,261.931002881345,30.940974000259303,1632.0954540005914,19830.593220338982
1790694515,10,,Aggregated,5.000000,0.000000,190,300,370,400,460,630,1500,1600,1600,1600,1600,62,0,130.0,252.82876075806922,30.940974000259303,1632.0954540005914,18877.645161290322
1790694516,10,,Aggregated,5.300000,0.000000,130,300,370,400,560,730,1500,1600,1600,1600,1600,66,0,110.0,251.5850240303018,30.940974000259303,1632.0954540005914,20238.303030303032
1790694517,10,,Aggregated,5.900000,0.000000,110,300,370,410,610,810,1500,1600,1600,1600,1600,70,0,92,252.13934228572074,30.940974000259303,1632.0954540005914,21445.785714285714
1790694518,10,,Aggregated,5.800000,0.000000,84,280,370,400,560,810,1500,1600,1600,1600,1600,73,0,84,244.42172978083426,30.940974000259303,1632.0954540005914,20574.835616438355
1790694519,10,,Aggregated,5.900000,0.000000,92,270,370,400,610,810,1500,1600,1600,1600,1600,79,0,92,244.45675546835272,30.940974000259303,1632.0954540005914,23440.316455696204
1790694520,10,,Aggregated,5.500000,0.000000,92,260,370,400,560,800,1500,1600,1600,1600,1600,84,0,85,240.13804735714726,30.940974000259303,1632.0954540005914,24240.845238095237
1790694521,10,,Aggregated,5.500000,0.000000,84,260,350,400,610,800,1500,1600,1600,1600,1600,90,0,74,233.76923693333285,30.940974000259303,1632.0954540005914,24461.833333333332
1790694522,10,,Aggregated,5.500000,0.000000,69,250,340,380,560,800,1500,1600,1600,1600,1600,94,0,69,226.2892786914737,30.940974000259303,1632.0954540005914,23427.58510638298
1790694523,10,,Aggregated,5.100000,0.000000,71,260,340,380,610,810,1600,1600,1600,1600,1600,100,0,69,235.56337435998103,30.940974000259303,1632.0954540005914,23683.0
1790694524,10,,Aggregated,4.900000,0.000000,71,260,340,380,610,810,1500,1600,1600,1600,1600,104,0,69,240.53704073074957,30.940974000259303,1632.0954540005914,24357.528846153848
1790694525,10,,Aggregated,4.900000,0.000000,69,260,340,380,610,810,1500,1600,1600,1600,1600,107,0,69,238.49214184109402,30.940974000259303,1632.0954540005914,25217.392523364488
1790694526,10,,Aggregated,4.400000,0.000000,69,250,340,380,560,810,1500,1600,1600,1600,1600,113,0,69,231.58785730970723,30.940974000259303,1632.0954540005914,25343.141592920354
1790694527,10,,Aggregated,4.400000,0.000000,69,240,320,380,560,810,1500,1600,1600,1600,1600,118,0,66,226.4772861779312,30.940974000259303,1632.0954540005914,24449.372881355932
1790694528,10,,Aggregated,4.500000,0.000000,64,240,320,380,520,800,1500,1600,1600,1600,1600,123,0,64,222.5609479430456,30.940974000259303,1632.0954540005914,24796.211382113823
1790694529,10,,Aggregated,4.500000,0.000000,66,250,340,380,560,810,1500,1600,1600,1600,1600,126,0,64,228.90024569043152,30.940974000259303,1632.0954540005914,25519.02380952381
1790694530,10,,Aggregated,5.000000,0.000000,64,240,340,390,560,810,1500,1600,1600,1600,1600,130,0,62,226.70308386149583,30.940974000259303,1632.0954540005914,26005.76923076923
1790694531,10,,Aggregated,5.000000,0.000000,66,250,320,380,540,810,1500,1600,1600,1600,1600,134,0,64,225.6204299850407,30.940974000259303,1632.0954540005914,25353.582089552237
1790694532,10,,Aggregated,4.700000,0.000000,66,260,340,390,610,890,1500,1600,1600,1600,1600,137,0,66,234.30100277368928,30.940974000259303,1632.0954540005914,27204.839416058396
1790694533,10,,Aggregated,4.700000,0.000000,66,240,320,380,560,810,1500,1600,1600,1600,1600,142,0,64,228.18152769715954,30.940974000259303,1632.0954540005914,26249.49295774648
1790694534,10,,Aggregated,4.400000,0.000000,66,250,320,390,620,810,1500,1600,1600,1600,1600,149,0,66,229.32753214091835,30.940974000259303,1632.0954540005914,27236.241610738256
1790694535,10,,Aggregated,4.200000,0.000000,65,240,320,380,620,890,1100,1600,1600,1600,1600,157,0,65,227.22350708278145,30.940974000259303,1632.0954540005914,26936.191082802547
1790694536,10,,Aggregated,4.600000,0.000000,64,240,320,390,630,900,1100,1600,1600,1600,1600,163,0,64,232.18667754599943,30.940974000259303,1632.0954540005914,27974.16564417178
1790694537,10,,Aggregated,5.000000,0.000000,64,240,320,400,650,900,1100,1600,1600,1600,1600,170,0,62,232.69597369999246,30.940974000259303,1632.0954540005914,29032.770588235293
1790694538,10,,Aggregated,5.000000,0.000000,62,220,320,400,630,900,1100,1600,1600,1600,1600,175,0,62,229.29302734285426,30.940974000259303,1632.0954540005914,29148.948571428573
1790694539,10,,Aggregated,5.000000,0.000000,61,200,320,390,620,890,1100,1600,1600,1600,1600,183,0,61,224.3526992950863,29.229318000034255,1632.0954540005914,28912.26775956284
1790694540,10,,Aggregated,5.100000,0.000000,61,190,300,390,630,890,1100,1600,1600,1600,1600,189,0,61,221.8434490899502,29.229318000034255,1632.0954540005914,28876.68783068783
1790694541,10,,Aggregated,5.200000,0.000000,61,210,340,410,630,900,1200,1600,1600,1600,1600,196,0,61,232.1105390102108,29.229318000034255,1632.0954540005914,31216.821428571428
1790694542,10,,Aggregated,6.000000,0.000000,62,200,320,400,630,900,1100,1500,1600,1600,1600,206,1,62,229.58141770388767,29.229318000034255,1632.0954540005914,30557.752427184467
1790694543,10,,Aggregated,6.200000,0.000000,62,170,280,380,620,900,1100,1500,1600,1600,1600,221,1,62,223.89253982805198,29.229318000034255,1632.0954540005914,29241.900452488688
1790694544,10,,Aggregated,6.800000,0.000000,61,170,290,390,630,970,1200,1500,1600,1600,1600,235,1,61,225.82354462126804,29.229318000034255,1632.0954540005914,29713.23829787234
1790694545,10,,Aggregated,7.700000,0.100000,60,170,280,380,620,900,1200,1500,1600,1600,1600,242,1,58,221.48815803304447,29.229318000034255,1632.0954540005914,28855.913223140495
1790694546,10,,Aggregated,8.400000,0.100000,58,160,280,380,630,900,1200,1500,1600,1600,1600,249,1,58,219.23658242970242,29.229318000034255,1632.0954540005914,28733.975903614457
1790694547,10,,Aggregated,8.400000,0.100000,57,120,270,340,620,900,1100,1500,1600,1600,1600,270,1,57,206.86550773701094,28.88198199980252,1632.0954540005914,26676.07037037037
1790694548,10,,Aggregated,8.600000,0.100000,57,110,270,340,620,900,1100,1500,1600,1600,1600,277,1,57,206.5864528808413,28.88198199980252,1632.0954540005914,26600.425992779783
1790694549,10,,Aggregated,10.100000,0.100000,57,110,270,340,620,970,1200,1600,1800,1800,1800,286,1,57,212.90651358738336,28.88198199980252,1761.9925760000115,27497.276223776225
1790694550,10,,Aggregated,10.100000,0.100000,57,110,270,340,620,970,1200,1600,1800,1800,1800,291,1,57,211.47537530581246,28.88198199980252,1761.9925760000115,27026.41237113402
1790694551,10,,Aggregated,10.100000,0.100000,57,110,270,350,630,990,1200,1600,1800,1800,1800,297,1,57,214.66658498650114,28.88198199980252,1761.9925760000115,27593.17845117845
1790694552,10,,Aggregated,10.200000,0.100000,57,92,260,340,620,980,1200,1500,1800,1800,1800,306,1,56,210.0092055261187,28.88198199980252,1761.9925760000115,26791.313725490196
1790694553,10,,Aggregated,10.100000,0.100000,56,92,260,320,620,980,1200,1500,1800,1800,1800,312,1,55,207.59795238459097,28.88198199980252,1761.9925760000115,26331.397435897437
1790694554,10,,Aggregated,10.100000,0.100000,55,92,260,320,620,980,1200,1500,1800,1800,1800,319,1,55,205.96683744198208,28.88198199980252,1761.9925760000115,26273.968652037616
1790694555,10,,Aggregated,10.000000,0.100000,55,92,260,320,620,990,1200,1500,1800,1800,1800,326,1,55,210.12942531285933,28.88198199980252,1761.9925760000115,26738.134969325154
1790694556,10,,Aggregated,8.600000,0.000000,55,92,260,320,620,990,1200,1500,1800,1800,1800,337,1,55,208.25499648662358,28.88198199980252,1761.9925760000115,26385.753709198812
1790694557,10,,Aggregated,8.500000,0.000000,53,87,260,300,620,980,1200,1500,1800,1800,1800,347,2,53,203.44487823628532,28.117639000811323,1761.9925760000115,25631.478386167146
1790694558,10,,Aggregated,8.800000,0.000000,53,87,250,300,610,980,1200,1500,1800,1800,1800,354,2,53,202.34503775420816,27.817409999443043,1761.9925760000115,25761.813559322032
1790694559,10,,Aggregated,7.600000,0.100000,55,87,250,300,600,970,1200,1500,1800,1800,1800,361,2,55,201.25053805537496,27.817409999443043,1761.9925760000115,25270.005540166207
1790694560,10,,Aggregated,7.500000,0.100000,55,87,260,300,610,970,1200,1500,1800,1800,1800,366,2,55,202.40842432783774,27.817409999443043,1761.9925760000115,25836.82786885246
1790694561,10,,Aggregated,7.400000,0.100000,55,87,260,300,600,970,1200,1500,1800,1800,1800,376,2,55,201.28401113028895,27.817409999443043,1761.9925760000115,26068.672872340427
1790694562,10,,Aggregated,7.200000,0.100000,53,80,250,290,590,900,1100,1400,1800,1800,1800,401,2,53,196.31406931418528,27.817409999443043,1761.9925760000115,25710.68578553616
1790694563,10,,Aggregated,7.500000,0.100000,52,75,240,280,580,900,1100,1400,1800,1800,1800,421,2,52,191.11580480519788,27.817409999443043,1761.9925760000115,24896.456057007126
1790694564,10,,Aggregated,7.500000,0.100000,51,74,240,280,580,900,1200,1400,1800,1800,1800,442,2,51,189.63685361083748,27.817409999443043,1761.9925760000115,24573.58823529412
1790694565,10,,Aggregated,10.500000,0.100000,51,71,240,270,570,900,1100,1400,1800,1800,1800,451,2,51,188.20605573168666,27.817409999443043,1761.9925760000115,24461.004434589802
1790694566,10,,Aggregated,12.300000,0.100000,51,71,240,280,590,900,1100,1400,1800,1800,1800,460,2,51,188.37474590432686,27.817409999443043,1761.9925760000115,24734.69347826087
1790694567,10,,Aggregated,12.300000,0.100000,51,71,240,270,580,900,1100,1400,1800,1800,1800,474,2,51,188.25474766875757,27.817409999443043,1761.9925760000115,24376.523206751055
1790694568,10,,Aggregated,12.200000,0.100000,51,69,240,270,570,900,1100,1400,1800,1800,1800,496,2,51,185.69118588103265,27.817409999443043,1761.9925760000115,23641.620967741936
1790694569,10,,Aggregated,12.200000,0.000000,50,69,220,270,560,890,1100,1200,1800,1800,1800,513,2,50,182.70896322415328,27.817409999443043,1761.9925760000115,23233.3216374269
1790694570,10,,Aggregated,13.900000,0.000000,50,69,230,270,590,900,1100,1200,1800,1800,1800,520,2,50,186.35020241536415,27.817409999443043,1761.9925760000115,23899.609615384616
1790694571,10,,Aggregated,13.900000,0.000000,50,69,210,270,580,900,1100,1200,1800,1800,1800,529,3,50,184.08039537805195,27.817409999443043,1761.9925760000115,23502.149338374293
1790694572,10,,Aggregated,15.200000,0.000000,50,69,220,270,580,900,1100,1200,1800,1800,1800,536,3,50,184.84302228169815,27.817409999443043,1761.9925760000115,24120.076492537315
1790694573,10,,Aggregated,15.700000,0.100000,50,68,210,270,570,890,1100,1200,1800,1800,1800,544,3,50,182.75639454593923,27.817409999443043,1761.9925760000115,23769.91911764706
1790694574,10,,Aggregated,14.300000,0.100000,50,67,170,270,560,890,1100,1200,1800,1800,1800,553,3,50,180.6819118480843,27.817409999443043,1761.9925760000115,23386.23508137432
1790694575,10,,Aggregated,14.300000,0.100000,50,67,170,270,560,890,1100,1200,1800,1800,1800,560,3,50,179.91308344998563,27.817409999443043,1761.9925760000115,23390.301785714284
1790694576,10,,Aggregated,10.800000,0.100000,50,67,190,270,580,890,1100,1200,1800,1800,1800,569,3,50,182.98385692793002,27.817409999443043,1761.9925760000115,24179.857644991214
1790694577,10,,Aggregated,11.100000,0.100000,50,67,190,270,580,890,1100,1200,1800,1800,1800,576,3,50,182.37761748957215,27.817409999443043,1761.9925760000115,24174.06423611111
1790694578,10,,Aggregated,10.900000,0.100000,50,67,190,270,570,870,1100,1200,1800,1800,1800,582,3,50,181.9001187611565,27.817409999443043,1761.9925760000115,24492.776632302404
1790694579,10,,Aggregated,10.600000,0.100000,50,67,190,270,570,870,1100,1200,1800,1800,1800,591,3,50,181.61461897967982,27.817409999443043,1761.9925760000115,24526.438240270727
1790694580,10,,Aggregated,9.100000,0.100000,50,66,170,270,570,870,1100,1200,1800,1800,1800,596,3,49,180.45189906038664,27.817409999443043,1761.9925760000115,24322.694630872484
1790694581,10,,Aggregated,7.900000,0.100000,50,68,200,270,580,890,1100,1200,2200,2200,2200,604,3,50,184.74998551985357,27.817409999443043,2219.893981000496,24580.85264900662
1790694582,10,,Aggregated,7.400000,0.100000,50,67,170,270,580,900,1100,1300,2200,2200,2200,616,3,50,184.1962812646028,27.817409999443043,2219.893981000496,24374.18831168831
1790694583,10,,Aggregated,7.200000,0.000000,50,66,170,270,570,890,1100,1300,2200,2200,2200,623,3,50,183.372731431771,27.817409999443043,2219.893981000496,24381.30658105939
1790694584,10,,Aggregated,7.700000,0.000000,50,66,170,270,570,890,1100,1300,2200,2200,2200,632,3,50,182.85586804429428,27.817409999443043,2219.893981000496,24558.57594936709
1790694585,10,,Aggregated,7.800000,0.000000,49,66,170,270,560,870,1100,1300,2200,2200,2200,641,3,49,181.94347672385928,26.94279000024835,2219.893981000496,24750.422776911077
1790694586,10,,Aggregated,7.700000,0.000000,50,66,160,270,560,870,1100,1300,2200,2200,2200,650,3,50,180.2178747769121,26.94279000024835,2219.893981000496,24418.003076923076
1790694587,10,,Aggregated,7.800000,0.000000,50,66,160,270,560,870,1100,1300,2200,2200,2200,658,3,50,180.56783072491268,26.94279000024835,2219.893981000496,24639.186930091186
1790694588,10,,Aggregated,8.300000,0.000000,50,65,160,270,560,810,1100,1300,2200,2200,2200,668,3,49,179.55429286975038,26.94279000024835,2219.893981000496,24523.013473053892
1790694589,10,,Aggregated,8.200000,0.000000,49,65,140,260,560,810,1100,1300,2200,2200,2200,675,3,49,178.11047231258286,26.94279000024835,2219.893981000496,24279.52296296296
1790694590,10,,Aggregated,8.500000,0.000000,49,65,130,260,550,800,1100,1300,2200,2200,2200,683,4,49,176.5027973484531,26.151272999413777,2219.893981000496,23998.71449487555
1790694591,10,,Aggregated,8.300000,0.000000,49,65,130,260,560,800,1100,1300,2200,2200,2200,689,4,49,176.43323065456136,26.151272999413777,2219.893981000496,24029.89985486212
1790694592,10,,Aggregated,8.700000,0.100000,49,64,130,260,550,800,1100,1300,2200,2200,2200,696,4,49,175.14734644251902,26.151272999413777,2219.893981000496,23808.386494252874
1790694593,10,,Aggregated,8.600000,0.100000,48,64,110,260,540,800,1100,1200,2200,2200,2200,706,4,48,173.19617507364754,23.76996099974349,2219.893981000496,23477.376770538245
1790694594,10,,Aggregated,8.100000,0.100000,48,64,120,260,530,800,1100,1200,2200,2200,2200,717,4,48,173.09695353695255,23.76996099974349,2219.893981000496,23824.622036262204
1790694595,10,,Aggregated,8.300000,0.100000,48,64,110,260,530,800,1100,1200,2200,2200,2200,724,4,48,171.8600467803785,23.76996099974349,2219.893981000496,23606.18093922652
1790694596,10,,Aggregated,8.300000,0.100000,48,64,120,260,530,800,1100,1200,2200,2200,2200,732,4,48,172.64731672949767,23.76996099974349,2219.893981000496,23826.32650273224
1790694597,10,,Aggregated,8.300000,0.100000,48,64,110,260,530,800,1100,1200,2200,2200,2200,743,4,48,171.06376137684083,23.76996099974349,2219.893981000496,23481.096904441452
1790694598,10,,Aggregated,8.300000,0.100000,48,63,100,260,520,800,1100,1200,2200,2200,2200,753,4,48,169.90712489109237,23.76996099974349,2219.893981000496,23390.876494023905
1790694599,10,,Aggregated,8.400000,0.100000,48,63,100,260,520,800,1100,1200,2200,2200,2200,762,4,48,169.89114524014846,23.76996099974349,2219.893981000496,23337.53937007874
1790694600,10,,Aggregated,8.300000,0.100000,48,62,100,260,520,800,1100,1200,2200,2200,2200,771,5,48,168.41216956548917,23.76996099974349,2219.893981000496,23073.93385214008
1790694601,10,,Aggregated,8.500000,0.100000,48,62,95,260,520,790,1100,1200,2200,2200,2200,789,5,48,168.1405093650132,23.76996099974349,2219.893981000496,23222.249683143218
1790694602,10,,Aggregated,8.900000,0.100000,48,64,100,260,520,790,1100,1200,2200,2200,2200,798,5,48,168.14330467417895,23.76996099974349,2219.893981000496,22979.840852130324
1790694603,10,,Aggregated,9.300000,0.100000,49,65,100,260,520,770,1100,1200,2200,2200,2200,825,5,49,168.3182260678708,23.76996099974349,2219.893981000496,23069.607272727273
1790694604,10,,Aggregated,10.000000,0.100000,49,64,100,260,500,770,1100,1200,2200,2200,2200,855,6,49,165.6360909532089,23.76996099974349,2219.893981000496,22344.29356725146
1790694605,10,,Aggregated,10.800000,0.100000,49,63,92,250,490,740,1100,1200,2200,2200,2200,895,6,49,161.81252843350836,23.76996099974349,2219.893981000496,21727.79441340782
1790694606,10,,Aggregated,12.500000,0.200000,48,62,85,220,470,730,1100,1200,2200,2200,2200,938,6,48,156.64330443282327,23.76996099974349,2219.893981000496,20740.9381663113
1790694607,10,,Aggregated,15.500000,0.200000,48,62,85,200,470,720,1100,1200,2200,2200,2200,971,6,48,154.65400245210222,23.76996099974349,2219.893981000496,20216.294541709576
1790694608,10,,Aggregated,19.400000,0.200000,48,62,84,200,470,710,1100,1200,2200,2200,2200,996,6,48,153.28265865059262,23.76996099974349,2219.893981000496,19714.022088353413
1790694609,10,,Aggregated,21.900000,0.200000,48,60,80,170,460,700,1000,1200,1800,2200,2200,1048,6,48,149.93394443987373,23.76996099974349,2219.893981000496,19061.10496183206
1790694610,10,,Aggregated,23.900000,0.200000,48,60,80,170,450,690,1000,1200,1800,2200,2200,1069,6,48,148.890007550974,23.76996099974349,2219.893981000496,18895.251637043966
1790694611,10,,Aggregated,27.100000,0.200000,48,60,79,170,450,690,1000,1200,1800,2200,2200,1093,6,48,148.28010452698172,23.76996099974349,2219.893981000496,18805.54162854529
1790694612,10,,Aggregated,29.000000,0.100000,47,58,77,150,450,680,1000,1200,1800,2200,2200,1118,6,47,146.02219686313995,23.76996099974349,2219.893981000496,18393.181574239712
1790694613,10,,Aggregated,30.500000,0.100000,47,58,74,130,430,670,1000,1200,1800,2200,2200,1149,6,47,143.2721360408964,23.76996099974349,2219.893981000496,17902.80417754569
1790694614,10,,Aggregated,31.100000,0.100000,47,57,74,120,420,670,1000,1200,1800,2200,2200,1177,6,47,141.3194447102729,23.76996099974349,2219.893981000496,17502.140186915887
1790694615,10,,Aggregated,32.700000,0.100000,47,58,74,120,420,670,1000,1200,1800,2200,2200,1197,6,47,140.89611104427055,23.76996099974349,2219.893981000496,17539.731829573935
1790694616,10,,Aggregated,32.900000,0.000000,47,57,74,120,420,650,990,1200,1800,2200,2200,1206,6,47,140.7137079436091,23.76996099974349,2219.893981000496,17555.035655058044
1790694617,10,,Aggregated,31.800000,0.000000,47,57,74,110,420,650,990,1200,1800,2200,2200,1211,6,47,140.3245628199772,23.76996099974349,2219.893981000496,17491.739884393064
1790694618,10,,Aggregated,27.600000,0.000000,47,58,74,120,420,650,990,1200,1800,2200,2200,1216,6,47,140.76603345476346,23.76996099974349,2219.893981000496,17569.427631578947
1790694619,10,,Aggregated,25.000000,0.000000,47,58,74,130,420,640,990,1200,1800,2200,2200,1225,6,47,140.7684445950947,23.76996099974349,2219.893981000496,17710.555102040817
1790694620,10,,Aggregated,22.500000,0.000000,47,58,74,120,420,640,990,1200,1800,2200,2200,1235,6,47,140.34317801375985,23.76996099974349,2219.893981000496,17712.718218623482
1790694621,10,,Aggregated,19.200000,0.000000,47,58,74,130,420,640,990,1200,1800,2200,2200,1242,6,47,140.5587103832482,23.76996099974349,2219.893981000496,17880.091787439615
1790694622,10,,Aggregated,17.100000,0.000000,47,58,74,130,430,640,990,1200,1800,2200,2200,1250,6,47,140.79602603199532,23.76996099974349,2219.893981000496,18031.3776
1790694623,10,,Aggregated,15.200000,0.000000,47,57,74,130,430,640,990,1200,1800,2200,2200,1255,6,47,141.05182773386034,23.76996099974349,2219.893981000496,18091.654980079682
1790694624,10,,Aggregated,14.200000,0.000000,47,58,74,130,440,650,990,1200,1800,2200,2200,1264,6,47,142.5411634295833,23.76996099974349,2219.893981000496,18356.14003164557
1790694625,10,,Aggregated,11.200000,0.000000,47,57,74,130,440,650,990,1200,1800,2200,2200,1271,7,47,142.17755034303175,23.76996099974349,2219.893981000496,18256.90952006294
1790694626,10,,Aggregated,9.100000,0.000000,47,58,74,130,450,670,1000,1200,1800,2200,2200,1277,7,47,143.07149341346363,23.76996099974349,2219.893981000496,18441.005481597495
1790694627,10,,Aggregated,7.300000,0.100000,47,58,75,140,450,670,1000,1200,1800,2200,2200,1288,7,47,143.7471220131928,23.76996099974349,2219.893981000496,18542.02950310559
1790694628,10,,Aggregated,7.400000,0.100000,47,58,75,140,450,670,1000,1200,1800,2200,2200,1294,7,47,144.17548948840133,23.76996099974349,2219.893981000496,18731.98995363215
1790694629,10,,Aggregated,7.500000,0.100000,47,58,76,140,450,670,1000,1200,1800,2200,2200,1303,8,47,144.13368682117465,23.76996099974349,2219.893981000496,18752.07060629317
1790694630,10,,Aggregated,8.000000,0.100000,47,58,75,140,450,670,1000,1200,1800,2200,2200,1312,8,47,143.66704704496155,23.76996099974349,2219.893981000496,18750.4375
1790694631,10,,Aggregated,7.800000,0.200000,47,58,75,140,450,670,1000,1200,1800,2200,2200,1323,8,47,143.41219725547222,23.76996099974349,2219.893981000496,18867.30536659108
1790694632,10,,Aggregated,7.900000,0.200000,47,58,75,140,440,670,1000,1200,1800,2200,2200,1331,8,47,143.17532621561892,23.76996099974349,2219.893981000496,18882.293012772352
1790694633,10,,Aggregated,8.000000,0.200000,47,58,76,140,440,670,1000,1200,1800,2200,2200,1336,8,47,142.93007013546972,23.76996099974349,2219.893981000496,18860.461077844313
1790694634,10,,Aggregated,7.800000,0.200000,46,58,75,140,440,670,1000,1200,1800,2200,2200,1349,8,46,142.8705291638175,23.76996099974349,2219.893981000496,18926.177168272796
1790694635,10,,Aggregated,8.200000,0.200000,46,58,75,140,440,670,990,1200,1800,2200,2200,1356,8,46,142.74860082226544,23.76996099974349,2219.893981000496,18950.512536873157
1790694636,10,,Aggregated,8.600000,0.200000,46,58,75,140,440,650,990,1200,1800,2200,2200,1364,8,46,142.51242284750262,23.76996099974349,2219.893981000496,18963.9780058651
1790694637,10,,Aggregated,8.400000,0.100000,46,58,75,140,430,650,990,1200,1800,2200,2200,1376,8,46,141.95077197165227,23.76996099974349,2219.893981000496,18816.298691860466
1790694638,10,,Aggregated,8.400000,0.100000,46,58,75,140,430,640,990,1200,1800,2200,2200,1382,8,46,141.61415808899756,23.76996099974349,2219.893981000496,18754.576700434154
1790694639,10,,Aggregated,8.600000,0.100000,46,57,75,140,430,650,990,1200,1800,2200,2200,1392,8,46,141.3254916264326,23.76996099974349,2219.893981000496,18741.528735632182
1790694640,10,,Aggregated,8.600000,0.100000,46,57,75,140,430,650,990,1200,1800,2200,2200,1399,8,46,141.20685335882408,23.76996099974349,2219.893981000496,18768.10007147963
1790694641,10,,Aggregated,8.700000,0.000000,46,57,75,140,420,640,990,1200,1800,2200,2200,1406,8,46,140.84360399501713,23.76996099974349,2219.893981000496,18676.09815078236
1790694642,10,,Aggregated,8.700000,0.000000,46,57,75,140,420,650,990,1200,1800,2200,2200,1415,8,46,141.13946212861777,23.76996099974349,2219.893981000496,18682.04664310954
1790694643,10,,Aggregated,8.800000,0.000000,46,58,75,140,440,670,1000,1200,1900,2200,2200,1426,8,46,143.70481543758427,23.76996099974349,2219.893981000496,19000.91304347826
1790694644,10,,Aggregated,8.600000,0.000000,46,58,75,150,430,670,1000,1200,1900,2200,2200,1433,8,46,143.63271527633998,23.76996099974349,2219.893981000496,19026.97069085834
1790694645,10,,Aggregated,8.600000,0.000000,46,58,75,140,430,650,1000,1200,1900,2200,2200,1441,8,46,143.2566293830627,23.76996099974349,2219.893981000496,19051.462873004857
1790694646,10,,Aggregated,8.200000,0.000000,46,58,76,140,430,650,1000,1200,1900,2200,2200,1448,8,46,142.99892389709441,23.76996099974349,2219.893981000496,19085.37085635359
1790694647,10,,Aggregated,8.600000,0.000000,46,57,75,140,420,650,990,1200,1900,2200,2200,1455,8,46,142.49084947078592,23.76996099974349,2219.893981000496,19001.95670103093
1790694648,10,,Aggregated,8.200000,0.000000,46,58,75,140,420,640,990,1200,1900,2200,2200,1465,8,46,142.02793520818608,23.76996099974349,2219.893981000496,18898.46962457338
1790694649,10,,Aggregated,8.000000,0.000000,46,58,76,140,420,640,990,1200,1900,2200,2200,1473,8,46,142.23247951730653,23.76996099974349,2219.893981000496,19244.307535641547
1790694650,10,,Aggregated,8.200000,0.000000,46,58,77,150,420,640,990,1200,1900,2200,2200,1479,8,46,142.1494159053357,23.76996099974349,2219.893981000496,19180.60581473969
1790694651,10,,Aggregated,8.100000,0.000000,46,58,77,150,420,640,990,1200,1900,2200,2200,1488,8,46,142.77639866800519,23.76996099974349,2219.893981000496,19509.174731182797
1790694652,10,,Aggregated,7.800000,0.000000,46,58,77,150,430,640,990,1200,1900,2200,2200,1496,8,46,142.96265789237535,23.76996099974349,2219.893981000496,19635.748663101604
1790694653,10,,Aggregated,7.800000,0.000000,46,58,77,150,420,640,990,1200,1900,2200,2200,1505,8,46,142.57601381992876,23.76996099974349,2219.893981000496,19630.040531561463
1790694654,10,,Aggregated,7.900000,0.000000,46,58,77,160,420,640,990,1200,1900,2200,2200,1515,8,46,142.62154754454983,23.76996099974349,2219.893981000496,19830.394059405942
1790694655,10,,Aggregated,8.200000,0.000000,46,58,77,160,420,640,990,1200,1900,2200,2200,1523,8,46,142.39039955876112,23.76996099974349,2219.893981000496,19947.72685489166
1790694656,10,,Aggregated,8.400000,0.000000,46,58,77,160,420,640,990,1200,1900,2200,2200,1530,9,46,142.15545950914535,23.76996099974349,2219.893981000496,19857.503921568627
1790694657,10,,Aggregated,8.100000,0.000000,47,58,77,160,430,640,990,1200,1900,2200,2200,1539,9,47,142.96230884405009,23.76996099974349,2219.893981000496,20170.382066276805
1790694658,10,,Aggregated,8.400000,0.100000,47,58,78,160,420,640,990,1200,1900,2200,2200,1548,9,47,142.81795677260484,23.76996099974349,2219.893981000496,20272.38888888889
1790694659,10,,Aggregated,8.200000,0.100000,47,58,79,170,420,640,990,1200,1900,2200,2200,1554,9,47,142.80092075610924,23.76996099974349,2219.893981000496,20409.421492921494
1790694660,10,,Aggregated,8.000000,0.100000,46,58,78,160,420,640,990,1200,1900,2200,2200,1565,9,46,142.3911518856203,23.76996099974349,2219.893981000496,20375.7214057508
1790694661,10,,Aggregated,8.300000,0.100000,46,58,78,160,420,640,990,1200,1900,2200,2200,1572,9,46,141.97441747073478,23.76996099974349,2219.893981000496,20305.73027989822
1790694662,10,,Aggregated,8.300000,0.100000,47,58,79,160,420,640,990,1200,1900,2200,2200,1580,9,46,142.02442315189595,23.76996099974349,2219.893981000496,20431.7664556962
1790694663,10,,Aggregated,8.400000,0.100000,46,58,77,160,420,640,990,1200,1900,2200,2200,1590,9,46,141.41440737421013,23.76996099974349,2219.893981000496,20309.4679245283
1790694664,10,,Aggregated,8.300000,0.100000,46,58,78,160,420,640,990,1200,1900,2200,2200,1594,9,46,141.56990453951946,23.76996099974349,2219.893981000496,20466.209535759095
1790694665,10,,Aggregated,8.200000,0.100000,46,58,77,160,420,630,980,1200,1900,2200,2200,1601,9,46,141.35958364022082,23.76996099974349,2219.893981000496,20481.103060587135
1790694666,10,,Aggregated,8.000000,0.100000,46,58,77,160,420,630,980,1200,1900,2200,2200,1610,9,46,140.9972706180088,23.76996099974349,2219.893981000496,20577.40745341615
1790694667,10,,Aggregated,8.000000,0.100000,46,58,77,150,420,630,980,1200,1900,2200,2200,1619,9,46,140.43192735330126,23.76996099974349,2219.893981000496,20466.201358863495
1790694668,10,,Aggregated,7.800000,0.000000,46,58,77,150,410,630,980,1200,1900,2200,2200,1627,9,46,140.0524736545747,23.76996099974349,2219.893981000496,20469.523048555624
1790694669,10,,Aggregated,8.100000,0.000000,46,58,76,150,410,630,980,1200,1900,2200,2200,1637,9,46,139.68339320219627,23.76996099974349,2219.893981000496,20450.063530849115
1790694670,10,,Aggregated,8.100000,0.000000,46,58,77,150,410,630,980,1200,1900,2200,2200,1648,9,46,139.8539968877395,23.76996099974349,2219.893981000496,20545.118932038837
1790694671,10,,Aggregated,8.200000,0.000000,46,58,77,150,410,630,970,1200,1900,2200,2200,1654,9,46,139.7005777097917,23.76996099974349,2219.893981000496,20571.532648125754
1790694672,10,,Aggregated,8.200000,0.000000,46,58,77,150,410,630,970,1200,1900,2200,2200,1661,9,46,139.83446534497043,23.76996099974349,2219.893981000496,20707.173991571344
1790694673,10,,Aggregated,8.300000,0.000000,46,58,77,160,410,630,970,1200,1900,2200,2200,1671,9,46,139.9172596403309,23.76996099974349,2219.893981000496,20882.155595451826
1790694674,10,,Aggregated,8.500000,0.000000,46,58,77,160,410,630,970,1200,1900,2200,2200,1678,9,46,139.8059332324146,23.76996099974349,2219.893981000496,20918.238379022645
1790694675,10,,Aggregated,8.500000,0.000000,46,58,77,160,410,630,970,1200,1900,2200,2200,1687,9,46,139.53317335387763,23.76996099974349,2219.893981000496,20810.781861292235
1790694676,10,,Aggregated,8.200000,0.000000,46,58,77,160,410,630,970,1200,1900,2200,2200,1695,9,46,139.06553005132304,23.76996099974349,2219.893981000496,20717.801179941
1790694677,10,,Aggregated,8.300000,0.000000,46,58,77,150,410,630,970,1100,1900,2200,2200,1702,9,46,139.04764916568297,23.76996099974349,2219.893981000496,20731.398354876615
1790694678,10,,Aggregated,8.600000,0.000000,46,58,77,150,410,630,970,1100,1900,2200,2200,1710,9,46,138.79203722163325,23.76996099974349,2219.893981000496,20745.675438596492
1790694679,10,,Aggregated,8.300000,0.000000,46,58,77,150,410,630,970,1100,1900,2200,2200,1719,9,46,138.5579248842313,23.76996099974349,2219.893981000496,20737.695753344968
1790694680,10,,Aggregated,8.200000,0.000000,46,57,76,150,410,620,970,1100,1900,2200,2200,1727,9,46,138.1308685848253,23.76996099974349,2219.893981000496,20651.46438911407
1790694681,10,,Aggregated,7.900000,0.000000,46,57,76,150,410,620,970,1100,1900,2200,2200,1737,9,46,137.81514271790107,23.76996099974349,2219.893981000496,20633.252734599886
1790694682,10,,Aggregated,8.200000,0.000000,46,57,76,140,410,620,970,1100,1900,2200,2200,1741,9,46,137.5940196949994,23.76996099974349,2219.893981000496,20589.492820218264
1790694683,10,,Aggregated,7.900000,0.000000,46,57,76,150,410,620,970,1100,1900,2200,2200,1748,9,46,137.65995996681477,23.76996099974349,2219.893981000496,20604.2557208238
1790694684,10,,Aggregated,8.000000,0.000000,46,57,76,150,410,620,960,1100,1900,2200,2200,1756,9,46,137.6665082038676,23.76996099974349,2219.893981000496,20605.444760820046
1790694685,10,,Aggregated,7.500000,0.000000,46,57,76,150,410,610,960,1100,1900,2200,2200,1767,9,46,137.60115846858628,23.76996099974349,2219.893981000496,20672.65478211658
1790694686,10,,Aggregated,7.700000,0.000000,46,57,75,150,410,610,960,1100,1900,2200,2200,1774,9,46,137.23069964091968,23.76996099974349,2219.893981000496,20591.974069898533
1790694687,10,,Aggregated,7.700000,0.000000,46,57,76,150,410,610,960,1100,1900,2200,2200,1783,9,46,137.55711349130078,23.76996099974349,2219.893981000496,20765.862030286036
1790694688,10,,Aggregated,7.800000,0.000000,46,57,76,150,410,610,960,1100,1900,2200,2200,1793,9,46,137.39973998605174,23.76996099974349,2219.893981000496,20755.395984383715
1790694689,10,,Aggregated,7.900000,0.000000,46,58,76,140,410,610,950,1100,1900,2200,2200,1802,9,46,137.0439443584862,23.76996099974349,2219.893981000496,20669.843507214206
1790694690,10,,Aggregated,8.000000,0.000000,46,58,75,140,410,610,950,1100,1900,2200,2200,1810,9,46,136.6727955679515,23.76996099974349,2219.893981000496,20584.835359116023
1790694691,10,,Aggregated,8.200000,0.000000,46,58,76,140,400,610,950,1100,1900,2200,2200,1815,9,46,136.77836453773705,23.76996099974349,2219.893981000496,20711.8
1790694692,10,,Aggregated,8.300000,0.000000,46,58,76,140,400,600,950,1100,1900,2200,2200,1823,9,46,136.50951124464737,23.76996099974349,2219.893981000496,20646.015907844212
1790694693,10,,Aggregated,8.100000,0.000000,46,58,75,140,400,600,950,1100,1900,2200,2200,1833,9,46,136.2738641794828,23.76996099974349,2219.893981000496,20625.504091653027
1790694694,10,,Aggregated,7.800000,0.000000,46,58,76,140,400,600,950,1100,1900,2200,2200,1843,9,46,136.3884437878417,23.76996099974349,2219.893981000496,20707.581660336407
1790694695,10,,Aggregated,8.100000,0.000000,46,58,76,140,400,600,900,1100,1900,2200,2200,1854,9,46,136.1339299865101,23.76996099974349,2219.893981000496,20764.389428263214
1790694696,10,,Aggregated,8.500000,0.000000,46,58,76,140,400,600,900,1100,1900,2200,2200,1863,9,46,136.08639079441207,23.76996099974349,2219.893981000496,20762.808373590982
1790694697,10,,Aggregated,8.600000,0.000000,46,58,76,140,400,600,900,1100,1900,2200,2200,1872,9,46,135.93600948770785,23.76996099974349,2219.893981000496,20760.146367521367
1790694698,10,,Aggregated,8.700000,0.000000,46,58,76,150,400,600,900,1100,1900,2200,2200,1878,9,46,136.3212360266182,23.76996099974349,2219.893981000496,20871.072417465388
1790694699,10,,Aggregated,8.900000,0.000000,46,58,77,140,400,600,900,1100,1900,2200,2200,1886,9,46,136.12313787115045,23.76996099974349,2219.893981000496,20805.249734888654
1790694700,10,,Aggregated,8.900000,0.000000,46,58,76,140,400,600,950,1100,1900,2200,2200,1896,9,46,136.3050695659226,23.76996099974349,2219.893981000496,20786.949894514768
1790694701,10,,Aggregated,8.700000,0.000000,46,58,76,140,400,600,900,1100,1900,2200,2200,1904,9,46,136.01542908087688,23.76996099974349,2219.893981000496,20701.363445378152
1790694702,10,,Aggregated,8.400000,0.000000,46,57,76,140,390,600,900,1100,1900,2200,2200,1915,9,46,135.5914772866792,23.76996099974349,2219.893981000496,20672.966579634463
1790694703,10,,Aggregated,8.600000,0.000000,46,57,76,140,390,600,900,1100,1900,2200,2200,1922,9,46,135.50828394536444,23.76996099974349,2219.893981000496,20609.33714880333
1790694704,10,,Aggregated,9.000000,0.000000,46,57,76,140,390,600,900,1100,1900,2200,2200,1928,9,46,135.2963379673181,23.76996099974349,2219.893981000496,20631.311203319503
1790694705,10,,Aggregated,9.200000,0.000000,46,57,75,130,390,600,900,1100,1900,2200,2200,1936,9,46,134.90365256714202,23.76996099974349,2219.893981000496,20547.340392561982
1790694706,10,,Aggregated,8.700000,0.000000,46,57,75,130,390,600,900,1100,1900,2200,2200,1946,9,46,134.689060447578,23.76996099974349,2219.893981000496,20534.48098663926
1790694707,10,,Aggregated,8.500000,0.000000,46,57,75,130,390,600,900,1100,1900,2200,2200,1955,9,46,134.40264612326686,23.76996099974349,2219.893981000496,20450.567774936062
1790694708,10,,Aggregated,8.100000,0.000000,46,57,75,130,390,600,900,1100,1900,2200,2200,1963,9,46,134.04880115485835,23.76996099974349,2219.893981000496,20372.718797758534
1790694709,10,,Aggregated,8.400000,0.000000,46,57,74,130,390,600,900,1100,1900,2200,2200,1976,9,46,133.4279606406816,23.76996099974349,2219.893981000496,20244.05971659919
1790694710,10,,Aggregated,8.300000,0.000000,46,57,74,130,390,600,900,1100,1900,2200,2200,1984,9,46,133.06871462045697,23.76996099974349,2219.893981000496,20166.927419354837
1790694711,10,,Aggregated,8.400000,0.000000,46,57,74,130,390,600,900,1100,1900,2200,2200,1995,9,46,133.15067431377744,23.76996099974349,2219.893981000496,20228.61804511278
1790694712,10,,Aggregated,8.800000,0.000000,46,57,74,130,390,600,900,1100,1800,2200,2200,2004,9,46,133.10135955787615,23.76996099974349,2219.893981000496,20385.359281437126
1790694713,10,,Aggregated,8.800000,0.000000,46,57,74,130,380,600,900,1100,1800,2200,2200,2014,9,46,132.7506281181649,23.76996099974349,2219.893981000496,20366.97070506455
1790694715,10,,Aggregated,8.900000,0.000000,46,57,74,130,380,600,900,1100,1800,2200,2200,2021,9,46,132.88828006085325,23.76996099974349,2219.893981000496,20379.084611578426
1790694716,10,,Aggregated,8.800000,0.000000,46,57,74,130,380,600,900,1100,1800,2200,2200,2029,9,46,132.84805976884368,23.76996099974349,2219.893981000496,20547.586988664367
1790694717,10,,Aggregated,9.200000,0.000000,46,57,74,130,380,600,900,1100,1800,2200,2200,2037,9,46,132.62750764554906,23.76996099974349,2219.893981000496,20471.296023564064
1790694718,10,,Aggregated,9.200000,0.000000,46,57,74,130,380,590,900,1100,1800,2200,2200,2046,9,46,132.19011769109667,23.76996099974349,2219.893981000496,20384.20136852395
1790694719,10,,Aggregated,9.300000,0.000000,46,56,74,130,380,590,900,1100,1800,2200,2200,2050,9,46,132.01019936730947,23.76996099974349,2219.893981000496,20345.50487804878
1790694720,10,,Aggregated,8.900000,0.000000,46,57,74,130,380,590,890,1100,1800,2200,2200,2056,9,46,131.93304655057614,23.76996099974349,2219.893981000496,20452.273832684827
1790694721,10,,Aggregated,8.600000,0.000000,46,57,74,130,380,590,890,1100,1800,2200,2200,2067,9,46,131.72364620415325,23.76996099974349,2219.893981000496,20585.35655539429
1790694722,10,,Aggregated,8.600000,0.000000,46,56,74,130,380,590,890,1100,1800,2200,2200,2072,10,46,131.5145411230613,23.76996099974349,2219.893981000496,20535.885135135137
1790694723,10,,Aggregated,8.100000,0.000000,46,57,74,130,380,590,890,1100,1800,2200,2200,2081,10,46,131.4458055261815,23.76996099974349,2219.893981000496,20540.25180201826
1790694724,10,,Aggregated,7.700000,0.100000,46,57,74,130,380,590,890,1100,1800,2200,2200,2088,10,46,131.38595128112195,23.76996099974349,2219.893981000496,20478.65756704981
1790694725,10,,Aggregated,7.700000,0.100000,46,57,75,130,380,590,890,1100,1800,2200,2200,2099,10,46,131.6907341310075,23.76996099974349,2219.893981000496,20610.072415435923
1790694726,10,,Aggregated,7.500000,0.100000,46,57,75,130,380,590,870,1100,1800,2200,2200,2102,10,46,131.58894928686277,23.76996099974349,2219.893981000496,20580.782112274024
1790694727,10,,Aggregated,7.800000,0.100000,46,57,75,130,370,590,870,1100,1800,2200,2200,2111,10,46,131.34478882140533,23.76996099974349,2219.893981000496,20578.992894362862
1790694728,10,,Aggregated,7.300000,0.100000,46,57,75,130,370,590,870,1100,1800,2200,2200,2118,10,46,131.03880117657494,23.76996099974349,2219.893981000496,20511.837110481585
1790694729,10,,Aggregated,7.200000,0.100000,46,57,75,130,370,590,870,1100,1800,2200,2200,2124,10,46,130.90977994726276,23.76996099974349,2219.893981000496,20532.46374764595
1790694730,10,,Aggregated,7.000000,0.100000,46,57,74,130,370,590,870,1100,1800,2200,2200,2131,10,46,130.7638145283832,23.76996099974349,2219.893981000496,20544.001877053026
1790694731,10,,Aggregated,7.000000,0.100000,46,57,75,130,370,590,870,1100,1800,2200,2200,2138,10,46,131.04290847286464,23.76996099974349,2219.893981000496,20555.85126286249
1790694732,10,,Aggregated,7.100000,0.100000,46,57,74,130,370,590,870,1100,1800,2200,2200,2146,10,46,130.7722372898348,23.76996099974349,2219.893981000496,20481.349487418454
1790694733,10,,Aggregated,7.300000,0.100000,46,57,75,130,370,590,870,1100,1800,2200,2200,2155,10,46,130.85795467238307,23.76996099974349,2219.893981000496,20553.27331786543
1790694734,10,,Aggregated,7.300000,0.100000,46,57,75,130,370,580,870,1100,1800,2200,2200,2162,10,46,130.89685224698715,23.76996099974349,2219.893981000496,20651.40703052729
1790694735,10,,Aggregated,7.400000,0.000000,46,57,75,130,370,580,870,1100,1800,2200,2200,2172,10,46,130.83289121822438,23.76996099974349,2219.893981000496,20637.87753222836
1790694736,10,,Aggregated,7.400000,0.000000,46,57,75,130,370,580,870,1100,1800,2200,2200,2180,10,46,130.69347605549717,23.76996099974349,2219.893981000496,20641.672935779818
1790694737,10,,Aggregated,7.100000,0.000000,46,57,75,130,370,580,870,1100,1800,2200,2200,2188,10,46,130.93659437613545,23.76996099974349,2219.893981000496,20793.39990859232
1790694738,10,,Aggregated,7.800000,0.000000,46,57,75,130,370,580,870,1100,1800,2200,2200,2195,10,46,130.7694809257341,23.76996099974349,2219.893981000496,20805.544874715262
1790694739,10,,Aggregated,7.800000,0.000000,46,57,75,130,370,580,830,1100,1800,2200,2200,2202,10,46,130.9022389645716,23.76996099974349,2219.893981000496,20965.68437783833
1790694740,10,,Aggregated,7.600000,0.000000,46,57,75,140,370,580,830,1100,1800,2200,2200,2210,10,46,130.9125442927542,23.76996099974349,2219.893981000496,21046.02443438914
1790694741,10,,Aggregated,8.000000,0.000000,46,57,75,140,370,580,830,1100,1800,2200,2200,2217,10,46,130.80464780333233,23.76996099974349,2219.893981000496,21061.314839873703
1790694742,10,,Aggregated,8.000000,0.000000,46,57,75,130,370,580,830,1100,1800,2200,2200,2223,11,46,130.55021431893215,23.76996099974349,2219.893981000496,21009.078722447142
1790694743,10,,Aggregated,7.800000,0.000000,46,57,75,130,370,580,830,1100,1800,2200,2200,2234,11,46,130.43256659354745,23.76996099974349,2219.893981000496,21054.92479856759
1790694744,10,,Aggregated,7.700000,0.100000,46,57,75,130,370,580,830,1100,1800,2200,2200,2241,11,46,130.51013618919487,23.76996099974349,2219.893981000496,21081.87728692548
1790694745,10,,Aggregated,7.900000,0.100000,46,57,75,140,370,580,830,1100,1800,2200,2200,2249,11,46,130.36447227878426,23.76996099974349,2219.893981000496,21016.658959537574
1790694746,10,,Aggregated,7.600000,0.100000,46,57,76,140,370,580,810,1100,1800,2200,2200,2255,11,46,130.65318649223323,23.76996099974349,2219.893981000496,21180.52150776053
1790694747,10,,Aggregated,7.600000,0.100000,46,57,76,140,370,580,810,1100,1800,2200,2200,2264,11,46,130.4289120627148,23.76996099974349,2219.893981000496,21098.380300353358
1790694748,10,,Aggregated,7.300000,0.100000,46,57,76,140,370,580,810,1100,1800,2200,2200,2272,11,46,130.42205622842695,23.76996099974349,2219.893981000496,21109.115757042255
1790694749,10,,Aggregated,7.300000,0.100000,46,57,76,140,370,580,810,1100,1800,2200,2200,2279,11,46,130.15943898770792,23.76996099974349,2219.893981000496,21052.69723562966
1790694750,10,,Aggregated,7.900000,0.100000,46,57,75,130,370,570,810,1100,1800,2200,2200,2286,11,46,129.9021868363891,23.76996099974349,2219.893981000496,20990.797900262467
1790694751,10,,Aggregated,7.800000,0.100000,46,57,76,130,370,570,810,1100,1800,2200,2200,2292,11,46,130.02130847076117,23.76996099974349,2219.893981000496,21084.465095986037
1790694752,10,,Aggregated,7.600000,0.100000,46,57,75,130,370,570,800,1100,1800,2200,2200,2302,12,46,129.85072462857644,23.76996099974349,2219.893981000496,20993.804952215465
1790694753,10,,Aggregated,7.300000,0.100000,46,57,75,130,370,570,800,1100,1800,2200,2200,2309,12,46,129.71861355911,23.76996099974349,2219.893981000496,20931.268081420527
1790694754,10,,Aggregated,7.500000,0.000000,46,57,75,130,370,570,800,1100,1800,2200,2200,2317,12,46,129.5682475325793,23.76996099974349,2219.893981000496,20937.203280103582
1790694755,10,,Aggregated,7.500000,0.000000,46,57,76,130,370,570,800,1100,1800,2200,2200,2324,12,46,129.78285408390104,23.76996099974349,2219.893981000496,21017.384681583477
1790694756,10,,Aggregated,7.700000,0.100000,46,57,76,130,370,570,810,1100,1800,2200,2200,2332,12,46,130.0659026282107,23.76996099974349,2219.893981000496,21095.377787307032
1790694757,10,,Aggregated,7.700000,0.100000,46,57,76,140,370,570,810,1100,1800,2200,2200,2340,12,46,130.01891075725902,23.76996099974349,2219.893981000496,21095.865384615383
1790694758,10,,Aggregated,7.600000,0.100000,46,57,76,130,370,570,810,1100,1800,2200,2200,2344,12,46,129.87248355118928,23.76996099974349,2219.893981000496,21060.598976109213
1790694759,10,,Aggregated,7.200000,0.100000,46,57,75,130,370,570,800,1100,1800,2200,2200,2351,12,46,129.7147132139463,23.76996099974349,2219.893981000496,21070.209272649936
1790694760,10,,Aggregated,7.200000,0.100000,46,57,75,130,370,570,810,1100,1800,2200,2200,2363,12,46,129.78623396994854,23.76996099974349,2219.893981000496,21108.199746085484
1790694761,10,,Aggregated,7.000000,0.100000,46,57,75,130,370,570,810,1100,1800,2200,2200,2369,13,46,129.54329602743357,23.76996099974349,2219.893981000496,21056.764035458
1790694762,10,,Aggregated,7.300000,0.100000,46,57,75,130,370,570,810,1100,1800,2200,2200,2378,13,46,129.62047028132443,23.76996099974349,2219.893981000496,21192.392767031117
1790694763,10,,Aggregated,7.800000,0.200000,46,57,75,130,370,570,810,1100,1800,2200,2200,2387,13,46,129.32753401214427,23.76996099974349,2219.893981000496,21122.33137829912
1790694764,10,,Aggregated,7.700000,0.200000,46,57,75,130,370,570,810,1100,1800,2200,2200,2396,13,46,129.1360051907288,23.76996099974349,2219.893981000496,21127.466611018364
1790694765,10,,Aggregated,7.700000,0.200000,46,57,75,130,370,560,800,1100,1800,2200,2200,2403,13,46,129.01698729837153,23.76996099974349,2219.893981000496,21203.4581772784
1790694766,10,,Aggregated,7.900000,0.100000,46,57,75,130,370,560,800,1100,1800,2200,2200,2412,13,46,128.77783358208458,23.76996099974349,2219.893981000496,21202.764510779438
1790694767,10,,Aggregated,7.900000,0.100000,46,57,75,130,370,560,800,1100,1800,2200,2200,2422,13,46,128.73259309578404,23.76996099974349,2219.893981000496,21333.6990090834
1790694768,10,,Aggregated,8.000000,0.100000,46,57,75,130,370,560,800,1100,1800,2200,2200,2432,13,46,128.42399267187008,23.76996099974349,2219.893981000496,21349.628700657893
1790694769,10,,Aggregated,8.400000,0.100000,46,57,75,130,370,560,800,1100,1800,2200,2200,2439,13,46,128.3228785596505,23.76996099974349,2219.893981000496,21428.12546125461
1790694770,10,,Aggregated,8.400000,0.100000,46,57,75,130,370,560,800,1100,1800,2200,2200,2446,13,46,128.12861319705087,23.76996099974349,2219.893981000496,21502.00408830744
1790694771,10,,Aggregated,8.800000,0.100000,46,57,76,130,360,560,800,1100,1800,2200,2200,2452,13,46,128.03460624713935,23.76996099974349,2219.893981000496,21589.017128874388
1790694772,10,,Aggregated,8.500000,0.100000,46,57,76,130,360,560,800,1100,1800,2200,2200,2462,14,46,128.01168929487667,23.76996099974349,2219.893981000496,21644.868805848902
1790694773,10,,Aggregated,8.400000,0.000000,46,57,75,130,360,560,800,1100,1800,2200,2200,2469,14,46,127.7512659161549,23.76996099974349,2219.893981000496,21585.460915350344
1790694774,10,,Aggregated,8.400000,0.100000,46,57,76,130,360,560,800,1100,1800,2200,2200,2479,14,46,127.67996875513865,23.76996099974349,2219.893981000496,21645.096813231143
1790694775,10,,Aggregated,8.500000,0.100000,46,57,76,130,360,560,800,1100,1800,2200,2200,2486,14,46,127.57751021922316,23.76996099974349,2219.893981000496,21661.742156074015
1790694776,10,,Aggregated,8.100000,0.100000,46,57,76,130,360,560,800,1100,1800,2200,2200,2493,14,46,127.68646683232592,23.76996099974349,2219.893981000496,21799.561171279584
1790694777,10,,Aggregated,8.200000,0.100000,46,57,76,140,360,550,800,1100,1800,2200,2200,2503,14,46,127.82319296283951,23.76996099974349,2219.893981000496,21923.69596484219
1790694778,10,,Aggregated,8.300000,0.100000,46,57,76,140,360,550,800,1100,1800,2200,2200,2512,14,46,127.73130218271811,23.76996099974349,2219.893981000496,21912.759554140128
1790694779,10,,Aggregated,7.900000,0.100000,46,57,76,140,360,550,800,1100,1800,2200,2200,2519,14,46,127.59739679991623,23.76996099974349,2219.893981000496,21987.6435093291
1790694780,10,,Aggregated,8.300000,0.100000,46,57,76,130,360,550,800,1100,1800,2200,2200,2529,14,46,127.35182320837862,23.76996099974349,2219.893981000496,22101.090945037566
1790694781,10,,Aggregated,8.000000,0.100000,46,57,76,130,360,550,800,1100,1800,2200,2200,2534,14,46,127.19934103709133,23.212050999973144,2219.893981000496,22122.722573007104
1790694782,10,,Aggregated,8.300000,0.100000,46,57,76,130,350,540,800,1100,1800,2200,2200,2542,14,46,127.06122692446498,23.212050999973144,2219.893981000496,22119.214004720692
1790694783,10,,Aggregated,7.900000,0.100000,46,57,76,130,350,540,800,1100,1800,2200,2200,2553,14,46,126.85268599216242,23.212050999973144,2219.893981000496,22160.122992557775
1790694784,10,,Aggregated,8.000000,0.000000,46,57,76,130,350,540,800,1100,1800,2200,2200,2560,14,46,126.66759481249616,23.212050999973144,2219.893981000496,22166.6484375
1790694785,10,,Aggregated,7.900000,0.000000,46,57,76,130,350,550,800,1100,1800,2200,2200,2570,14,46,126.8445599782069,23.212050999973144,2219.893981000496,22210.479377431908
1790694786,10,,Aggregated,8.300000,0.000000,46,57,76,130,350,550,800,1100,1800,2200,2200,2577,14,46,126.65329283041936,23.212050999973144,2219.893981000496,22215.809856422195
1790694787,10,,Aggregated,8.200000,0.000000,46,57,76,130,350,540,800,1100,1800,2200,2200,2587,15,46,126.44007718012796,23.212050999973144,2219.893981000496,22146.048318515655
1790694788,10,,Aggregated,8.300000,0.000000,46,57,76,130,350,540,800,1100,1800,2200,2200,2598,15,46,126.35083982255236,23.212050999973144,2219.893981000496,22253.99730561971
1790694789,10,,Aggregated,8.400000,0.100000,46,57,76,130,340,540,790,1000,1800,2200,2200,2607,15,46,126.25150314690893,23.212050999973144,2219.893981000496,22437.143843498274
1790694790,10,,Aggregated,8.200000,0.100000,46,57,76,130,340,540,790,1000,1800,2200,2200,2618,15,46,125.9080364675295,23.212050999973144,2219.893981000496,22347.971734148206
1790694791,10,,Aggregated,8.500000,0.100000,46,57,76,130,340,540,790,1000,1800,2200,2200,2626,15,46,125.75543336404914,23.212050999973144,2219.893981000496,22413.34729626809
1790694792,10,,Aggregated,8.500000,0.100000,46,57,76,130,340,540,790,1000,1800,2200,2200,2636,15,46,125.48454281031633,23.212050999973144,2219.893981000496,22454.023141122914
1790694793,10,,Aggregated,9.200000,0.100000,46,57,76,130,340,540,790,1000,1800,2200,2200,2640,15,46,125.35907307007334,23.212050999973144,2219.893981000496,22424.178787878787
1790694794,10,,Aggregated,9.100000,0.100000,46,57,76,130,340,540,790,1000,1800,2200,2200,2650,15,46,125.08330209395953,23.212050999973144,2219.893981000496,22469.39962264151
1790694795,10,,Aggregated,9.100000,0.100000,46,57,76,130,340,540,780,1000,1800,2200,2200,2655,15,46,124.96763285649432,23.212050999973144,2219.893981000496,22491.520150659133
1790694796,10,,Aggregated,8.700000,0.100000,46,57,76,130,340,530,780,1000,1800,2200,2200,2668,15,46,124.68641957908306,23.212050999973144,2219.893981000496,22454.584707646176
1790694797,10,,Aggregated,8.500000,0.100000,46,57,76,130,330,530,780,1000,1800,2200,2200,2678,15,46,124.4868785022377,23.212050999973144,2219.893981000496,22501.396938013444
1790694798,10,,Aggregated,8.600000,0.100000,46,57,76,130,330,530,780,1000,1800,2200,2200,2683,15,46,124.46631968505105,23.212050999973144,2219.893981000496,22462.46999627283
1790694799,10,,Aggregated,8.800000,0.000000,46,57,76,130,340,540,790,1100,1800,2200,2200,2690,15,46,125.04098369590776,23.212050999973144,2219.893981000496,22587.936802973978
1790694800,10,,Aggregated,8.800000,0.000000,46,57,76,130,330,530,780,1000,1800,2200,2200,2701,15,46,124.76622991373296,23.212050999973144,2219.893981000496,22564.655683080342
1790694801,10,,Aggregated,8.300000,0.000000,46,57,76,130,330,530,780,1000,1800,2200,2200,2710,15,46,124.49930351291215,23.212050999973144,2219.893981000496,22500.10516605166
1790694802,10,,Aggregated,8.500000,0.000000,46,57,76,130,330,530,780,1000,1800,2200,2200,2718,15,46,124.47064461773083,23.212050999973144,2219.893981000496,22619.258278145695
1790694803,10,,Aggregated,8.200000,0.000000,46,57,76,130,330,530,780,1000,1800,2200,2200,2724,15,46,124.30158322356493,20.260776999748487,2219.893981000496,22630.330396475772
1790694804,10,,Aggregated,8.300000,0.000000,46,57,76,130,330,530,780,1000,1800,2200,2200,2734,15,46,124.25508287527138,20.260776999748487,2219.893981000496,22730.916971470375
1790694805,10,,Aggregated,8.400000,0.000000,46,57,76,130,330,530,780,1000,1800,2200,2200,2743,15,46,124.06050426430666,20.260776999748487,2219.893981000496,22717.83631060882
1790694806,10,,Aggregated,8.300000,0.000000,46,57,76,130,330,530,780,1000,1800,2200,2200,2749,15,46,123.93155977518852,20.260776999748487,2219.893981000496,22729.353583121134
1790694807,10,,Aggregated,8.300000,0.000000,46,57,76,130,330,530,770,1000,1800,2200,2200,2760,15,46,123.755591524998,20.260776999748487,2219.893981000496,22644.91268115942
1790694808,10,,Aggregated,8.500000,0.000000,46,57,76,130,330,530,770,1000,1800,2200,2200,2766,15,46,123.72942173174054,20.260776999748487,2219.893981000496,22611.952277657267
1790694809,10,,Aggregated,8.400000,0.000000,46,57,76,130,330,530,770,1000,1800,2200,2200,2771,15,46,123.63874618946022,20.260776999748487,2219.893981000496,22635.067845543126
1790694810,10,,Aggregated,8.200000,0.000000,45,57,76,130,330,530,770,1000,1800,2200,2200,2777,15,45,123.57331467554646,20.260776999748487,2219.893981000496,22592.501620453728
1790694811,10,,Aggregated,8.300000,0.000000,46,57,76,130,330,530,770,1000,1800,2200,2200,2788,15,45,123.36518325501872,20.260776999748487,2219.893981000496,22507.271520803442
1790694812,10,,Aggregated,7.900000,0.000000,45,57,76,130,330,530,770,1000,1800,2200,2200,2795,15,45,123.20253759498755,20.260776999748487,2219.893981000496,22510.499821109122
1790694813,10,,Aggregated,8.000000,0.000000,45,57,75,120,330,520,770,1000,1800,2200,2200,2808,15,45,122.84080471153548,20.260776999748487,2219.893981000496,22471.686965811965
1790694814,10,,Aggregated,7.600000,0.000000,45,57,75,120,330,520,770,1000,1800,2200,2200,2814,15,45,122.68112953233545,20.260776999748487,2219.893981000496,22425.831911869227
1790694815,10,,Aggregated,7.900000,0.000000,45,57,75,120,330,520,770,1000,1800,2200,2200,2821,15,45,122.59063678624291,20.260776999748487,2219.893981000496,22490.193193902873
1790694816,10,,Aggregated,8.100000,0.000000,45,57,75,120,330,520,770,1000,1800,2200,2200,2829,15,45,122.48671316931451,20.260776999748487,2219.893981000496,22486.781548250266
1790694817,10,,Aggregated,8.100000,0.000000,45,57,75,120,320,520,770,1000,1800,2200,2200,2838,15,45,122.30244019802355,20.260776999748487,2219.893981000496,22476.91613812544
1790694818,10,,Aggregated,7.700000,0.000000,45,57,75,120,320,520,770,1000,1800,2200,2200,2846,15,45,122.24292191707292,20.260776999748487,2219.893981000496,22420.776177090655
1790694819,10,,Aggregated,7.700000,0.000000,45,57,75,120,320,520,770,1000,1800,2200,2200,2853,15,45,122.05061973010503,20.260776999748487,2219.893981000496,22372.641780581842
1790694820,10,,Aggregated,7.900000,0.000000,45,56,75,120,320,520,770,1000,1800,2200,2200,2862,15,45,122.11694424527951,20.260776999748487,2219.893981000496,22374.66457023061
1790694821,10,,Aggregated,7.900000,0.000000,45,56,75,120,320,520,770,1000,1800,2200,2200,2872,15,45,121.83607806754512,20.260776999748487,2219.893981000496,22299.03795264624
1790694822,10,,Aggregated,8.100000,0.000000,45,57,75,120,320,520,770,1000,1800,2200,2200,2882,15,45,121.88629031991384,20.260776999748487,2219.893981000496,22297.07251908397
1790694823,10,,Aggregated,8.000000,0.000000,45,56,75,120,320,520,770,1000,1800,2200,2200,2893,15,45,121.58487062391613,20.260776999748487,2219.893981000496,22216.58347735914
1790694824,10,,Aggregated,8.500000,0.000000,45,56,75,120,320,510,770,1000,1800,2200,2200,2901,15,45,121.419965075142,20.260776999748487,2219.893981000496,22269.42674939676
1790694825,10,,Aggregated,8.400000,0.000000,45,56,75,120,320,510,770,1000,1800,2200,2200,2908,15,45,121.30130905501596,20.260776999748487,2219.893981000496,22331.104539202202
1790694826,10,,Aggregated,8.500000,0.000000,45,56,75,120,320,510,770,1000,1800,2200,2200,2914,15,45,121.20075286341296,20.260776999748487,2219.893981000496,22356.18119423473
1790694827,10,,Aggregated,8.500000,0.000000,45,56,75,120,320,510,770,1000,1800,2200,2200,2920,15,45,121.09315117396804,20.260776999748487,2219.893981000496,22368.684246575343
1790694828,10,,Aggregated,8.500000,0.000000,45,56,74,120,320,500,770,1000,1800,2200,2200,2931,15,45,120.86615591435857,20.260776999748487,2219.893981000496,22291.475946775845
1790694829,10,,Aggregated,8.300000,0.000000,45,56,74,120,320,500,770,1000,1800,2200,2200,2940,15,45,120.76106280543694,20.260776999748487,2219.893981000496,22284.819387755102
1790694830,10,,Aggregated,8.100000,0.000000,45,56,74,120,310,500,760,1000,1800,2200,2200,2952,15,45,120.57170975168884,20.260776999748487,2219.893981000496,22251.542344173442
1790694831,10,,Aggregated,8.700000,0.000000,45,56,74,120,320,500,760,1000,1800,2200,2200,2962,16,45,120.91129143179842,20.260776999748487,2219.893981000496,22399.765698852127
1790694832,10,,Aggregated,8.700000,0.000000,45,56,75,120,320,500,760,1000,1800,2200,2200,2968,16,45,120.81890993058862,20.260776999748487,2219.893981000496,22366.412061994608
1790694833,10,,Aggregated,8.900000,0.000000,45,56,74,120,320,500,760,1000,1800,2200,2200,2981,16,45,120.56746991646753,20.260776999748487,2219.893981000496,22382.89701442469
1790694834,10,,Aggregated,8.800000,0.100000,45,56,74,120,320,500,760,1000,1800,2200,2200,2990,16,45,120.32911897725434,20.260776999748487,2219.893981000496,22318.935451505018
1790694835,10,,Aggregated,8.600000,0.100000,45,56,74,120,320,500,760,1000,1800,2200,2200,2997,17,45,120.31321742141826,20.260776999748487,2219.893981000496,22326.227227227228
1790694836,10,,Aggregated,8.800000,0.100000,45,56,74,120,320,500,740,1000,1700,2200,2200,3004,17,45,120.34363351564302,20.260776999748487,2219.893981000496,22384.093209054594
1790694837,10,,Aggregated,9.000000,0.100000,45,56,74,120,320,500,740,1000,1700,2200,2200,3012,17,45,120.37099630245419,20.260776999748487,2219.893981000496,22326.435922974768
1790694838,10,,Aggregated,8.900000,0.200000,45,56,75,120,310,500,740,1000,1700,2200,2200,3021,17,45,120.50337426646531,20.260776999748487,2219.893981000496,22532.878517047335
1790694839,10,,Aggregated,9.000000,0.200000,45,56,75,120,310,500,740,1000,1700,2200,2200,3030,17,45,120.27375928646633,20.260776999748487,2219.893981000496,22522.364356435643
1790694840,10,,Aggregated,9.100000,0.200000,45,56,74,120,310,500,740,1000,1700,2200,2200,3038,17,45,120.07760791211037,20.260776999748487,2219.893981000496,22465.319289005925
1790694841,10,,Aggregated,8.700000,0.200000,45,56,74,120,310,490,740,1000,1700,2200,2200,3047,17,45,119.9086419251696,20.260776999748487,2219.893981000496,22453.42730554644
1790694842,10,,Aggregated,8.900000,0.200000,45,56,74,120,310,490,740,1000,1700,2200,2200,3056,17,45,119.85592619698673,20.260776999748487,2219.893981000496,22497.297447643978
1790694843,10,,Aggregated,8.600000,0.200000,45,56,74,120,310,490,740,1000,1700,2200,2200,3064,17,45,119.72444837108152,20.260776999748487,2219.893981000496,22496.057114882507
1790694844,10,,Aggregated,8.500000,0.100000,45,56,74,120,310,490,740,1000,1700,2200,2200,3074,17,45,119.69629937312776,20.260776999748487,2219.893981000496,22533.800260247233
1790694845,10,,Aggregated,8.500000,0.100000,45,56,74,120,310,490,740,1000,1700,2200,2200,3083,17,45,119.5834127025613,20.260776999748487,2219.893981000496,22581.08206292572
1790694846,10,,Aggregated,8.200000,0.100000,45,56,74,120,310,490,740,1000,1700,2200,2200,3092,17,45,119.54037013421598,20.260776999748487,2219.893981000496,22678.755821474773
1790694847,10,,Aggregated,8.300000,0.100000,45,56,74,120,310,490,740,1000,1700,2200,2200,3100,17,45,119.733349561934,20.260776999748487,2219.893981000496,22834.44451612903
1790694848,10,,Aggregated,8.600000,0.000000,45,56,74,120,310,490,740,1000,1700,2200,2200,3107,17,45,119.61818902639108,20.260776999748487,2219.893981000496,22837.405214032828
1790694849,10,,Aggregated,8.700000,0.000000,45,56,74,120,310,490,740,1000,1700,2200,2200,3117,17,45,119.43884970901424,20.260776999748487,2219.893981000496,22823.79852422201
1790694850,10,,Aggregated,8.800000,0.000000,45,56,75,120,310,490,740,1000,1700,2200,2200,3126,17,45,119.51768251215522,20.260776999748487,2219.893981000496,22970.902111324376
1790694851,10,,Aggregated,8.600000,0.000000,45,56,75,120,310,490,740,1000,1700,2200,2200,3135,17,45,119.5532637333324,20.260776999748487,2219.893981000496,23118.4653907496
1790694852,10,,Aggregated,8.700000,0.000000,45,56,75,120,310,490,740,1000,1700,2200,2200,3146,17,45,119.26859693102281,20.260776999748487,2219.893981000496,23041.762555626192
1790694853,10,,Aggregated,8.700000,0.000000,45,56,74,120,310,490,740,1000,1700,2200,2200,3151,17,45,119.13929363249667,20.260776999748487,2219.893981000496,23005.53062519835
1790694854,10,,Aggregated,8.800000,0.000000,45,56,74,120,310,490,740,1000,1700,2200,2200,3157,17,45,119.00578687709756,20.260776999748487,2219.893981000496,23014.438074121
1790694856,10,,Aggregated,9.000000,0.000000,45,56,74,120,310,490,740,1000,1700,2200,2200,3163,17,45,118.85670320961006,20.260776999748487,2219.893981000496,22976.887764780273
1790694857,10,,Aggregated,8.700000,0.000000,45,56,74,120,310,490,740,1000,1700,2200,2200,3173,17,45,118.63428122911932,20.260776999748487,2219.893981000496,22959.29089190041
1790694858,10,,Aggregated,8.300000,0.000000,45,56,74,120,310,490,740,1000,1700,2200,2200,3180,17,45,118.49240516886636,20.260776999748487,2219.893981000496,22962.043396226414
1790694859,10,,Aggregated,8.100000,0.000000,45,56,74,120,300,490,740,1000,1700,2200,2200,3192,17,45,118.3529887891583,20.260776999748487,2219.893981000496,22891.90194235589
1790694860,10,,Aggregated,7.900000,0.000000,45,56,74,120,300,490,740,1000,1700,2200,2200,3200,17,45,118.29203032843567,20.260776999748487,2219.893981000496,22938.025625
1790694861,10,,Aggregated,7.900000,0.000000,45,56,74,120,300,490,730,990,1700,2200,2200,3209,17,45,118.15595715518721,20.260776999748487,2219.893981000496,22925.81209099408
1790694862,10,,Aggregated,8.400000,0.000000,45,56,74,120,300,490,730,990,1700,2200,2200,3215,17,45,118.19525768055848,20.260776999748487,2219.893981000496,22934.72099533437
1790694863,10,,Aggregated,8.000000,0.000000,45,56,74,120,300,490,730,990,1700,2200,2200,3222,17,45,118.19439237647217,20.260776999748487,2219.893981000496,22993.287709497206
1790694864,10,,Aggregated,8.300000,0.000000,45,56,74,120,300,490,730,990,1700,2200,2200,3230,17,45,118.02153049504443,20.260776999748487,2219.893981000496,22992.61362229102
1790694865,10,,Aggregated,8.000000,0.000000,45,56,74,120,300,490,730,990,1700,2200,2200,3238,17,45,117.97963726188814,20.260776999748487,2219.893981000496,23041.497838171712
1790694866,10,,Aggregated,7.900000,0.000000,45,56,74,120,300,490,730,990,1700,2200,2200,3251,17,45,117.66178507013005,20.260776999748487,2219.893981000496,22952.327283912644
1790694867,10,,Aggregated,8.100000,0.000000,45,56,74,120,300,490,730,990,1700,2200,2200,3259,17,45,117.53697247376306,20.260776999748487,2219.893981000496,22949.338754219087
1790694868,10,,Aggregated,8.100000,0.000000,45,56,74,120,300,490,730,990,1700,2200,2200,3265,17,45,117.38384755834424,20.260776999748487,2219.893981000496,22907.737825421133
1790694869,10,,Aggregated,8.700000,0.000000,45,56,74,120,300,490,730,990,1700,2200,2200,3274,17,45,117.2476660149643,20.260776999748487,2219.893981000496,22849.53390348198
1790694870,10,,Aggregated,8.500000,0.000000,45,55,74,110,300,490,730,990,1700,2200,2200,3284,17,45,117.14084080085003,20.260776999748487,2219.893981000496,22831.0
1790694871,10,,Aggregated,8.500000,0.000000,45,55,74,110,300,490,730,990,1700,2200,2200,3292,17,45,117.03762572630372,20.260776999748487,2219.893981000496,22826.96871202916
1790694872,10,,Aggregated,8.300000,0.000000,45,55,74,110,300,490,730,990,1700,2200,2200,3301,17,45,117.08073661799209,20.260776999748487,2219.893981000496,22773.555286276885
1790694873,10,,Aggregated,8.300000,0.000000,45,55,74,120,300,490,730,990,1700,2200,2200,3310,17,45,116.98923430755018,20.260776999748487,2219.893981000496,22768.796978851962
1790694874,10,,Aggregated,8.500000,0.000000,45,55,74,120,300,490,730,990,1700,2200,2200,3317,17,45,117.0144743162472,20.260776999748487,2219.893981000496,22821.883629785953
1790694875,10,,Aggregated,8.700000,0.000000,45,55,74,120,300,490,730,990,1700,2200,2200,3328,17,45,117.18702947145132,20.260776999748487,2219.893981000496,22798.834435096152
1790694876,10,,Aggregated,8.600000,0.000000,45,55,74,110,300,490,730,990,1700,2200,2200,3336,18,45,117.12667014388201,20.260776999748487,2219.893981000496,22795.315947242205
1790694877,10,,Aggregated,8.900000,0.000000,45,55,73,110,300,480,730,990,1700,2200,2200,3344,18,45,116.94357108552316,20.260776999748487,2219.893981000496,22742.807117224882
1790694878,10,,Aggregated,8.400000,0.100000,45,55,73,110,300,480,730,990,1700,2200,2200,3352,19,45,116.92357153311113,20.260776999748487,2219.893981000496,22787.179594272075
1790694879,10,,Aggregated,8.400000,0.100000,45,55,73,110,300,480,730,990,1700,2200,2200,3357,19,45,116.8943341772383,20.260776999748487,2219.893981000496,22802.753946976467
1790694880,10,,Aggregated,8.400000,0.100000,45,55,73,110,300,480,730,990,1700,2200,2200,3365,19,45,116.83486274709894,20.260776999748487,2219.893981000496,22797.894205052005
1790694881,10,,Aggregated,8.300000,0.200000,45,55,73,110,300,480,730,990,1700,2200,2200,3378,19,45,116.58153767228765,20.260776999748487,2219.893981000496,22762.313203078746
1790694882,10,,Aggregated,8.300000,0.200000,45,55,73,110,300,480,730,990,1700,2200,2200,3387,19,45,116.40208551224902,20.260776999748487,2219.893981000496,22711.482432831413
1790694883,10,,Aggregated,8.300000,0.200000,45,55,73,110,300,480,730,990,1700,2200,2200,3395,19,45,116.35747197378205,20.260776999748487,2219.893981000496,22755.58703976436
1790694884,10,,Aggregated,8.500000,0.200000,45,55,73,110,300,480,730,990,1700,2200,2200,3403,19,45,116.22974334792515,20.260776999748487,2219.893981000496,22751.75257126065
1790694885,10,,Aggregated,8.500000,0.200000,45,55,73,110,300,480,730,990,1700,2200,2200,3412,19,45,116.39766438569445,20.260776999748487,2219.893981000496,22837.808030480657
1790694886,10,,Aggregated,8.500000,0.200000,45,55,73,110,300,480,730,990,1700,2200,2200,3419,19,45,116.23700607370276,20.260776999748487,2219.893981000496,22791.499268792046
1790694887,10,,Aggregated,8.100000,0.200000,45,55,73,110,300,480,730,990,1700,2200,2200,3428,19,45,116.14883402741833,20.260776999748487,2219.893981000496,22780.02975495916
1790694888,10,,Aggregated,8.100000,0.200000,45,55,72,110,300,480,730,990,1700,2200,2200,3433,19,45,116.0460491217563,20.260776999748487,2219.893981000496,22759.363239149432
1790694889,10,,Aggregated,8.100000,0.100000,45,55,73,110,300,480,730,990,1700,2200,2200,3444,19,45,116.07254824883555,20.260776999748487,2219.893981000496,22926.15098722416
1790694890,10,,Aggregated,8.200000,0.000000,45,55,73,110,300,480,730,990,1700,2200,2200,3454,19,45,115.91104559843339,20.260776999748487,2219.893981000496,22916.99594672843
1790694891,10,,Aggregated,8.400000,0.000000,45,55,73,110,300,480,730,990,1700,2200,2200,3462,19,45,115.89202515250955,20.260776999748487,2219.893981000496,22912.046793760834
1790694892,10,,Aggregated,8.600000,0.000000,45,55,72,110,300,480,730,990,1700,2200,2200,3470,19,45,115.71783636166789,20.260776999748487,2219.893981000496,22860.575792507203
1790694893,10,,Aggregated,8.600000,0.000000,45,55,72,110,300,480,730,990,1700,2200,2200,3479,19,45,115.68858517734567,20.260776999748487,2219.893981000496,22868.14285714286
1790694894,10,,Aggregated,8.300000,0.000000,45,55,73,110,300,480,730,990,1700,2200,2200,3487,19,45,115.65727062804335,20.260776999748487,2219.893981000496,22957.711213077142
1790694895,10,,Aggregated,8.500000,0.000000,45,55,72,110,300,480,730,990,1700,2200,2200,3496,19,45,115.50066405320028,20.260776999748487,2219.893981000496,22902.5823798627
1790694896,10,,Aggregated,8.400000,0.000000,45,55,72,110,300,480,720,990,1700,2200,2200,3504,19,45,115.50197460330726,20.260776999748487,2219.893981000496,22898.771118721463
1790694897,10,,Aggregated,8.500000,0.000000,45,55,72,110,300,480,720,990,1700,2200,2200,3511,19,45,115.49656959412926,20.260776999748487,2219.893981000496,22903.38735403019
1790694898,10,,Aggregated,8.400000,0.000000,45,55,72,110,300,480,720,990,1700,2200,2200,3519,19,45,115.45247277919478,20.260776999748487,2219.893981000496,22947.03523728332
1790694899,10,,Aggregated,8.500000,0.000000,45,55,72,110,300,480,720,990,1700,2200,2200,3524,19,45,115.38284303007529,20.260776999748487,2219.893981000496,22921.057604994323
1790694900,10,,Aggregated,8.300000,0.000000,45,55,72,110,300,480,720,990,1700,2200,2200,3533,19,45,115.38516771383644,20.260776999748487,2219.893981000496,22958.812340786866
1790694901,10,,Aggregated,8.100000,0.000000,45,55,72,110,300,480,720,990,1700,2200,2200,3542,19,45,115.32395195058812,20.260776999748487,2219.893981000496,22999.67814793902
1790694902,10,,Aggregated,7.900000,0.000000,45,55,73,110,300,480,720,990,1700,2200,2200,3550,20,45,115.35833073886872,20.260776999748487,2219.893981000496,23089.011830985917
1790694903,10,,Aggregated,7.700000,0.000000,45,55,73,110,300,480,710,990,1700,2200,2200,3558,20,45,115.2926671017379,20.260776999748487,2219.893981000496,23176.38898257448
1790694904,10,,Aggregated,7.800000,0.100000,45,55,73,110,300,480,710,990,1700,2200,2200,3567,20,45,115.16645675160767,20.260776999748487,2219.893981000496,23166.82282029717
1790694905,10,,Aggregated,7.700000,0.100000,45,55,73,110,300,480,710,990,1700,2200,2200,3577,20,45,115.08718399468366,20.260776999748487,2219.893981000496,23298.296617277047
1790694906,10,,Aggregated,8.100000,0.100000,45,55,73,110,300,470,710,990,1700,2200,2200,3585,20,45,115.05693937795884,20.260776999748487,2219.893981000496,23293.653556485355
1790694907,10,,Aggregated,7.900000,0.100000,45,55,73,110,300,470,710,990,1700,2200,2200,3591,20,45,115.04896680701253,20.260776999748487,2219.893981000496,23301.82706766917
1790694908,10,,Aggregated,7.900000,0.100000,44,55,73,110,300,470,710,980,1700,2200,2200,3603,21,44,114.87889960060554,20.260776999748487,2219.893981000496,23272.091035248402
1790694909,10,,Aggregated,8.200000,0.100000,44,55,72,110,300,470,710,980,1700,2200,2200,3613,21,44,114.70967883282079,20.260776999748487,2219.893981000496,23257.811237199003
1790694910,10,,Aggregated,8.300000,0.200000,44,54,72,110,300,470,710,980,1700,2200,2200,3620,22,44,114.62507420054787,20.260776999748487,2219.893981000496,23216.303038674032
1790694911,10,,Aggregated,8.700000,0.200000,44,54,72,110,300,470,710,980,1700,2200,2200,3629,23,44,114.43247199200451,20.260776999748487,2219.893981000496,23160.47836869661
1790694912,10,,Aggregated,8.800000,0.200000,44,54,72,110,300,470,710,980,1700,2200,2200,3637,23,44,114.26626796837643,20.260776999748487,2219.893981000496,23115.366785812483
1790694913,10,,Aggregated,8.800000,0.400000,44,54,72,110,290,470,710,980,1700,2200,2200,3646,23,44,114.12564161573943,20.260776999748487,2219.893981000496,23068.53702687877
1790694914,10,,Aggregated,8.800000,0.300000,44,54,72,110,290,470,700,980,1700,2200,2200,3657,23,44,113.97406933797807,20.260776999748487,2219.893981000496,23052.22668854252
1790694915,10,,Aggregated,8.700000,0.300000,44,54,72,110,290,470,700,980,1700,2200,2200,3669,24,44,113.84340858489684,20.260776999748487,2219.893981000496,23033.218860724992
1790694916,10,,Aggregated,8.600000,0.300000,44,54,72,110,290,470,700,980,1700,2200,2200,3674,24,44,113.75199390391562,20.260776999748487,2219.893981000496,23047.005443658138
1790694917,10,,Aggregated,9.100000,0.300000,44,54,72,110,290,470,700,980,1700,2200,2200,3682,24,44,113.6462530176496,20.260776999748487,2219.893981000496,23043.084193373168
1790694918,10,,Aggregated,9.100000,0.400000,44,54,72,110,290,470,700,980,1700,2200,2200,3691,24,44,113.5744870495761,20.260776999748487,2219.893981000496,23121.239501490112
1790694919,10,,Aggregated,8.900000,0.400000,44,54,72,110,290,470,700,980,1700,2200,2200,3698,25,44,113.48122154191081,20.260776999748487,2219.893981000496,23123.134126554894
1790694920,10,,Aggregated,8.900000,0.300000,44,54,72,110,290,470,700,970,1700,2200,2200,3707,25,44,113.40057991475216,20.260776999748487,2219.893981000496,23203.22605880766
1790694921,10,,Aggregated,8.500000,0.400000,44,54,72,110,290,470,700,970,1700,2200,2200,3716,25,44,113.2730173468747,20.260776999748487,2219.893981000496,23236.877287405812
1790694922,10,,Aggregated,8.700000,0.400000,44,54,72,110,290,470,700,970,1700,2200,2200,3725,25,44,113.14503554791612,20.260776999748487,2219.893981000496,23237.232483221476
1790694923,10,,Aggregated,8.600000,0.200000,44,54,71,110,290,470,700,970,1700,2200,2200,3730,25,44,113.05009268632388,20.260776999748487,2219.893981000496,23207.35978552279
1790694924,10,,Aggregated,8.600000,0.200000,44,54,72,110,290,470,700,970,1700,2200,2200,3737,25,44,112.98391977709116,20.260776999748487,2219.893981000496,23220.736419587905
1790694925,10,,Aggregated,8.400000,0.200000,44,54,72,110,290,470,700,970,1700,2200,2200,3747,25,44,112.83851456898579,20.260776999748487,2219.893981000496,23249.93941820123
1790694926,10,,Aggregated,8.200000,0.200000,44,54,71,110,290,470,700,970,1700,2200,2200,3753,25,44,112.72903072368509,20.260776999748487,2219.893981000496,23216.486544098054
1790694927,10,,Aggregated,8.100000,0.200000,44,54,71,110,290,470,700,970,1700,2200,2200,3759,25,44,112.64537637110651,20.260776999748487,2219.893981000496,23180.75312583134
1790694928,10,,Aggregated,7.900000,0.100000,44,54,71,110,290,470,700,970,1700,2200,2200,3767,25,44,112.55729244783356,20.260776999748487,2219.893981000496,23178.9243429785
1790694929,10,,Aggregated,7.700000,0.100000,44,54,71,110,290,470,700,970,1700,2200,2200,3775,25,44,112.40781873906953,20.260776999748487,2219.893981000496,23134.85774834437
1790694930,10,,Aggregated,7.600000,0.100000,44,54,71,110,290,460,700,970,1700,2200,2200,3784,25,44,112.26835351268176,20.260776999748487,2219.893981000496,23125.346723044397
1790694931,10,,Aggregated,7.700000,0.000000,44,54,71,110,290,460,700,970,1700,2200,2200,3793,25,44,112.21242816661943,20.260776999748487,2219.893981000496,23169.894806221986
1790694932,10,,Aggregated,7.600000,0.000000,44,54,71,110,290,460,690,970,1700,2200,2200,3802,25,44,112.07847033140148,20.260776999748487,2219.893981000496,23163.231457127826
1790694933,10,,Aggregated,7.700000,0.000000,44,54,71,110,290,460,690,970,1700,2200,2200,3806,25,44,112.00429402968709,20.260776999748487,2219.893981000496,23139.133210719916
1790694934,10,,Aggregated,7.500000,0.000000,44,54,71,110,290,460,690,970,1700,2200,2200,3815,25,44,111.88307793997069,20.260776999748487,2219.893981000496,23092.42149410223
1790694935,10,,Aggregated,7.600000,0.000000,44,54,71,110,290,460,690,970,1700,2200,2200,3823,25,44,111.77998655322718,20.260776999748487,2219.893981000496,23137.184410149097
1790694936,10,,Aggregated,7.700000,0.000000,44,54,71,100,290,460,690,970,1700,2200,2200,3832,25,44,111.61012736873373,20.260776999748487,2219.893981000496,23085.661012526096
1790694937,10,,Aggregated,7.400000,0.000000,44,54,71,100,290,460,690,970,1700,2200,2200,3840,25,44,111.45963999921551,20.01081999969756,2219.893981000496,23051.768489583334
1790694938,10,,Aggregated,7.600000,0.000000,44,54,71,100,280,460,690,970,1700,2200,2200,3848,25,44,111.40594612629666,20.01081999969756,2219.893981000496,23096.729989604988
1790694939,10,,Aggregated,7.800000,0.000000,44,54,71,100,280,460,690,970,1700,2200,2200,3854,25,44,111.33134670134646,20.01081999969756,2219.893981000496,23146.706538661132
1790694940,10,,Aggregated,7.800000,0.000000,44,54,71,100,280,460,690,970,1700,2200,2200,3866,25,44,111.11569978608112,20.01081999969756,2219.893981000496,23165.835488877394
1790694941,10,,Aggregated,7.900000,0.000000,44,54,71,100,280,460,690,970,1700,2200,2200,3873,25,44,110.9955489153085,19.859727999573806,2219.893981000496,23169.007745933384
1790694942,10,,Aggregated,7.800000,0.000000,44,54,71,100,280,460,690,970,1700,2200,2200,3886,26,44,110.87469510524689,19.859727999573806,2219.893981000496,23140.466803911477
1790694943,10,,Aggregated,8.000000,0.000000,44,54,71,100,280,460,690,970,1700,2200,2200,3896,27,44,110.74981172817989,19.859727999573806,2219.893981000496,23135.362422997947
1790694944,10,,Aggregated,8.300000,0.100000,44,54,71,100,280,460,690,960,1700,2200,2200,3906,27,44,110.6174666866331,19.859727999573806,2219.893981000496,23090.11059907834
1790694945,10,,Aggregated,8.500000,0.100000,44,54,71,100,280,460,690,960,1700,2200,2200,3913,27,44,110.57099276411647,19.859727999573806,2219.893981000496,23058.892921032457
1790694946,10,,Aggregated,8.500000,0.200000,44,54,71,100,280,460,690,960,1700,2200,2200,3920,27,44,110.55588843673192,19.859727999573806,2219.893981000496,23102.059693877552
1790694947,10,,Aggregated,9.100000,0.200000,44,54,71,100,280,460,690,960,1700,2200,2200,3930,28,44,110.48740146335618,19.859727999573806,2219.893981000496,23132.21272264631
1790694948,10,,Aggregated,8.800000,0.200000,44,54,71,100,280,460,690,960,1700,2200,2200,3939,29,44,110.3268992322897,19.859727999573806,2219.893981000496,23089.86798679868
1790694949,10,,Aggregated,8.900000,0.300000,44,54,70,100,280,460,690,960,1700,2200,2200,3944,29,44,110.23496282352701,19.859727999573806,2219.893981000496,23067.101419878298
1790694950,10,,Aggregated,9.100000,0.300000,44,54,70,100,280,460,680,960,1700,2200,2200,3953,29,44,110.17609145458854,19.859727999573806,2219.893981000496,23100.259296736655
1790694951,10,,Aggregated,8.900000,0.400000,44,54,70,100,280,450,680,960,1700,2200,2200,3963,29,44,110.03218310925789,19.859727999573806,2219.893981000496,23090.968205904617
1790694952,10,,Aggregated,8.800000,0.400000,44,54,71,100,280,450,680,960,1700,2200,2200,3972,29,44,109.96540939803398,19.859727999573806,2219.893981000496,23169.416163141996
1790694953,10,,Aggregated,8.700000,0.400000,44,54,70,100,280,450,680,960,1700,2200,2200,3982,29,44,109.79924377398049,19.859727999573806,2219.893981000496,23153.098442993472
1790694954,10,,Aggregated,8.700000,0.300000,44,54,70,100,280,450,680,960,1700,2200,2200,3993,29,44,109.62060256223126,19.859727999573806,2219.893981000496,23133.64813423491
1790694955,10,,Aggregated,8.600000,0.300000,44,54,70,100,280,450,680,960,1700,2200,2200,4000,29,44,109.57362575149716,19.859727999573806,2219.893981000496,23188.2615
1790694956,10,,Aggregated,9.000000,0.200000,44,54,70,100,280,450,680,950,1600,2200,2200,4009,29,44,109.52779288400826,19.859727999573806,2219.893981000496,23262.481416812174
1790694957,10,,Aggregated,8.400000,0.200000,44,54,70,100,280,450,680,950,1600,2200,2200,4018,29,44,109.42615816998251,19.859727999573806,2219.893981000496,23267.550522648082
1790694958,10,,Aggregated,8.600000,0.200000,44,54,70,100,280,450,680,950,1600,2200,2200,4028,29,44,109.36046607745538,19.859727999573806,2219.893981000496,23261.73013902681
1790694959,10,,Aggregated,8.700000,0.100000,44,54,70,100,280,450,680,950,1600,2200,2200,4035,29,44,109.25800174200528,19.859727999573806,2219.893981000496,23268.319454770757
1790694960,10,,Aggregated,8.600000,0.100000,44,54,71,100,280,450,680,950,1600,2200,2200,4047,29,44,109.0982779147494,19.859727999573806,2219.893981000496,23250.0150728935
1790694961,10,,Aggregated,9.000000,0.000000,44,54,70,100,280,450,670,950,1600,2200,2200,4053,29,44,109.01221192597865,19.859727999573806,2219.893981000496,23259.75771033802
1790694962,10,,Aggregated,8.900000,0.000000,44,54,71,100,280,450,670,950,1600,2200,2200,4063,29,44,108.97484555402183,19.859727999573806,2219.893981000496,23327.065714988923
1790694963,10,,Aggregated,9.300000,0.000000,44,54,70,100,280,450,670,950,1600,2200,2200,4073,29,44,108.84829949545521,19.859727999573806,2219.893981000496,23312.394549472134
1790694964,10,,Aggregated,8.800000,0.000000,44,54,70,100,280,450,670,950,1600,2200,2200,4080,29,44,108.72567931813475,19.859727999573806,2219.893981000496,23277.074509803922
1790694965,10,,Aggregated,8.900000,0.000000,44,54,70,100,280,450,670,950,1600,2200,2200,4087,29,44,108.61266251088573,19.859727999573806,2219.893981000496,23282.75997063861
1790694966,10,,Aggregated,8.700000,0.000000,44,54,70,100,280,450,670,950,1600,2200,2200,4097,29,44,108.46144829801985,19.859727999573806,2219.893981000496,23233.89699780327
1790694967,10,,Aggregated,8.800000,0.000000,44,54,70,100,280,450,670,950,1600,2200,2200,4104,29,44,108.4056395511669,19.859727999573806,2219.893981000496,23234.623538011696
1790694968,10,,Aggregated,8.600000,0.000000,44,54,70,100,280,450,670,950,1600,2200,2200,4113,29,44,108.25150767274232,19.859727999573806,2219.893981000496,23188.277899343546
1790694969,10,,Aggregated,8.700000,0.000000,44,54,70,100,280,450,670,950,1600,2200,2200,4119,29,44,108.23493468171635,19.859727999573806,2219.893981000496,23158.479485311967
1790694970,10,,Aggregated,8.700000,0.000000,44,54,70,100,280,440,670,950,1600,2200,2200,4131,29,44,108.16521250157055,19.859727999573806,2219.893981000496,23251.18373275236
1790694971,10,,Aggregated,8.500000,0.000000,44,54,70,100,280,440,670,950,1600,2200,2200,4137,29,44,108.10458686414977,19.859727999573806,2219.893981000496,23258.388687454677
1790694972,10,,Aggregated,8.300000,0.000000,44,54,70,100,280,440,670,950,1600,2200,2200,4147,29,44,108.01433199589776,19.859727999573806,2219.893981000496,23285.577767060524
1790694974,10,,Aggregated,8.200000,0.000000,44,54,70,100,280,440,670,950,1600,2200,2200,4153,29,44,107.92500894413324,19.859727999573806,2219.893981000496,23255.56320732001
1790694975,10,,Aggregated,8.500000,0.000000,44,54,70,100,280,440,670,950,1600,2200,2200,4164,29,44,107.89133464528906,19.859727999573806,2219.893981000496,23274.854947166186
1790694976,10,,Aggregated,8.400000,0.000000,44,54,70,100,280,440,670,950,1600,2200,2200,4171,29,44,107.91090354399047,19.859727999573806,2219.893981000496,23289.216255094703
1790694977,10,,Aggregated,8.000000,0.000000,44,54,70,100,280,440,670,950,1600,2200,2200,4180,29,44,107.78585552080968,19.859727999573806,2219.893981000496,23280.47966507177
1790694978,10,,Aggregated,8.400000,0.000000,44,54,70,100,280,440,670,950,1600,2200,2200,4188,29,44,107.82955994627132,19.859727999573806,2219.893981000496,23318.272445081184
1790694979,10,,Aggregated,8.400000,0.000000,44,54,70,100,280,440,670,950,1600,2200,2200,4196,29,44,107.69218570590651,19.859727999573806,2219.893981000496,23276.66658722593
1790694980,10,,Aggregated,8.300000,0.000000,44,54,70,100,280,440,670,900,1600,2200,2200,4205,29,44,107.62092829060265,19.859727999573806,2219.893981000496,23344.79881093936
1790694981,10,,Aggregated,8.200000,0.000000,44,54,70,100,270,440,670,900,1600,2200,2200,4215,29,44,107.49676253332976,19.859727999573806,2219.893981000496,23335.520284697508
1790694982,10,,Aggregated,8.200000,0.000000,44,54,70,100,270,440,670,900,1600,2200,2200,4224,29,44,107.41117114369914,19.859727999573806,2219.893981000496,23365.676846590908
1790694983,10,,Aggregated,8.300000,0.000000,44,54,70,100,270,440,670,900,1600,2200,2200,4232,29,44,107.34279344706623,19.859727999573806,2219.893981000496,23330.347353497164
1790694984,10,,Aggregated,8.300000,0.000000,44,54,70,100,270,440,670,900,1600,2200,2200,4239,29,44,107.38544806722922,19.859727999573806,2219.893981000496,23334.277895730123
1790694985,10,,Aggregated,8.300000,0.000000,44,54,70,100,270,440,670,900,1600,2200,2200,4246,29,44,107.28645545030267,19.859727999573806,2219.893981000496,23340.366462552993
1790694986,10,,Aggregated,8.300000,0.000000,44,54,70,100,270,440,670,900,1600,2200,2200,4251,29,44,107.27945071559292,19.859727999573806,2219.893981000496,23390.622912255938
1790694987,10,,Aggregated,8.100000,0.000000,44,53,70,100,270,430,670,900,1600,2200,2200,4265,29,44,107.07757824149732,19.859727999573806,2219.893981000496,23356.27127784291
1790694988,10,,Aggregated,8.100000,0.000000,44,53,70,100,270,430,670,900,1600,2200,2200,4272,29,44,106.95714259386362,19.859727999573806,2219.893981000496,23318.967462546818
1790694989,10,,Aggregated,8.300000,0.000000,44,53,69,100,270,430,670,900,1600,2200,2200,4282,29,44,106.79989012330336,19.859727999573806,2219.893981000496,23270.500934142925
1790694990,10,,Aggregated,8.500000,0.000000,44,53,69,99,270,430,670,900,1600,2200,2200,4292,29,44,106.6813336570331,19.859727999573806,2219.893981000496,23258.98881640261
1790694991,10,,Aggregated,8.500000,0.000000,44,53,69,99,270,430,670,900,1600,2200,2200,4301,29,44,106.56072926691155,19.859727999573806,2219.893981000496,23218.98232969077
1790694992,10,,Aggregated,8.500000,0.000000,44,53,69,99,270,430,670,900,1600,2200,2200,4307,29,44,106.62202952681366,19.859727999573806,2219.893981000496,23268.81680984444
1790694993,10,,Aggregated,8.500000,0.000000,44,53,69,99,270,430,670,900,1600,2200,2200,4317,30,44,106.54089688000595,19.859727999573806,2219.893981000496,23333.964558721334
1790694994,10,,Aggregated,8.200000,0.000000,44,53,70,100,270,430,670,900,1600,2200,2200,4328,30,43,106.4489565420486,19.859727999573806,2219.893981000496,23430.36922365989
1790694995,10,,Aggregated,8.600000,0.100000,43,53,69,99,270,430,670,900,1600,2200,2200,4336,30,43,106.32873733901948,19.859727999573806,2219.893981000496,23388.814575645756
1790694996,10,,Aggregated,8.600000,0.100000,43,53,69,99,270,430,670,900,1600,2200,2200,4343,31,43,106.24704270365828,19.859727999573806,2219.893981000496,23392.006447156342
1790694997,10,,Aggregated,8.900000,0.100000,43,53,69,99,270,430,670,900,1600,2200,2200,4350,31,43,106.20762953769822,19.859727999573806,2219.893981000496,23398.825747126437
1790694998,10,,Aggregated,9.100000,0.100000,43,53,69,99,270,430,670,900,1600,2200,2200,4359,31,43,106.08514925487188,19.859727999573806,2219.893981000496,23393.006194081212
1790694999,10,,Aggregated,8.600000,0.200000,43,53,69,99,270,430,670,900,1600,2200,2200,4367,31,43,105.97829142454461,19.859727999573806,2219.893981000496,23389.069155026333
1790695000,10,,Aggregated,8.500000,0.200000,43,53,69,99,270,430,670,900,1600,2200,2200,4373,31,43,105.90305875234087,19.859727999573806,2219.893981000496,23396.169448890923
1790695001,10,,Aggregated,8.500000,0.200000,43,53,69,99,270,430,670,900,1600,2200,2200,4381,31,43,105.91383973909777,19.859727999573806,2219.893981000496,23398.608080346952
1790695002,10,,Aggregated,8.100000,0.200000,43,53,69,99,270,430,670,900,1600,2200,2200,4394,32,43,105.76173037232284,19.859727999573806,2219.893981000496,23332.077150659992
1790695003,10,,Aggregated,8.100000,0.200000,43,53,69,99,270,430,670,900,1600,2200,2200,4398,32,43,105.79238794224342,19.859727999573806,2219.893981000496,23385.99954524784
1790695004,10,,Aggregated,8.300000,0.200000,43,53,69,99,270,420,660,900,1600,2200,2200,4409,32,43,105.78204056044174,19.859727999573806,2219.893981000496,23372.83828532547
1790695005,10,,Aggregated,8.200000,0.200000,43,53,69,99,270,420,660,900,1600,2200,2200,4418,32,43,105.66009753304408,19.859727999573806,2219.893981000496,23364.54391127207
1790695006,10,,Aggregated,8.100000,0.200000,43,53,69,99,270,420,660,900,1600,2200,2200,4426,33,43,105.60876042069367,19.859727999573806,2219.893981000496,23399.11929507456
1790695007,10,,Aggregated,8.000000,0.200000,43,53,69,99,270,420,660,900,1600,2200,2200,4436,33,43,105.4786342114501,19.859727999573806,2219.893981000496,23383.847159603247
1790695008,10,,Aggregated,8.000000,0.200000,43,53,69,99,270,420,660,900,1600,2200,2200,4448,33,43,105.42213103192279,19.859727999573806,2219.893981000496,23404.786645683453
1790695009,10,,Aggregated,8.500000,0.200000,43,53,69,99,270,420,650,900,1600,2200,2200,4453,33,43,105.34739305097477,19.859727999573806,2219.893981000496,23379.788457219853
1790695010,10,,Aggregated,8.600000,0.200000,43,53,69,98,270,420,650,900,1600,2200,2200,4461,33,43,105.25102811544289,19.859727999573806,2219.893981000496,23381.253306433537
1790695011,10,,Aggregated,8.600000,0.200000,43,53,69,99,270,420,650,900,1600,2200,2200,4471,34,43,105.19714478214925,19.859727999573806,2219.893981000496,23371.229031536568
1790695012,10,,Aggregated,8.800000,0.200000,43,53,69,99,270,420,650,900,1600,2200,2200,4481,35,43,105.21307160120261,19.859727999573806,2219.893981000496,23466.503235884848
1790695013,10,,Aggregated,8.800000,0.200000,43,53,69,99,270,420,650,900,1600,2200,2200,4489,35,43,105.1437422198682,19.859727999573806,2219.893981000496,23466.00155936734
1790695014,10,,Aggregated,8.700000,0.300000,43,53,69,100,270,420,650,900,1600,2200,2200,4498,35,43,105.36663431791645,19.859727999573806,2219.893981000496,23542.099377501112
1790695015,10,,Aggregated,8.700000,0.300000,43,53,69,100,270,420,650,890,1600,2200,2200,4506,35,43,105.30623872858168,19.859727999573806,2219.893981000496,23539.24522858411
1790695016,10,,Aggregated,8.700000,0.300000,43,53,69,100,270,420,650,890,1600,2200,2200,4516,36,43,105.30748653099815,19.859727999573806,2219.893981000496,23530.42515500443
1790695017,10,,Aggregated,8.900000,0.300000,43,53,69,100,270,420,650,890,1600,2200,2200,4523,36,43,105.29504171722044,19.859727999573806,2219.893981000496,23535.96882600044
1790695018,10,,Aggregated,9.000000,0.400000,43,53,69,100,270,420,650,890,1600,2200,2200,4532,36,43,105.39020057612238,19.859727999573806,2219.893981000496,23528.249117387466
1790695019,10,,Aggregated,8.600000,0.300000,43,53,70,100,270,420,650,890,1600,2200,2200,4542,36,43,105.37670582342332,19.859727999573806,2219.893981000496,23564.85314839278
1790695020,10,,Aggregated,8.500000,0.300000,43,53,70,100,270,420,650,890,1600,2200,2200,4548,36,43,105.4642625274819,19.859727999573806,2219.893981000496,23614.46152154793
1790695021,10,,Aggregated,8.400000,0.300000,43,53,70,100,270,420,650,890,1600,2200,2200,4555,36,43,105.51974420812007,19.859727999573806,2219.893981000496,23687.633150384194
1790695022,10,,Aggregated,8.700000,0.300000,44,53,70,100,270,420,650,890,1600,2200,2200,4567,36,44,105.47204766586103,19.859727999573806,2219.893981000496,23668.22465513466
1790695023,10,,Aggregated,8.600000,0.300000,44,53,70,100,270,420,650,890,1600,2200,2200,4574,36,44,105.54418614975664,19.859727999573806,2219.893981000496,23740.250327940532
1790695024,10,,Aggregated,8.400000,0.200000,44,53,70,100,270,420,650,890,1600,2200,2200,4581,36,44,105.44435617921546,19.859727999573806,2219.893981000496,23706.41541148221
1790695025,10,,Aggregated,8.400000,0.100000,44,53,70,100,270,420,650,890,1600,2200,2200,4586,36,44,105.4332679829884,19.859727999573806,2219.893981000496,23720.132359354557
1790695026,10,,Aggregated,8.500000,0.100000,44,53,70,100,270,420,650,890,1600,2200,2200,4594,36,44,105.42500094405392,19.859727999573806,2219.893981000496,23786.65716151502
1790695027,10,,Aggregated,8.200000,0.100000,44,53,70,100,270,420,640,880,1600,2200,2200,4606,36,44,105.31209379048721,19.859727999573806,2219.893981000496,23727.981762917934
1790695028,10,,Aggregated,7.800000,0.000000,44,53,70,100,270,420,640,880,1600,2200,2200,4612,36,44,105.26288765480994,19.859727999573806,2219.893981000496,23702.71769297485
1790695029,10,,Aggregated,8.100000,0.000000,44,53,70,100,270,420,640,880,1600,2200,2200,4621,36,44,105.3467310279125,19.859727999573806,2219.893981000496,23728.83813027483
1790695030,10,,Aggregated,8.000000,0.000000,44,53,70,100,270,420,640,880,1600,2200,2200,4630,36,44,105.34882454038558,19.859727999573806,2219.893981000496,23724.852051835853
1790695031,10,,Aggregated,7.900000,0.000000,44,54,70,100,270,420,640,880,1600,2200,2200,4639,36,44,105.40221397175794,19.859727999573806,2219.893981000496,23751.736365596033
1790695032,10,,Aggregated,7.800000,0.000000,44,54,70,100,270,420,640,880,1600,2200,2200,4648,36,44,105.35636844728592,19.859727999573806,2219.893981000496,23776.79604130809
1790695033,10,,Aggregated,8.000000,0.000000,44,53,70,100,270,420,640,880,1600,2200,2200,4656,36,43,105.2309598251685,19.556051999643387,2219.893981000496,23739.45597079038
1790695034,10,,Aggregated,8.100000,0.000000,44,53,70,100,270,420,640,880,1600,2200,2200,4669,36,44,105.05744479310016,19.556051999643387,2219.893981000496,23681.011994002998
1790695035,10,,Aggregated,8.100000,0.000000,43,53,70,100,270,420,640,880,1600,2200,2200,4677,36,43,104.96870358028352,19.556051999643387,2219.893981000496,23657.73444515715
1790695036,10,,Aggregated,8.300000,0.000000,43,53,70,100,270,420,640,880,1600,2200,2200,4688,36,43,105.01526500639625,19.556051999643387,2219.893981000496,23676.221203071673
1790695037,10,,Aggregated,8.800000,0.000000,43,53,69,100,270,420,640,880,1600,2200,2200,4698,36,43,104.9257230021254,19.556051999643387,2219.893981000496,23664.460834397614
1790695038,10,,Aggregated,9.100000,0.000000,43,53,70,100,270,420,640,880,1600,2200,2200,4706,36,43,104.9186940580077,19.556051999643387,2219.893981000496,23699.43731406715
1790695039,10,,Aggregated,9.000000,0.000000,43,53,69,100,270,420,640,880,1600,2200,2200,4713,36,43,104.88672932823765,19.556051999643387,2219.893981000496,23667.87163165712
1790695040,10,,Aggregated,9.200000,0.000000,43,53,69,100,270,420,640,880,1600,2200,2200,4719,36,43,104.85672621572043,19.556051999643387,2219.893981000496,23638.18944691672
1790695041,10,,Aggregated,9.500000,0.000000,43,53,69,100,270,420,640,880,1600,2200,2200,4727,36,43,104.7444563431325,19.556051999643387,2219.893981000496,23601.48741273535
1790695042,10,,Aggregated,9.000000,0.000000,43,53,69,100,270,420,640,880,1600,2200,2200,4734,36,43,104.71041811110871,19.556051999643387,2219.893981000496,23606.38888888889
1790695043,10,,Aggregated,8.800000,0.000000,43,53,69,100,270,420,640,880,1600,2200,2200,4743,36,43,104.83073682500259,19.556051999643387,2219.893981000496,23666.179211469534
1790695044,10,,Aggregated,9.000000,0.000000,43,53,69,100,270,420,640,880,1600,2200,2200,4754,36,43,104.90564361253433,19.556051999643387,2219.893981000496,23719.044594026083
1790695045,10,,Aggregated,9.000000,0.000000,43,53,70,100,270,420,640,880,1600,2200,2200,4759,37,43,104.86606126896135,19.556051999643387,2219.893981000496,23733.71464593402
1790695046,10,,Aggregated,8.500000,0.000000,43,53,69,100,270,420,640,880,1600,2200,2200,4771,37,43,104.76761965981676,19.556051999643387,2219.893981000496,23750.722909243344
1790695047,10,,Aggregated,8.200000,0.000000,43,53,69,100,270,420,640,880,1600,2200,2200,4782,38,43,104.68009855102213,19.556051999643387,2219.893981000496,23799.877457130908
1790695048,10,,Aggregated,8.100000,0.100000,43,53,70,100,270,420,640,880,1600,2200,2200,4791,38,43,104.64642683197364,19.556051999643387,2219.893981000496,23828.153412648717
1790695049,10,,Aggregated,8.300000,0.100000,43,53,69,100,270,420,640,870,1600,2200,2200,4801,38,43,104.52216343886391,19.556051999643387,2219.893981000496,23813.725473859613
1790695050,10,,Aggregated,8.300000,0.200000,43,53,69,100,270,420,640,870,1600,2200,2200,4808,38,43,104.44001439246779,19.556051999643387,2219.893981000496,23816.712978369385
1790695051,10,,Aggregated,8.200000,0.200000,43,53,69,100,270,420,640,870,1600,2200,2200,4816,38,43,104.4363757456363,19.556051999643387,2219.893981000496,23880.145764119603
1790695052,10,,Aggregated,9.000000,0.200000,43,53,69,100,270,420,640,870,1600,2200,2200,4823,38,43,104.42444579244967,19.556051999643387,2219.893981000496,23880.44474393531
1790695053,10,,Aggregated,8.900000,0.200000,43,53,69,100,270,420,640,870,1600,2200,2200,4831,38,43,104.31741152245571,19.556051999643387,2219.893981000496,23847.50445042434
1790695054,10,,Aggregated,8.500000,0.200000,43,53,69,100,270,420,640,870,1600,2200,2200,4839,38,43,104.24126957036212,19.556051999643387,2219.893981000496,23845.763380863817
1790695055,10,,Aggregated,8.500000,0.200000,43,53,69,100,270,420,640,870,1600,2200,2200,4845,38,43,104.1938438864775,19.556051999643387,2219.893981000496,23855.046026831784
1790695056,10,,Aggregated,8.600000,0.200000,43,53,69,99,270,420,640,870,1600,2200,2200,4856,38,43,104.04917262046591,19.556051999643387,2219.893981000496,23871.32990115321
1790695057,10,,Aggregated,8.600000,0.200000,43,53,69,99,270,420,640,870,1600,2200,2200,4868,38,43,103.91899725102375,19.556051999643387,2219.893981000496,23920.2107641742
1790695058,10,,Aggregated,8.500000,0.100000,43,53,69,99,270,420,640,870,1600,2200,2200,4874,38,43,103.92255518177762,19.556051999643387,2219.893981000496,23926.33032416906
1790695059,10,,Aggregated,8.300000,0.100000,43,53,69,100,270,420,640,870,1600,2200,2200,4882,38,43,103.86196819766171,19.556051999643387,2219.893981000496,23988.496927488733
1790695060,10,,Aggregated,8.500000,0.000000,43,53,69,99,270,420,640,870,1600,2200,2200,4891,38,43,103.77022328644142,19.556051999643387,2219.893981000496,23983.147618074014
1790695061,10,,Aggregated,8.300000,0.000000,43,53,69,99,270,420,640,870,1600,2200,2200,4900,38,43,103.66507803836396,19.556051999643387,2219.893981000496,23975.664693877552
1790695062,10,,Aggregated,7.900000,0.000000,43,53,69,99,270,420,640,870,1600,2200,2200,4911,38,43,103.59507990755137,19.556051999643387,2219.893981000496,24001.172877214416
1790695063,10,,Aggregated,8.100000,0.000000,43,53,69,99,270,420,640,870,1600,2200,2200,4920,38,43,103.5093108117856,19.556051999643387,2219.893981000496,23993.64613821138
1790695064,10,,Aggregated,8.500000,0.000000,43,53,69,99,270,410,640,870,1600,2200,2200,4930,38,43,103.37967258397298,18.571427000097174,2219.893981000496,23982.927180527382
1790695065,10,,Aggregated,8.700000,0.000000,43,53,69,98,260,410,640,870,1600,2200,2200,4938,38,43,103.31827983333064,18.571427000097174,2219.893981000496,24011.1907654921
1790695066,10,,Aggregated,8.800000,0.000000,43,53,69,100,260,410,640,870,1600,2200,2200,4949,38,43,103.40618343281231,18.571427000097174,2219.893981000496,24128.094564558498
1790695067,10,,Aggregated,8.900000,0.000000,43,53,69,99,260,410,640,870,1600,2200,2200,4959,38,43,103.29925581387157,18.571427000097174,2219.893981000496,24151.088324258923
1790695069,10,,Aggregated,9.200000,0.000000,43,53,69,99,260,410,640,870,1600,2200,2200,4967,38,43,103.20649301932545,18.571427000097174,2219.893981000496,24153.310046305618
1790695070,10,,Aggregated,9.200000,0.000000,43,53,69,98,260,410,640,870,1600,2200,2200,4976,38,43,103.10565319111522,18.571427000097174,2219.893981000496,24147.10590836013
1790695071,10,,Aggregated,9.100000,0.000000,43,53,69,99,260,410,640,870,1600,2200,2200,4982,38,43,103.09286720654126,18.571427000097174,2219.893981000496,24187.916499397834
1790695072,10,,Aggregated,9.300000,0.000000,43,53,69,99,260,410,640,870,1600,2200,2200,4990,38,43,103.00666923246284,18.571427000097174,2219.893981000496,24215.675951903806
1790695073,10,,Aggregated,9.300000,0.000000,43,53,69,99,260,410,640,870,1600,2200,2200,4999,38,43,102.91810674934769,18.571427000097174,2219.893981000496,24244.035407081417
1790695074,10,,Aggregated,9.100000,0.000000,43,53,69,99,260,410,640,840,1600,2200,2200,5007,38,43,102.87321563990209,18.571427000097174,2219.893981000496,24273.588176552825
1790695075,10,,Aggregated,8.800000,0.000000,43,53,69,99,260,410,640,840,1600,2200,2200,5012,38,43,102.83855999062042,18.571427000097174,2219.893981000496,24285.706703910615
1790695076,10,,Aggregated,8.700000,0.000000,43,53,69,99,260,410,640,840,1600,2200,2200,5021,38,43,102.77946769368428,18.571427000097174,2219.893981000496,24308.21728739295
1790695077,10,,Aggregated,8.700000,0.000000,43,53,69,98,260,410,640,840,1600,2200,2200,5028,39,43,102.6823477295126,18.571427000097174,2219.893981000496,24276.943317422436
1790695078,10,,Aggregated,8.200000,0.000000,43,53,69,98,260,410,640,840,1600,2200,2200,5036,39,43,102.59566180579606,18.571427000097174,2219.893981000496,24272.32208101668
1790695079,10,,Aggregated,7.900000,0.100000,43,53,69,98,260,410,640,840,1600,2200,2200,5045,39,43,102.50149257561728,18.571427000097174,2219.893981000496,24265.23349851338
1790695080,10,,Aggregated,7.700000,0.100000,43,53,69,98,260,410,630,840,1600,2200,2200,5054,39,43,102.48001605718025,18.571427000097174,2219.893981000496,24287.416897506926
1790695081,10,,Aggregated,7.700000,0.100000,43,53,69,98,260,410,630,840,1600,2200,2200,5064,39,43,102.37895257404982,18.571427000097174,2219.893981000496,24278.928909952607
1790695082,10,,Aggregated,7.700000,0.100000,43,53,69,98,260,410,630,840,1600,2200,2200,5069,39,43,102.39370813651347,18.571427000097174,2219.893981000496,24321.54073781811
1790695083,10,,Aggregated,8.100000,0.100000,43,53,69,99,260,410,630,840,1600,2200,2200,5080,40,43,102.5461991314936,18.571427000097174,2219.893981000496,24308.90649606299
1790695084,10,,Aggregated,8.000000,0.100000,43,53,69,99,260,410,640,870,1600,2200,2200,5086,40,43,102.78748998544769,18.571427000097174,2219.893981000496,24318.00648839953
1790695085,10,,Aggregated,7.800000,0.200000,43,53,69,100,260,410,640,870,1600,2200,2200,5094,40,43,103.03622894090859,18.571427000097174,2219.893981000496,24383.858657243818
1790695086,10,,Aggregated,7.700000,0.200000,43,53,69,99,260,410,630,840,1600,2200,2200,5101,40,43,102.98063031130934,18.571427000097174,2219.893981000496,24384.449715742012
1790695087,10,,Aggregated,8.000000,0.200000,43,53,69,100,260,410,630,840,1600,2200,2200,5112,40,43,102.99052078951243,18.571427000097174,2219.893981000496,24399.003716744915
1790695088,10,,Aggregated,8.000000,0.200000,43,53,69,100,260,410,630,840,1600,2200,2200,5119,40,43,103.0129685170905,18.571427000097174,2219.893981000496,24431.08419613206
1790695089,10,,Aggregated,7.900000,0.200000,43,53,69,100,260,410,630,840,1600,2200,2200,5124,40,43,103.01445442778815,18.571427000097174,2219.893981000496,24441.730288836847
1790695090,10,,Aggregated,8.300000,0.100000,43,53,69,100,260,410,640,860,1600,2200,2200,5133,40,43,103.2174018542736,18.571427000097174,2219.893981000496,24466.62419637639
1790695091,10,,Aggregated,8.000000,0.100000,43,53,69,100,260,410,640,860,1600,2200,2200,5143,40,43,103.19025472447723,18.571427000097174,2219.893981000496,24454.173439626677
1790695092,10,,Aggregated,7.900000,0.100000,43,53,70,100,260,410,640,860,1600,2200,2200,5152,40,43,103.15210217410453,18.571427000097174,2219.893981000496,24431.013004658384
1790695093,10,,Aggregated,7.900000,0.100000,43,53,70,100,260,410,640,860,1600,2200,2200,5157,40,43,103.26577140488385,18.571427000097174,2219.893981000496,24473.151444638355
1790695094,10,,Aggregated,7.900000,0.100000,43,53,70,100,260,410,640,860,1600,2200,2200,5167,40,43,103.2131131478588,18.571427000097174,2219.893981000496,24459.929165860267
1790695095,10,,Aggregated,8.000000,0.000000,43,53,69,100,260,410,640,860,1600,2200,2200,5178,41,43,103.10885247778793,18.571427000097174,2219.893981000496,24443.83777520278
1790695096,10,,Aggregated,7.900000,0.000000,43,53,69,99,260,410,640,860,1600,2200,2200,5187,41,43,103.00643760921295,18.571427000097174,2219.893981000496,24411.295353769037
1790695097,10,,Aggregated,8.200000,0.000000,43,53,69,99,260,410,640,860,1600,2200,2200,5197,41,43,102.99267483163126,18.571427000097174,2219.893981000496,24434.744275543584
1790695098,10,,Aggregated,8.500000,0.100000,43,53,69,99,260,410,640,840,1600,2200,2200,5202,41,43,103.00472306689468,18.571427000097174,2219.893981000496,24474.73317954633
1790695099,10,,Aggregated,8.200000,0.100000,43,53,69,99,260,410,640,840,1600,2200,2200,5211,41,43,102.95741739090104,18.571427000097174,2219.893981000496,24448.131836499713
1790695100,10,,Aggregated,8.200000,0.100000,43,53,70,100,260,410,640,860,1600,2200,2200,5217,41,43,103.17593222982265,18.571427000097174,2219.893981000496,24452.367260877898
1790695101,10,,Aggregated,8.300000,0.100000,43,53,70,100,260,410,640,860,1600,2200,2200,5225,41,43,103.42091120841775,18.571427000097174,2219.893981000496,24482.87004784689
1790695102,10,,Aggregated,8.200000,0.100000,43,53,70,100,260,410,640,860,1600,2200,2200,5237,41,43,103.42844621328653,18.571427000097174,2219.893981000496,24462.519954172236
1790695103,10,,Aggregated,8.200000,0.100000,43,53,70,100,260,410,640,860,1600,2200,2200,5246,41,43,103.33247101715247,18.571427000097174,2219.893981000496,24427.94681662219
1790695104,10,,Aggregated,8.600000,0.100000,43,53,70,100,260,410,640,860,1600,2200,2200,5254,41,43,103.37401359478146,18.571427000097174,2219.893981000496,24426.059573658164
1790695105,10,,Aggregated,8.500000,0.100000,43,53,70,100,260,420,640,860,1600,2200,2200,5265,41,43,103.5081344184203,18.571427000097174,2219.893981000496,24469.32953466287
1790695106,10,,Aggregated,8.900000,0.100000,43,53,70,100,260,420,640,860,1600,2200,2200,5272,41,43,103.47763799051283,18.571427000097174,2219.893981000496,24471.29248861912
1790695107,10,,Aggregated,8.200000,0.100000,43,53,70,100,260,420,640,860,1600,2200,2200,5280,41,43,103.3830778435576,18.571427000097174,2219.893981000496,24439.669507575756
1790695108,10,,Aggregated,8.100000,0.000000,43,53,70,100,260,420,640,860,1600,2200,2200,5289,41,43,103.3697159795776,18.571427000097174,2219.893981000496,24430.204575534128
1790695109,10,,Aggregated,8.200000,0.000000,43,53,70,100,260,420,640,860,1600,2200,2200,5299,41,43,103.33539779845006,18.571427000097174,2219.893981000496,24449.634459331948
1790695110,10,,Aggregated,8.500000,0.000000,43,53,70,100,260,410,640,850,1600,2200,2200,5306,41,43,103.29457909479603,18.571427000097174,2219.893981000496,24417.746136449303
1790695111,10,,Aggregated,8.900000,0.000000,43,53,70,100,260,420,640,850,1600,2200,2200,5313,41,43,103.32620951477297,18.571427000097174,2219.893981000496,24449.396950875212
1790695112,10,,Aggregated,8.800000,0.000000,43,53,70,100,260,410,640,850,1600,2200,2200,5323,41,43,103.2389914155527,18.571427000097174,2219.893981000496,24405.96862671426
1790695113,10,,Aggregated,8.600000,0.000000,43,53,70,100,260,420,640,850,1600,2200,2200,5330,41,43,103.24655020693922,18.571427000097174,2219.893981000496,24406.298874296433
1790695114,10,,Aggregated,8.400000,0.000000,43,53,70,100,260,420,640,850,1600,2200,2200,5338,41,43,103.14596676320441,18.571427000097174,2219.893981000496,24369.93949044586
1790695115,10,,Aggregated,8.400000,0.000000,43,53,69,99,260,410,640,850,1600,2200,2200,5346,41,43,103.08866323082412,18.571427000097174,2219.893981000496,24335.270482603817
1790695116,10,,Aggregated,8.100000,0.000000,43,53,70,100,260,420,640,860,1600,2200,2200,5352,41,43,103.41742984024405,18.571427000097174,2219.893981000496,24340.911621823616
1790695117,10,,Aggregated,8.600000,0.000000,43,53,70,100,260,410,640,860,1600,2200,2200,5363,41,43,103.39127934551288,18.571427000097174,2219.893981000496,24356.546895394367
1790695118,10,,Aggregated,8.200000,0.000000,43,53,70,100,260,410,640,860,1600,2200,2200,5366,41,43,103.39644486432834,18.571427000097174,2219.893981000496,24373.71934401789
1790695119,10,,Aggregated,8.100000,0.000000,43,53,70,100,260,420,640,860,1600,2200,2200,5373,41,43,103.42326992499275,18.571427000097174,2219.893981000496,24378.703331472174
1790695120,10,,Aggregated,7.800000,0.000000,43,53,70,100,260,420,640,870,1600,2200,2200,5380,41,43,103.66880188568499,18.571427000097174,2219.893981000496,24379.497026022305
1790695121,10,,Aggregated,7.200000,0.000000,43,53,70,100,260,420,640,870,1600,2200,2200,5385,41,43,103.6900487333305,18.571427000097174,2219.893981000496,24392.992386258124
1790695122,10,,Aggregated,7.400000,0.000000,43,53,70,100,260,420,640,870,1600,2200,2200,5394,41,43,103.69094247200279,18.571427000097174,2219.893981000496,24416.945494994437
1790695123,10,,Aggregated,7.200000,0.000000,43,53,70,100,260,420,640,870,1600,2200,2200,5400,41,43,103.61832215277467,18.571427000097174,2219.893981000496,24392.781296296296
1790695124,10,,Aggregated,7.200000,0.000000,43,53,69,100,260,410,640,860,1600,2200,2200,5409,41,43,103.56502560251157,18.571427000097174,2219.893981000496,24356.94694028471
1790695125,10,,Aggregated,7.100000,0.000000,43,53,70,100,260,410,640,860,1600,2200,2200,5419,41,43,103.55989040763728,18.571427000097174,2219.893981000496,24384.38734083779
1790695126,10,,Aggregated,7.000000,0.000000,43,53,70,100,260,410,640,860,1600,2200,2200,5426,41,43,103.5261167740483,18.571427000097174,2219.893981000496,24360.10597124954
1790695127,10,,Aggregated,7.000000,0.000000,43,53,70,100,260,410,640,860,1600,2200,2200,5432,41,43,103.44885824429032,18.571427000097174,2219.893981000496,24335.293262150222
1790695128,10,,Aggregated,7.300000,0.000000,43,53,70,100,260,410,640,860,1600,2200,2200,5441,41,43,103.522994140229,18.571427000097174,2219.893981000496,24392.707039147215
1790695129,10,,Aggregated,7.100000,0.000000,43,53,70,100,270,410,640,860,1600,2200,2200,5452,41,43,103.57658422395264,18.571427000097174,2219.893981000496,24437.779713866472
1790695130,10,,Aggregated,7.400000,0.000000,43,53,70,100,270,410,640,860,1600,2200,2200,5460,41,43,103.49650570347795,18.571427000097174,2219.893981000496,24410.47435897436
1790695131,10,,Aggregated,7.900000,0.000000,43,53,70,100,260,410,640,860,1600,2200,2200,5470,41,43,103.38187702870027,18.571427000097174,2219.893981000496,24369.993601462524
1790695132,10,,Aggregated,7.800000,0.000000,43,53,70,100,260,410,640,860,1600,2200,2200,5478,42,43,103.3387712845909,18.571427000097174,2219.893981000496,24400.636363636364
1790695133,10,,Aggregated,8.200000,0.000000,43,53,70,100,260,410,640,860,1600,2200,2200,5487,42,43,103.24934796919798,18.571427000097174,2219.893981000496,24395.948423546564
1790695134,10,,Aggregated,8.300000,0.100000,43,53,69,100,260,410,640,860,1600,2200,2200,5495,42,43,103.19577865896042,18.571427000097174,2219.893981000496,24391.416560509555
1790695135,10,,Aggregated,8.300000,0.100000,43,53,69,99,260,410,640,850,1600,2200,2200,5503,42,43,103.11172584771737,18.571427000097174,2219.893981000496,24361.278211884426
1790695136,10,,Aggregated,8.700000,0.100000,43,53,69,100,260,410,640,850,1600,2200,2200,5513,42,43,103.20074624233382,18.571427000097174,2219.893981000496,24379.448213313986
1790695137,10,,Aggregated,8.500000,0.100000,43,53,69,100,260,410,640,850,1600,2200,2200,5522,42,43,103.17927834787857,18.571427000097174,2219.893981000496,24376.24755523361
1790695138,10,,Aggregated,8.400000,0.100000,43,53,69,100,260,410,640,850,1600,2200,2200,5527,42,43,103.16493673638224,18.571427000097174,2219.893981000496,24356.284421928714
1790695139,10,,Aggregated,8.900000,0.100000,43,53,69,100,260,410,640,860,1600,2200,2200,5534,42,43,103.33691094669061,18.571427000097174,2219.893981000496,24393.133357426817
1790695140,10,,Aggregated,8.500000,0.100000,43,53,69,100,270,410,640,870,1700,2200,2200,5538,42,43,103.61328355994702,18.571427000097174,2219.893981000496,24405.332972192125
1790695141,10,,Aggregated,8.200000,0.100000,43,53,69,100,270,410,640,870,1700,2200,2200,5550,43,43,103.68835634738514,18.571427000097174,2219.893981000496,24417.372792792794
1790695142,10,,Aggregated,8.100000,0.100000,43,53,70,100,260,410,640,870,1700,2200,2200,5559,43,43,103.60110295808359,18.571427000097174,2219.893981000496,24379.65965101637
1790695143,10,,Aggregated,7.800000,0.100000,43,53,70,100,260,410,640,870,1700,2200,2200,5566,43,43,103.58821149299115,18.571427000097174,2219.893981000496,24378.923284225657
1790695144,10,,Aggregated,7.800000,0.100000,43,53,70,100,260,410,640,870,1700,2200,2200,5575,43,43,103.62409014277824,18.571427000097174,2219.893981000496,24379.3133632287
1790695145,10,,Aggregated,8.000000,0.100000,43,53,70,100,260,410,640,870,1700,2200,2200,5587,43,43,103.65941535457138,18.571427000097174,2219.893981000496,24388.45498478611
1790695146,10,,Aggregated,7.700000,0.100000,43,53,70,100,270,410,640,870,1700,2200,2200,5594,43,43,103.76301661083113,18.571427000097174,2219.893981000496,24418.418841616018
1790695147,10,,Aggregated,8.100000,0.100000,43,53,70,100,270,410,640,860,1700,2200,2200,5604,43,43,103.71211426159712,18.571427000097174,2219.893981000496,24380.600463954317
1790695148,10,,Aggregated,8.300000,0.100000,43,53,70,100,270,410,640,860,1700,2200,2200,5615,43,43,103.82288774585777,18.571427000097174,2219.893981000496,24423.591451469278
1790695149,10,,Aggregated,7.800000,0.100000,43,53,70,100,270,410,640,860,1700,2200,2200,5623,43,43,103.80452599306264,18.571427000097174,2219.893981000496,24449.099413124666
1790695150,10,,Aggregated,8.100000,0.100000,43,53,70,100,270,410,640,860,1700,2200,2200,5630,43,43,103.72023058614417,18.571427000097174,2219.893981000496,24421.063587921846
1790695151,10,,Aggregated,8.600000,0.100000,43,53,69,100,270,410,640,860,1700,2200,2200,5638,44,43,103.64037256048107,18.571427000097174,2219.893981000496,24389.245831855267
1790695152,10,,Aggregated,8.800000,0.100000,43,53,70,100,260,410,640,860,1700,2200,2200,5643,44,43,103.62598286744532,18.571427000097174,2219.893981000496,24427.763423710792
1790695153,10,,Aggregated,8.900000,0.100000,43,53,70,100,270,410,640,860,1700,2200,2200,5649,44,43,103.66999135669955,18.571427000097174,2219.893981000496,24464.36059479554
1790695155,10,,Aggregated,8.700000,0.100000,43,53,70,100,270,410,640,860,1700,2200,2200,5655,44,43,103.64747305570216,18.571427000097174,2219.893981000496,24468.979664014147
1790695156,10,,Aggregated,8.300000,0.100000,43,53,70,100,270,410,640,860,1700,2200,2200,5662,44,43,103.66272944365873,18.571427000097174,2219.893981000496,24530.99116919816
1790695157,10,,Aggregated,8.200000,0.100000,43,53,70,100,270,410,640,860,1700,2200,2200,5669,44,43,103.62186809119706,18.571427000097174,2219.893981000496,24510.118010231083
1790695158,10,,Aggregated,7.700000,0.100000,43,53,70,100,260,410,640,860,1700,2200,2200,5676,44,43,103.53932635570743,18.571427000097174,2219.893981000496,24481.00687103594
1790695159,10,,Aggregated,7.500000,0.100000,43,53,70,100,260,410,640,860,1700,2200,2200,5688,44,43,103.4583736559414,18.571427000097174,2219.893981000496,24434.475562587904
1790695160,10,,Aggregated,7.500000,0.100000,43,53,70,100,260,410,640,860,1700,2200,2200,5696,44,43,103.42720885287834,18.571427000097174,2219.893981000496,24402.655021067414
1790695161,10,,Aggregated,7.200000,0.100000,43,53,69,100,260,410,640,850,1700,2200,2200,5704,44,43,103.37699976542677,18.571427000097174,2219.893981000496,24399.28366058906
1790695162,10,,Aggregated,7.300000,0.100000,43,53,70,100,260,410,640,850,1700,2200,2200,5714,44,43,103.42108788571826,18.571427000097174,2219.893981000496,24479.34791739587
1790695163,10,,Aggregated,7.400000,0.100000,43,53,69,100,260,410,640,850,1700,2200,2200,5719,44,43,103.36690173526733,18.571427000097174,2219.893981000496,24460.606924287462
1790695164,10,,Aggregated,7.500000,0.000000,43,53,69,100,260,410,640,850,1700,2200,2200,5727,44,43,103.34188609236817,18.571427000097174,2219.893981000496,24456.940806705083
1790695165,10,,Aggregated,7.500000,0.000000,43,53,70,100,260,410,640,850,1700,2200,2200,5737,44,43,103.32620436098902,18.571427000097174,2219.893981000496,24449.903433850446
1790695166,10,,Aggregated,7.700000,0.000000,43,53,69,100,260,410,640,850,1700,2200,2200,5749,44,43,103.28794290728717,18.571427000097174,2219.893981000496,24463.076187162984
1790695167,10,,Aggregated,7.700000,0.000000,43,53,70,100,260,410,640,850,1700,2200,2200,5758,44,43,103.30170392931466,18.571427000097174,2219.893981000496,24484.865404654392
1790695168,10,,Aggregated,8.000000,0.000000,43,53,69,100,260,410,640,850,1700,2200,2200,5767,44,43,103.22789783856281,18.571427000097174,2219.893981000496,24475.995664990463
1790695169,10,,Aggregated,8.600000,0.000000,43,53,70,100,260,410,640,850,1700,2200,2200,5773,44,43,103.2635975165411,18.571427000097174,2219.893981000496,24537.91061839598
1790695170,10,,Aggregated,9.100000,0.000000,43,53,70,100,260,410,640,850,1700,2200,2200,5779,45,43,103.22945686675727,18.571427000097174,2219.893981000496,24512.618273057622
1790695171,10,,Aggregated,8.600000,0.000000,43,53,70,100,260,410,640,850,1700,2200,2200,5792,45,43,103.16735130714642,18.571427000097174,2219.893981000496,24499.729281767955
1790695172,10,,Aggregated,8.200000,0.100000,43,53,70,100,260,410,640,850,1700,2200,2200,5800,45,43,103.19961392844682,18.571427000097174,2219.893981000496,24556.173793103448
1790695173,10,,Aggregated,8.500000,0.100000,43,53,70,100,260,410,640,840,1700,2200,2200,5807,45,43,103.19375127811122,18.571427000097174,2219.893981000496,24556.815223006717
1790695174,10,,Aggregated,8.300000,0.100000,43,53,70,100,260,410,640,840,1700,2200,2200,5817,46,43,103.12255140828445,18.571427000097174,2219.893981000496,24547.158157125665
1790695175,10,,Aggregated,8.300000,0.100000,43,53,70,100,260,400,640,840,1700,2200,2200,5823,46,43,103.09828659659786,18.571427000097174,2219.893981000496,24550.36664949339
1790695176,10,,Aggregated,9.000000,0.200000,43,53,70,100,260,400,640,840,1700,2200,2200,5837,46,43,102.99022931300159,18.571427000097174,2219.893981000496,24530.993489806406
1790695177,10,,Aggregated,8.800000,0.200000,43,53,70,100,260,400,640,840,1700,2200,2200,5846,46,43,102.93570972853065,18.571427000097174,2219.893981000496,24551.567054396168
1790695178,10,,Aggregated,8.800000,0.200000,43,53,70,100,260,400,640,840,1700,2200,2200,5853,46,43,102.92591073739773,18.571427000097174,2219.893981000496,24554.589270459594
1790695179,10,,Aggregated,8.500000,0.200000,43,53,70,100,260,400,640,840,1700,2200,2200,5861,46,43,102.84802128783268,18.571427000097174,2219.893981000496,24523.338679406246
1790695180,10,,Aggregated,8.300000,0.200000,43,53,70,100,260,400,640,840,1700,2200,2200,5868,47,43,102.84849218967047,18.571427000097174,2219.893981000496,24522.579584185412
1790695181,10,,Aggregated,8.300000,0.200000,43,53,69,100,260,400,640,840,1700,2200,2200,5877,47,43,102.84330315415784,18.571427000097174,2219.893981000496,24516.718563893144
1790695182,10,,Aggregated,8.500000,0.200000,43,53,69,100,260,400,640,840,1700,2200,2200,5883,47,43,102.8883968177776,18.571427000097174,2219.893981000496,24522.103688594256
1790695183,10,,Aggregated,8.800000,0.200000,43,53,69,100,260,400,640,840,1700,2200,2200,5893,47,43,102.89578590598767,18.571427000097174,2219.893981000496,24539.41693534702
1790695184,10,,Aggregated,8.700000,0.200000,43,53,70,100,260,400,640,840,1700,2200,2200,5900,47,43,102.8390088618619,18.571427000097174,2219.893981000496,24516.65406779661
1790695185,10,,Aggregated,8.700000,0.200000,43,53,69,100,260,400,640,830,1700,2200,2200,5903,47,43,102.80392350126809,18.571427000097174,2219.893981000496,24504.27968829409
1790695186,10,,Aggregated,8.200000,0.100000,43,53,70,100,260,400,640,830,1700,2200,2200,5913,47,43,102.89546546389063,18.571427000097174,2219.893981000496,24547.992051412144
1790695187,10,,Aggregated,8.000000,0.100000,43,53,70,100,260,400,640,830,1700,2200,2200,5923,47,43,102.86306600371202,18.571427000097174,2219.893981000496,24539.169002194834
1790695188,10,,Aggregated,7.200000,0.100000,43,53,70,100,260,400,640,830,1700,2200,2200,5931,48,43,102.91739351390751,18.571427000097174,2219.893981000496,24565.271117855336
1790695189,10,,Aggregated,7.600000,0.100000,43,53,70,100,260,400,640,830,1700,2200,2200,5942,48,43,102.96599344025338,18.571427000097174,2219.893981000496,24584.653147088524
1790695190,10,,Aggregated,8.000000,0.200000,43,53,70,100,260,400,630,830,1700,2200,2200,5953,48,43,102.9114870490487,18.571427000097174,2219.893981000496,24569.399462455905
1790695191,10,,Aggregated,8.200000,0.200000,43,53,70,100,260,400,630,830,1700,2200,2200,5960,48,43,102.83788296140742,18.571427000097174,2219.893981000496,24545.867281879193
1790695192,10,,Aggregated,8.200000,0.100000,43,53,70,100,260,400,630,830,1700,2200,2200,5967,50,43,102.88711198960745,18.571427000097174,2219.893981000496,24544.83241159712
1790695193,10,,Aggregated,8.200000,0.100000,43,53,70,100,260,400,630,830,1700,2200,2200,5971,50,43,102.90383300535707,18.571427000097174,2219.893981000496,24558.111874057948
1790695194,10,,Aggregated,8.000000,0.200000,43,53,70,100,260,400,630,830,1700,2200,2200,5982,51,43,102.86924697024172,18.571427000097174,2219.893981000496,24542.740387830156
1790695195,10,,Aggregated,8.100000,0.300000,43,53,70,100,260,400,630,830,1700,2200,2200,5992,51,43,102.80788386114573,18.571427000097174,2219.893981000496,24535.95277036048
1790695196,10,,Aggregated,8.000000,0.400000,43,53,70,100,260,400,630,810,1600,2200,2200,6003,51,43,102.76034821605604,18.571427000097174,2219.893981000496,24553.2063968016
1790695197,10,,Aggregated,8.600000,0.400000,43,53,70,100,260,400,630,810,1600,2200,2200,6010,51,43,102.69646475074622,18.571427000097174,2219.893981000496,24526.589850249584
1790695198,10,,Aggregated,8.700000,0.400000,43,53,70,100,260,400,630,810,1600,2200,2200,6021,51,43,102.694224784917,18.571427000097174,2219.893981000496,24540.773957814316
1790695199,10,,Aggregated,8.700000,0.400000,43,53,70,100,260,400,630,810,1600,2200,2200,6028,51,43,102.73592971648719,18.571427000097174,2219.893981000496,24570.63470471135
1790695200,10,,Aggregated,8.600000,0.300000,43,53,70,100,260,400,630,810,1600,2200,2200,6034,51,43,102.6826042941639,18.571427000097174,2219.893981000496,24548.56645674511
1790695201,10,,Aggregated,8.500000,0.300000,43,53,70,100,260,400,630,810,1600,2200,2200,6046,52,43,102.65025318656683,18.571427000097174,2219.893981000496,24529.701620906384
1790695202,10,,Aggregated,8.200000,0.300000,43,53,70,100,260,400,630,810,1600,2200,2200,6055,52,43,102.75022432171444,18.571427000097174,2219.893981000496,24576.25862923204
1790695203,10,,Aggregated,8.500000,0.400000,43,53,70,100,260,400,630,810,1600,2200,2200,6064,52,43,102.8193021893108,18.571427000097174,2219.893981000496,24569.7691292876
1790695204,10,,Aggregated,8.600000,0.300000,43,53,70,100,260,400,630,810,1600,2200,2200,6070,52,43,102.78412495683376,18.571427000097174,2219.893981000496,24572.934596375617
1790695205,10,,Aggregated,8.600000,0.200000,43,53,70,100,260,400,630,810,1600,2200,2200,6080,52,43,102.73975937565493,18.571427000097174,2219.893981000496,24567.608881578948
1790695206,10,,Aggregated,8.800000,0.100000,43,53,70,100,260,400,630,810,1600,2200,2200,6084,52,43,102.73976256245578,18.571427000097174,2219.893981000496,24580.798980933596
1790695207,10,,Aggregated,8.600000,0.100000,43,53,70,100,260,400,630,810,1600,2200,2200,6095,52,43,102.77795631353248,18.571427000097174,2219.893981000496,24592.735520918784
1790695208,10,,Aggregated,8.600000,0.100000,43,53,70,100,260,400,630,810,1600,2200,2200,6099,52,43,102.8192634695818,18.571427000097174,2219.893981000496,24579.325135268078
1790695209,10,,Aggregated,8.400000,0.100000,43,53,70,100,260,400,630,810,1600,2200,2200,6110,52,43,102.8812217420588,18.571427000097174,2219.893981000496,24594.25024549918
1790695210,10,,Aggregated,8.100000,0.100000,43,53,70,100,260,400,630,810,1600,2200,2200,6116,52,43,102.89693827844684,18.571427000097174,2219.893981000496,24627.242642249836
1790695211,10,,Aggregated,7.800000,0.100000,43,53,70,100,260,400,630,810,1600,2200,2200,6126,52,43,102.91671501044424,18.571427000097174,2219.893981000496,24643.38834476004
1790695212,10,,Aggregated,7.900000,0.100000,43,53,70,100,260,400,630,810,1600,2200,2200,6134,52,43,102.842110353926,18.571427000097174,2219.893981000496,24616.241604173458
1790695213,10,,Aggregated,7.900000,0.000000,43,53,70,100,260,400,630,810,1600,2200,2200,6143,52,43,102.90598684600042,18.571427000097174,2219.893981000496,24692.524662217158
1790695214,10,,Aggregated,8.000000,0.000000,43,53,70,100,260,400,630,810,1600,2200,2200,6150,52,43,102.92719920259832,18.571427000097174,2219.893981000496,24719.051382113823
1790695215,10,,Aggregated,8.100000,0.000000,43,53,70,100,270,400,630,810,1600,2200,2200,6159,52,43,102.9460294013606,18.571427000097174,2219.893981000496,24739.446825783405
