Method,Name,Error,Occurrences
GET,/api/pdf-parser/jobs/pdf-parse-d9be2a85-fa5a-47dd-a07e-77609d6e8b60/result,HTTPError('404 Client Error: Not Found for url: /api/pdf-parser/jobs/pdf-parse-d9be2a85-fa5a-47dd-a07e-77609d6e8b60/result'),3
GET,/api/pdf-parser/jobs/pdf-parse-b5087e02-d01e-457f-8251-a9d159cb266a/result,HTTPError('404 Client Error: Not Found for url: /api/pdf-parser/jobs/pdf-parse-b5087e02-d01e-457f-8251-a9d159cb266a/result'),2
GET,/api/pdf-parser/jobs/pdf-parse-93e60de8-357b-4468-93d8-89f1137ed60f/result,HTTPError('404 Client Error: Not Found for url: /api/pdf-parser/jobs/pdf-parse-93e60de8-357b-4468-93d8-89f1137ed60f/result'),1
GET,/api/pdf-parser/jobs/pdf-parse-8e4c0a2e-9228-4e39-af59-0e0404b444ce/result,HTTPError('404 Client Error: Not Found for url: /api/pdf-parser/jobs/pdf-parse-8e4c0a2e-9228-4e39-af59-0e0404b444ce/result'),1
GET,/api/pdf-parser/jobs/pdf-parse-d1941d24-f95f-44dc-a541-035677be895e/result,HTTPError('404 Client Error: Not Found for url: /api/pdf-parser/jobs/pdf-parse-d1941d24-f95f-44dc-a541-035677be895e/result'),2
GET,/api/pdf-parser/jobs/pdf-parse-a5a05533-5f94-4854-bf29-6485d4f720a7/result,HTTPError('404 Client Error: Not Found for url: /api/pdf-parser/jobs/pdf-parse-a5a05533-5f94-4854-bf29-6485d4f720a7/result'),3
GET,/api/pdf-parser/jobs/pdf-parse-a28358ff-8654-4f7f-b279-ff7c3e805ca3/result,HTTPError('404 Client Error: Not Found for url: /api/pdf-parser/jobs/pdf-parse-a28358ff-8654-4f7f-b279-ff7c3e805ca3/result'),1
GET,/api/pdf-parser/jobs/pdf-parse-5758f3c8-a3cd-4de2-9bc7-2cc038e7dc40/result,HTTPError('404 Client Error: Not Found for url: /api/pdf-parser/jobs/pdf-parse-5758f3c8-a3cd-4de2-9bc7-2cc038e7dc40/result'),2
GET,/api/pdf-parser/jobs/pdf-parse-8cad9942-048b-4b6f-942d-d8d0dc911d1b/result,HTTPError('404 Client Error: Not Found for url: /api/pdf-parser/jobs/pdf-parse-8cad9942-048b-4b6f-942d-d8d0dc911d1b/result'),1
GET,/api/pdf-parser/jobs/pdf-parse-755960e5-2827-406c-bc02-7cb4e9dc1f6e/result,HTTPError('404 Client Error: Not Found for url: /api/pdf-parser/jobs/pdf-parse-755960e5-2827-406c-bc02-7cb4e9dc1f6e/result'),1
GET,/api/pdf-parser/jobs/pdf-parse-32eac505-da73-467e-b2b5-2473b01314cc/result,HTTPError('404 Client Error: Not Found for url: /api/pdf-parser/jobs/pdf-parse-32eac505-da73-467e-b2b5-2473b01314cc/result'),1
GET,/api/pdf-parser/jobs/pdf-parse-b13a5a62-f9d1-4265-886e-b13760d157f6/result,HTTPError('404 Client Error: Not Found for url: /api/pdf-parser/jobs/pdf-parse-b13a5a62-f9d1-4265-886e-b13760d157f6/result'),4
GET,/api/pdf-parser/jobs/pdf-parse-456eac8e-5873-4c3a-8a20-abdc9e715752/result,HTTPError('404 Client Error: Not Found for url: /api/pdf-parser/jobs/pdf-parse-456eac8e-5873-4c3a-8a20-abdc9e715752/result'),1
GET,/api/pdf-parser/jobs/pdf-parse-a8e81553-831f-4c9d-a504-bd41fd14ba6c/result,HTTPError('404 Client Error: Not Found for url: /api/pdf-parser/jobs/pdf-parse-a8e81553-831f-4c9d-a504-bd41fd14ba6c/result'),1
GET,/api/pdf-parser/jobs/pdf-parse-a1026860-1b03-4f49-85ca-0bd82add98db/result,HTTPError('404 Client Error: Not Found for url: /api/pdf-parser/jobs/pdf-parse-a1026860-1b03-4f49-85ca-0bd82add98db/result'),3
GET,/api/pdf-parser/jobs/pdf-parse-e443cab1-77e3-4607-ab63-e308338f03b9/result,HTTPError('404 Client Error: Not Found for url: /api/pdf-parser/jobs/pdf-parse-e443cab1-77e3-4607-ab63-e308338f03b9/result'),2
GET,/api/pdf-parser/jobs/pdf-parse-81e0c301-07dd-4fdf-ac99-742207ba1b88/result,HTTPError('404 Client Error: Not Found for url: /api/pdf-parser/jobs/pdf-parse-81e0c301-07dd-4fdf-ac99-742207ba1b88/result'),1
GET,/api/pdf-parser/jobs/pdf-parse-89a9f038-1111-4a96-8b8a-2090960b7fb0/result,HTTPError('404 Client Error: Not Found for url: /api/pdf-parser/jobs/pdf-parse-89a9f038-1111-4a96-8b8a-2090960b7fb0/result'),1
GET,/api/pdf-parser/jobs/pdf-parse-a1644720-4ad3-4462-92eb-c0dcf2c42ab1/result,HTTPError('404 Client Error: Not Found for url: /api/pdf-parser/jobs/pdf-parse-a1644720-4ad3-4462-92eb-c0dcf2c42ab1/result'),3
GET,/api/pdf-parser/jobs/pdf-parse-bdada64e-ae7c-41cc-8ef0-f1e7ca5727dc/result,HTTPError('404 Client Error: Not Found for url: /api/pdf-parser/jobs/pdf-parse-bdada64e-ae7c-41cc-8ef0-f1e7ca5727dc/result'),1
GET,/api/pdf-parser/jobs/pdf-parse-38757b8b-88b7-4076-bba2-d8d757602efa/result,HTTPError('404 Client Error: Not Found for url: /api/pdf-parser/jobs/pdf-parse-38757b8b-88b7-4076-bba2-d8d757602efa/result'),1
GET,/api/pdf-parser/jobs/pdf-parse-a7382f5a-9a75-42b6-9ed6-006218c2c6dd/result,HTTPError('404 Client Error: Not Found for url: /api/pdf-parser/jobs/pdf-parse-a7382f5a-9a75-42b6-9ed6-006218c2c6dd/result'),1
GET,/api/pdf-parser/jobs/pdf-parse-d061c0d9-017f-404e-83ff-3008ddcbb3dc/result,HTTPError('404 Client Error: Not Found for url: /api/pdf-parser/jobs/pdf-parse-d061c0d9-017f-404e-83ff-3008ddcbb3dc/result'),2
GET,/api/pdf-parser/jobs/pdf-parse-86fd9cff-eaf9-4988-83df-3bbdff968f1f/result,HTTPError('404 Client Error: Not Found for url: /api/pdf-parser/jobs/pdf-parse-86fd9cff-eaf9-4988-83df-3bbdff968f1f/result'),1
GET,/api/pdf-parser/jobs/pdf-parse-0c3f5ed8-0fe5-4fae-a5e4-b04e1fda1d48/result,HTTPError('404 Client Error: Not Found for url: /api/pdf-parser/jobs/pdf-parse-0c3f5ed8-0fe5-4fae-a5e4-b04e1fda1d48/result'),2
GET,/api/pdf-parser/jobs/pdf-parse-c3b320e9-5cbc-4f86-a6d6-49ae32b60665/result,HTTPError('404 Client Error: Not Found for url: /api/pdf-parser/jobs/pdf-parse-c3b320e9-5cbc-4f86-a6d6-49ae32b60665/result'),2
GET,/api/pdf-parser/jobs/pdf-parse-57ec2c2f-8be1-41cf-b697-84fe27a5a9ef/result,HTTPError('404 Client Error: Not Found for url: /api/pdf-parser/jobs/pdf-parse-57ec2c2f-8be1-41cf-b697-84fe27a5a9ef/result'),1
GET,/api/pdf-parser/jobs/pdf-parse-6c2f82e6-e1ca-487c-872b-04abde704ebf/result,HTTPError('404 Client Error: Not Found for url: /api/pdf-parser/jobs/pdf-parse-6c2f82e6-e1ca-487c-872b-04abde704ebf/result'),1
GET,/api/pdf-parser/jobs/pdf-parse-c4856009-4b6d-4b24-8342-be6f85f42566/result,HTTPError('404 Client Error: Not Found for url: /api/pdf-parser/jobs/pdf-parse-c4856009-4b6d-4b24-8342-be6f85f42566/result'),2
GET,/api/pdf-parser/jobs/pdf-parse-87c00f44-8627-4df1-a528-9d701bca10fe/result,HTTPError('404 Client Error: Not Found for url: /api/pdf-parser/jobs/pdf-parse-87c00f44-8627-4df1-a528-9d701bca10fe/result'),4
GET,/api/pdf-parser/jobs/pdf-parse-dc27efbf-7f7d-4683-983a-cfbe7ca12645/result,HTTPError('404 Client Error: Not Found for url: /api/pdf-parser/jobs/pdf-parse-dc27efbf-7f7d-4683-983a-cfbe7ca12645/result'),1
GET,/api/pdf-parser/jobs/pdf-parse-cd4cd776-33f2-4470-b538-1325c969b6f8/result,HTTPError('404 Client Error: Not Found for url: /api/pdf-parser/jobs/pdf-parse-cd4cd776-33f2-4470-b538-1325c969b6f8/result'),2
GET,/api/pdf-parser/jobs/pdf-parse-8f3b3dfa-7ffe-47a9-9488-37bf2c396140/result,HTTPError('404 Client Error: Not Found for url: /api/pdf-parser/jobs/pdf-parse-8f3b3dfa-7ffe-47a9-9488-37bf2c396140/result'),1
GET,/api/pdf-parser/jobs/pdf-parse-ce645ecb-f33c-4045-a803-84123bda93f9/result,HTTPError('404 Client Error: Not Found for url: /api/pdf-parser/jobs/pdf-parse-ce645ecb-f33c-4045-a803-84123bda93f9/result'),2
GET,/api/pdf-parser/jobs/pdf-parse-1b937310-f720-4e3e-bf6d-48201c420dcd/result,HTTPError('404 Client Error: Not Found for url: /api/pdf-parser/jobs/pdf-parse-1b937310-f720-4e3e-bf6d-48201c420dcd/result'),1
GET,/api/pdf-parser/jobs/pdf-parse-0cffe49f-a8b7-48dd-af84-2a23bd78e933/result,HTTPError('404 Client Error: Not Found for url: /api/pdf-parser/jobs/pdf-parse-0cffe49f-a8b7-48dd-af84-2a23bd78e933/result'),1
GET,/api/pdf-parser/jobs/pdf-parse-83ce1bcd-2388-4542-b4b7-bc745c810398/result,HTTPError('404 Client Error: Not Found for url: /api/pdf-parser/jobs/pdf-parse-83ce1bcd-2388-4542-b4b7-bc745c810398/result'),1
GET,/api/pdf-parser/jobs/pdf-parse-ed61b643-f890-415c-ae5e-c73a3a91ee8b/result,HTTPError('404 Client Error: Not Found for url: /api/pdf-parser/jobs/pdf-parse-ed61b643-f890-415c-ae5e-c73a3a91ee8b/result'),1
GET,/api/pdf-parser/jobs/pdf-parse-e4a9a927-3ad9-4c90-b65b-2b69c75ff494/result,HTTPError('404 Client Error: Not Found for url: /api/pdf-parser/jobs/pdf-parse-e4a9a927-3ad9-4c90-b65b-2b69c75ff494/result'),2
GET,/api/pdf-parser/jobs/pdf-parse-d17876ee-d0e7-4c4d-b3ea-0ab0fab0d46a/result,HTTPError('404 Client Error: Not Found for url: /api/pdf-parser/jobs/pdf-parse-d17876ee-d0e7-4c4d-b3ea-0ab0fab0d46a/result'),1
GET,/api/pdf-parser/jobs/pdf-parse-02b92fc9-5086-4a13-ae85-201c86b4a1c2/result,HTTPError('404 Client Error: Not Found for url: /api/pdf-parser/jobs/pdf-parse-02b92fc9-5086-4a13-ae85-201c86b4a1c2/result'),1
GET,/api/pdf-parser/jobs/pdf-parse-dc6baa0f-1404-4fe5-ad3a-ce3059e72d99/result,HTTPError('404 Client Error: Not Found for url: /api/pdf-parser/jobs/pdf-parse-dc6baa0f-1404-4fe5-ad3a-ce3059e72d99/result'),1
GET,/api/pdf-parser/jobs/pdf-parse-1aa92196-4ac1-4479-8488-89e3751dfad7/result,HTTPError('404 Client Error: Not Found for url: /api/pdf-parser/jobs/pdf-parse-1aa92196-4ac1-4479-8488-89e3751dfad7/result'),1
GET,/api/pdf-parser/jobs/pdf-parse-6f7acfd3-0636-4303-b433-3af429f31365/result,HTTPError('404 Client Error: Not Found for url: /api/pdf-parser/jobs/pdf-parse-6f7acfd3-0636-4303-b433-3af429f31365/result'),2
GET,/api/pdf-parser/jobs/pdf-parse-02fad74f-ad73-476c-acdd-51d6b52a65e9/result,HTTPError('404 Client Error: Not Found for url: /api/pdf-parser/jobs/pdf-parse-02fad74f-ad73-476c-acdd-51d6b52a65e9/result'),1
GET,/api/pdf-parser/jobs/pdf-parse-aef1b0b4-a382-4381-9265-aa5b4bf9ea92/result,HTTPError('404 Client Error: Not Found for url: /api/pdf-parser/jobs/pdf-parse-aef1b0b4-a382-4381-9265-aa5b4bf9ea92/result'),5
GET,/api/pdf-parser/jobs/pdf-parse-0085de0d-f811-4bd6-a79b-75581681d3c8/result,HTTPError('404 Client Error: Not Found for url: /api/pdf-parser/jobs/pdf-parse-0085de0d-f811-4bd6-a79b-75581681d3c8/result'),4
GET,/api/pdf-parser/jobs/pdf-parse-e1977a16-50c9-4ff0-9b2e-e134bafc8e3a/result,HTTPError('404 Client Error: Not Found for url: /api/pdf-parser/jobs/pdf-parse-e1977a16-50c9-4ff0-9b2e-e134bafc8e3a/result'),1
GET,/api/pdf-parser/jobs/pdf-parse-9c3ef61a-b98c-42a0-96c4-9981d425e428/result,HTTPError('404 Client Error: Not Found for url: /api/pdf-parser/jobs/pdf-parse-9c3ef61a-b98c-42a0-96c4-9981d425e428/result'),2
GET,/api/pdf-parser/jobs/pdf-parse-c4bbdf17-bec1-43a2-b43d-547dce2f7a9b/result,HTTPError('404 Client Error: Not Found for url: /api/pdf-parser/jobs/pdf-parse-c4bbdf17-bec1-43a2-b43d-547dce2f7a9b/result'),1
GET,/api/pdf-parser/jobs/pdf-parse-32d271d3-9933-434c-996f-e132ee29ff53/result,HTTPError('404 Client Error: Not Found for url: /api/pdf-parser/jobs/pdf-parse-32d271d3-9933-434c-996f-e132ee29ff53/result'),1
GET,/api/pdf-parser/jobs/pdf-parse-02043619-36d4-4cdb-9710-f93fa8bf5e3a/result,HTTPError('404 Client Error: Not Found for url: /api/pdf-parser/jobs/pdf-parse-02043619-36d4-4cdb-9710-f93fa8bf5e3a/result'),4
GET,/api/pdf-parser/jobs/pdf-parse-aaf8fce3-2912-4de1-a445-8724be921eb7/result,HTTPError('404 Client Error: Not Found for url: /api/pdf-parser/jobs/pdf-parse-aaf8fce3-2912-4de1-a445-8724be921eb7/result'),2
GET,/api/pdf-parser/jobs/pdf-parse-d2445b99-19a8-4b52-996f-9a605f543906/result,HTTPError('404 Client Error: Not Found for url: /api/pdf-parser/jobs/pdf-parse-d2445b99-19a8-4b52-996f-9a605f543906/result'),4
GET,/api/pdf-parser/jobs/pdf-parse-86221eeb-24b2-49dc-9a54-051b65e7ca99/result,HTTPError('404 Client Error: Not Found for url: /api/pdf-parser/jobs/pdf-parse-86221eeb-24b2-49dc-9a54-051b65e7ca99/result'),1
GET,/api/pdf-parser/jobs/pdf-parse-f0a07a83-2815-4ac5-bd29-7f3be66c7a56/result,HTTPError('404 Client Error: Not Found for url: /api/pdf-parser/jobs/pdf-parse-f0a07a83-2815-4ac5-bd29-7f3be66c7a56/result'),4
GET,/api/pdf-parser/jobs/pdf-parse-7bba1491-2e53-40fe-b15a-27485b6414f8/result,HTTPError('404 Client Error: Not Found for url: /api/pdf-parser/jobs/pdf-parse-7bba1491-2e53-40fe-b15a-27485b6414f8/result'),4
GET,/api/pdf-parser/jobs/pdf-parse-35513639-8b5d-4295-8c12-b430bed770a2/result,HTTPError('404 Client Error: Not Found for url: /api/pdf-parser/jobs/pdf-parse-35513639-8b5d-4295-8c12-b430bed770a2/result'),1
GET,/api/pdf-parser/jobs/pdf-parse-769a3029-5863-4e49-bdff-c57cba249a43/result,HTTPError('404 Client Error: Not Found for url: /api/pdf-parser/jobs/pdf-parse-769a3029-5863-4e49-bdff-c57cba249a43/result'),1
GET,/api/pdf-parser/jobs/pdf-parse-bf2e0c84-06e0-4ef7-a4ae-8e33947e00c7/result,HTTPError('404 Client Error: Not Found for url: /api/pdf-parser/jobs/pdf-parse-bf2e0c84-06e0-4ef7-a4ae-8e33947e00c7/result'),1
GET,/api/pdf-parser/jobs/pdf-parse-1eef5f6d-cca2-4d3d-85e1-d84e260b40dd/result,HTTPError('404 Client Error: Not Found for url: /api/pdf-parser/jobs/pdf-parse-1eef5f6d-cca2-4d3d-85e1-d84e260b40dd/result'),1
GET,/api/pdf-parser/jobs/pdf-parse-5d854a30-b5aa-44b1-a732-d37e5fbff4c2/result,HTTPError('404 Client Error: Not Found for url: /api/pdf-parser/jobs/pdf-parse-5d854a30-b5aa-44b1-a732-d37e5fbff4c2/result'),1
GET,/api/pdf-parser/jobs/pdf-parse-1806a2bc-ab00-4c0e-a78e-3905681efd18/result,HTTPError('404 Client Error: Not Found for url: /api/pdf-parser/jobs/pdf-parse-1806a2bc-ab00-4c0e-a78e-3905681efd18/result'),1
GET,/api/pdf-parser/jobs/pdf-parse-296379da-b1bf-412e-b8ee-6ebfa34f13c7/result,HTTPError('404 Client Error: Not Found for url: /api/pdf-parser/jobs/pdf-parse-296379da-b1bf-412e-b8ee-6ebfa34f13c7/result'),5
GET,/api/pdf-parser/jobs/pdf-parse-ef6c822b-e742-44ba-9dc3-507e1ed4c612/result,HTTPError('404 Client Error: Not Found for url: /api/pdf-parser/jobs/pdf-parse-ef6c822b-e742-44ba-9dc3-507e1ed4c612/result'),1
GET,/api/pdf-parser/jobs/pdf-parse-1f2f2cab-fa7d-4a23-a6e3-9274bba680fd/result,HTTPError('404 Client Error: Not Found for url: /api/pdf-parser/jobs/pdf-parse-1f2f2cab-fa7d-4a23-a6e3-9274bba680fd/result'),2
GET,/api/pdf-parser/jobs/pdf-parse-de67cf1b-bb1d-4706-baea-2f491c6059b4/result,HTTPError('404 Client Error: Not Found for url: /api/pdf-parser/jobs/pdf-parse-de67cf1b-bb1d-4706-baea-2f491c6059b4/result'),1
GET,/api/pdf-parser/jobs/pdf-parse-a20cebf3-5519-4f58-95ce-4bd522946c2f/result,HTTPError('404 Client Error: Not Found for url: /api/pdf-parser/jobs/pdf-parse-a20cebf3-5519-4f58-95ce-4bd522946c2f/result'),3
GET,/api/pdf-parser/jobs/pdf-parse-cc3a66f1-2808-4733-92f2-4327406fc10d/result,HTTPError('404 Client Error: Not Found for url: /api/pdf-parser/jobs/pdf-parse-cc3a66f1-2808-4733-92f2-4327406fc10d/result'),1
GET,/api/pdf-parser/jobs/pdf-parse-046b36af-89dc-4b9f-90d5-ff40191e7f1b/result,HTTPError('404 Client Error: Not Found for url: /api/pdf-parser/jobs/pdf-parse-046b36af-89dc-4b9f-90d5-ff40191e7f1b/result'),1
GET,/api/pdf-parser/jobs/pdf-parse-fdb35b34-487d-4ee9-9a81-f9e886e8c480/result,HTTPError('404 Client Error: Not Found for url: /api/pdf-parser/jobs/pdf-parse-fdb35b34-487d-4ee9-9a81-f9e886e8c480/result'),2
GET,/api/pdf-parser/jobs/pdf-parse-c6b9e2d0-fd6d-42dd-87d8-fc36d11435d0/result,HTTPError('404 Client Error: Not Found for url: /api/pdf-parser/jobs/pdf-parse-c6b9e2d0-fd6d-42dd-87d8-fc36d11435d0/result'),1
GET,/api/pdf-parser/jobs/pdf-parse-fbe301e5-ca7c-46ff-abc9-53a2b9f567e6/result,HTTPError('404 Client Error: Not Found for url: /api/pdf-parser/jobs/pdf-parse-fbe301e5-ca7c-46ff-abc9-53a2b9f567e6/result'),1
GET,/api/pdf-parser/jobs/pdf-parse-fda24e03-6910-4c42-b1ba-53dd8e8c0c0c/result,HTTPError('404 Client Error: Not Found for url: /api/pdf-parser/jobs/pdf-parse-fda24e03-6910-4c42-b1ba-53dd8e8c0c0c/result'),2
GET,/api/pdf-parser/jobs/pdf-parse-b989b3fd-608a-45e1-a1bf-711223d4e711/result,HTTPError('404 Client Error: Not Found for url: /api/pdf-parser/jobs/pdf-parse-b989b3fd-608a-45e1-a1bf-711223d4e711/result'),3
GET,/api/pdf-parser/jobs/pdf-parse-09034450-df2e-41ca-805c-7c5285ac330b/result,HTTPError('404 Client Error: Not Found for url: /api/pdf-parser/jobs/pdf-parse-09034450-df2e-41ca-805c-7c5285ac330b/result'),2
GET,/api/pdf-parser/jobs/pdf-parse-8c50ae3d-3304-42a3-b3ba-f597283579e5/result,HTTPError('404 Client Error: Not Found for url: /api/pdf-parser/jobs/pdf-parse-8c50ae3d-3304-42a3-b3ba-f597283579e5/result'),2
GET,/api/pdf-parser/jobs/pdf-parse-963bfb5e-8847-4b6f-a039-91c2b7555f34/result,HTTPError('404 Client Error: Not Found for url: /api/pdf-parser/jobs/pdf-parse-963bfb5e-8847-4b6f-a039-91c2b7555f34/result'),1
GET,/api/pdf-parser/jobs/pdf-parse-5bb1023b-446c-41e5-8d60-e697d430ee6a/result,HTTPError('404 Client Error: Not Found for url: /api/pdf-parser/jobs/pdf-parse-5bb1023b-446c-41e5-8d60-e697d430ee6a/result'),1
GET,/api/pdf-parser/jobs/pdf-parse-72306281-1b07-4a5f-9992-139f1957eee8/result,HTTPError('404 Client Error: Not Found for url: /api/pdf-parser/jobs/pdf-parse-72306281-1b07-4a5f-9992-139f1957eee8/result'),2
GET,/api/pdf-parser/jobs/pdf-parse-64a5b73d-6683-49f6-bb54-9c61f7dfa57a/result,HTTPError('404 Client Error: Not Found for url: /api/pdf-parser/jobs/pdf-parse-64a5b73d-6683-49f6-bb54-9c61f7dfa57a/result'),1
GET,/api/pdf-parser/jobs/pdf-parse-4b4ffa44-d678-4b0f-bb2e-eaecb0cab040/result,HTTPError('404 Client Error: Not Found for url: /api/pdf-parser/jobs/pdf-parse-4b4ffa44-d678-4b0f-bb2e-eaecb0cab040/result'),2
GET,/api/pdf-parser/jobs/pdf-parse-e801c9ea-d27c-4f0e-b72f-9ff1ab7c8011/result,HTTPError('404 Client Error: Not Found for url: /api/pdf-parser/jobs/pdf-parse-e801c9ea-d27c-4f0e-b72f-9ff1ab7c8011/result'),1
GET,/api/pdf-parser/jobs/pdf-parse-eee65fbd-f3a4-4c58-99c4-b65231d93ae9/result,HTTPError('404 Client Error: Not Found for url: /api/pdf-parser/jobs/pdf-parse-eee65fbd-f3a4-4c58-99c4-b65231d93ae9/result'),1
GET,/api/pdf-parser/jobs/pdf-parse-b45d84b2-4c1b-4aa5-91fe-8357d120f1d6/result,HTTPError('404 Client Error: Not Found for url: /api/pdf-parser/jobs/pdf-parse-b45d84b2-4c1b-4aa5-91fe-8357d120f1d6/result'),1
GET,/api/pdf-parser/jobs/pdf-parse-03650df3-04c6-46ba-bf1d-259ec172e197/result,HTTPError('404 Client Error: Not Found for url: /api/pdf-parser/jobs/pdf-parse-03650df3-04c6-46ba-bf1d-259ec172e197/result'),1
GET,/api/pdf-parser/jobs/pdf-parse-26a713b8-5c0b-4741-adbe-9651ac1c78d7/result,HTTPError('404 Client Error: Not Found for url: /api/pdf-parser/jobs/pdf-parse-26a713b8-5c0b-4741-adbe-9651ac1c78d7/result'),1
GET,/api/pdf-parser/jobs/pdf-parse-e5ef183e-d776-459b-9c61-800a334a6b6e/result,HTTPError('404 Client Error: Not Found for url: /api/pdf-parser/jobs/pdf-parse-e5ef183e-d776-459b-9c61-800a334a6b6e/result'),1
GET,/api/pdf-parser/jobs/pdf-parse-4e2b30c3-16aa-468a-9117-2efae8400c9c/result,HTTPError('404 Client Error: Not Found for url: /api/pdf-parser/jobs/pdf-parse-4e2b30c3-16aa-468a-9117-2efae8400c9c/result'),2
GET,/api/pdf-parser/jobs/pdf-parse-ff53fc97-795a-4b51-bb3b-b425ef8036b0/result,HTTPError('404 Client Error: Not Found for url: /api/pdf-parser/jobs/pdf-parse-ff53fc97-795a-4b51-bb3b-b425ef8036b0/result'),3
GET,/api/pdf-parser/jobs/pdf-parse-655fb1a3-42af-48b6-84b3-01ac3b37e8f4/result,HTTPError('404 Client Error: Not Found for url: /api/pdf-parser/jobs/pdf-parse-655fb1a3-42af-48b6-84b3-01ac3b37e8f4/result'),1
GET,/api/pdf-parser/jobs/pdf-parse-b98d47d5-3d22-472b-bc80-046192d714a7/result,HTTPError('404 Client Error: Not Found for url: /api/pdf-parser/jobs/pdf-parse-b98d47d5-3d22-472b-bc80-046192d714a7/result'),3
GET,/api/pdf-parser/jobs/pdf-parse-3aabed49-8932-4d71-b2b0-4a1fd1b568bf/result,HTTPError('404 Client Error: Not Found for url: /api/pdf-parser/jobs/pdf-parse-3aabed49-8932-4d71-b2b0-4a1fd1b568bf/result'),1
GET,/api/pdf-parser/jobs/pdf-parse-a895bad2-dbaa-409a-b37c-445a3df11c05/result,HTTPError('404 Client Error: Not Found for url: /api/pdf-parser/jobs/pdf-parse-a895bad2-dbaa-409a-b37c-445a3df11c05/result'),1
GET,/api/pdf-parser/jobs/pdf-parse-e9df8561-1970-4c2b-9a8c-adf266c40038/result,HTTPError('404 Client Error: Not Found for url: /api/pdf-parser/jobs/pdf-parse-e9df8561-1970-4c2b-9a8c-adf266c40038/result'),2
GET,/api/pdf-parser/jobs/pdf-parse-a5b286dc-ec86-4b18-a587-b747f1c55009/result,HTTPError('404 Client Error: Not Found for url: /api/pdf-parser/jobs/pdf-parse-a5b286dc-ec86-4b18-a587-b747f1c55009/result'),1
GET,/api/pdf-parser/jobs/pdf-parse-dda0af3c-779a-42ee-8f1c-057bf83b56fb/result,HTTPError('404 Client Error: Not Found for url: /api/pdf-parser/jobs/pdf-parse-dda0af3c-779a-42ee-8f1c-057bf83b56fb/result'),1
GET,/api/pdf-parser/jobs/pdf-parse-750bc76b-b6dd-4872-933e-36d354c11506/result,HTTPError('404 Client Error: Not Found for url: /api/pdf-parser/jobs/pdf-parse-750bc76b-b6dd-4872-933e-36d354c11506/result'),2
GET,/api/pdf-parser/jobs/pdf-parse-4837b2be-fb98-431b-b939-af93060ef0cd/result,HTTPError('404 Client Error: Not Found for url: /api/pdf-parser/jobs/pdf-parse-4837b2be-fb98-431b-b939-af93060ef0cd/result'),2
GET,/api/pdf-parser/jobs/pdf-parse-e595db7f-2019-4a49-8c3c-a40ade8da37e/result,HTTPError('404 Client Error: Not Found for url: /api/pdf-parser/jobs/pdf-parse-e595db7f-2019-4a49-8c3c-a40ade8da37e/result'),1
GET,/api/pdf-parser/jobs/pdf-parse-fa700dc2-5cce-457b-a296-479ee1e23a2e/result,HTTPError('404 Client Error: Not Found for url: /api/pdf-parser/jobs/pdf-parse-fa700dc2-5cce-457b-a296-479ee1e23a2e/result'),1
GET,/api/pdf-parser/jobs/pdf-parse-c7b1e1a5-6b54-4992-8919-803f21f94f57/result,HTTPError('404 Client Error: Not Found for url: /api/pdf-parser/jobs/pdf-parse-c7b1e1a5-6b54-4992-8919-803f21f94f57/result'),3
GET,/api/pdf-parser/jobs/pdf-parse-6c7fa5cf-8f48-4f6c-a164-d25f05cc93c8/result,HTTPError('404 Client Error: Not Found for url: /api/pdf-parser/jobs/pdf-parse-6c7fa5cf-8f48-4f6c-a164-d25f05cc93c8/result'),1
GET,/api/pdf-parser/jobs/pdf-parse-149d8b1f-4d61-4be3-a870-6bc8fc2dc0fe/result,HTTPError('404 Client Error: Not Found for url: /api/pdf-parser/jobs/pdf-parse-149d8b1f-4d61-4be3-a870-6bc8fc2dc0fe/result'),1
GET,/api/pdf-parser/jobs/pdf-parse-b326f1c1-fe14-4de0-ad81-3a9ed9dc864b/result,HTTPError('404 Client Error: Not Found for url: /api/pdf-parser/jobs/pdf-parse-b326f1c1-fe14-4de0-ad81-3a9ed9dc864b/result'),2
GET,/api/pdf-parser/jobs/pdf-parse-e633d771-8eb1-4889-af01-17dc2fd2a289/result,HTTPError('404 Client Error: Not Found for url: /api/pdf-parser/jobs/pdf-parse-e633d771-8eb1-4889-af01-17dc2fd2a289/result'),1
GET,/api/pdf-parser/jobs/pdf-parse-9a5ddbe6-beff-4dcf-a8e0-700620091b2c/result,HTTPError('404 Client Error: Not Found for url: /api/pdf-parser/jobs/pdf-parse-9a5ddbe6-beff-4dcf-a8e0-700620091b2c/result'),3
GET,/api/pdf-parser/jobs/pdf-parse-2edfefad-e080-48ba-9270-ed5bad058394/result,HTTPError('404 Client Error: Not Found for url: /api/pdf-parser/jobs/pdf-parse-2edfefad-e080-48ba-9270-ed5bad058394/result'),1
GET,/api/pdf-parser/jobs/pdf-parse-9ece92ed-7174-464e-adca-34d87951ba3d/result,HTTPError('404 Client Error: Not Found for url: /api/pdf-parser/jobs/pdf-parse-9ece92ed-7174-464e-adca-34d87951ba3d/result'),2
GET,/api/pdf-parser/jobs/pdf-parse-cc2954ea-308a-46c0-9ae0-acad1dc33b8c/result,HTTPError('404 Client Error: Not Found for url: /api/pdf-parser/jobs/pdf-parse-cc2954ea-308a-46c0-9ae0-acad1dc33b8c/result'),1
GET,/api/pdf-parser/jobs/pdf-parse-f33cf646-41c8-4c80-8ea9-d488ec9d8fa7/result,HTTPError('404 Client Error: Not Found for url: /api/pdf-parser/jobs/pdf-parse-f33cf646-41c8-4c80-8ea9-d488ec9d8fa7/result'),2
GET,/api/pdf-parser/jobs/pdf-parse-41c232cf-02a1-43a7-887d-010a9a7bd848/result,HTTPError('404 Client Error: Not Found for url: /api/pdf-parser/jobs/pdf-parse-41c232cf-02a1-43a7-887d-010a9a7bd848/result'),2
GET,/api/pdf-parser/jobs/pdf-parse-9c035b7c-0582-4986-a30d-4b42eb06de9e/result,HTTPError('404 Client Error: Not Found for url: /api/pdf-parser/jobs/pdf-parse-9c035b7c-0582-4986-a30d-4b42eb06de9e/result'),3
GET,/api/pdf-parser/jobs/pdf-parse-df70f5a0-1da5-48b2-beb9-e6b8e2474076/result,HTTPError('404 Client Error: Not Found for url: /api/pdf-parser/jobs/pdf-parse-df70f5a0-1da5-48b2-beb9-e6b8e2474076/result'),2
GET,/api/pdf-parser/jobs/pdf-parse-07efa520-3a2b-4246-b734-90270459486f/result,HTTPError('404 Client Error: Not Found for url: /api/pdf-parser/jobs/pdf-parse-07efa520-3a2b-4246-b734-90270459486f/result'),1
GET,/api/pdf-parser/jobs/pdf-parse-3745a974-fca6-4019-8abb-fc42bc946046/result,HTTPError('404 Client Error: Not Found for url: /api/pdf-parser/jobs/pdf-parse-3745a974-fca6-4019-8abb-fc42bc946046/result'),1
GET,/api/pdf-parser/jobs/pdf-parse-c566b9aa-741b-49b0-90e7-ba838643b74c/result,HTTPError('404 Client Error: Not Found for url: /api/pdf-parser/jobs/pdf-parse-c566b9aa-741b-49b0-90e7-ba838643b74c/result'),1
GET,/api/pdf-parser/jobs/pdf-parse-29f08a15-7f03-44ff-aa07-6003faafebfc/result,HTTPError('404 Client Error: Not Found for url: /api/pdf-parser/jobs/pdf-parse-29f08a15-7f03-44ff-aa07-6003faafebfc/result'),5
GET,/api/pdf-parser/jobs/pdf-parse-5e0631dc-6c25-4b4d-aaf7-caef361da550/result,HTTPError('404 Client Error: Not Found for url: /api/pdf-parser/jobs/pdf-parse-5e0631dc-6c25-4b4d-aaf7-caef361da550/result'),2
GET,/api/pdf-parser/jobs/pdf-parse-20d1f066-ba54-481a-876c-c3af78423515/result,HTTPError('404 Client Error: Not Found for url: /api/pdf-parser/jobs/pdf-parse-20d1f066-ba54-481a-876c-c3af78423515/result'),1
GET,/api/pdf-parser/jobs/pdf-parse-441af384-e8d1-4896-b58e-c33cd9587572/result,HTTPError('404 Client Error: Not Found for url: /api/pdf-parser/jobs/pdf-parse-441af384-e8d1-4896-b58e-c33cd9587572/result'),1
GET,/api/pdf-parser/jobs/pdf-parse-08c1fe1a-4b77-4d2b-9355-8dbb306f2a43/result,HTTPError('404 Client Error: Not Found for url: /api/pdf-parser/jobs/pdf-parse-08c1fe1a-4b77-4d2b-9355-8dbb306f2a43/result'),1
GET,/api/pdf-parser/jobs/pdf-parse-50551d9a-b291-4523-8706-8ede89ff3d45/result,HTTPError('404 Client Error: Not Found for url: /api/pdf-parser/jobs/pdf-parse-50551d9a-b291-4523-8706-8ede89ff3d45/result'),1
GET,/api/pdf-parser/jobs/pdf-parse-13deb320-05a4-49e6-b0e7-776171d1449d/result,HTTPError('404 Client Error: Not Found for url: /api/pdf-parser/jobs/pdf-parse-13deb320-05a4-49e6-b0e7-776171d1449d/result'),3
GET,/api/pdf-parser/jobs/pdf-parse-8cd1e936-1e35-4ce7-a4a2-3132c375e307/result,HTTPError('404 Client Error: Not Found for url: /api/pdf-parser/jobs/pdf-parse-8cd1e936-1e35-4ce7-a4a2-3132c375e307/result'),1
GET,/api/pdf-parser/jobs/pdf-parse-082cb2f1-fa76-4170-acd0-b96b2a695418/result,HTTPError('404 Client Error: Not Found for url: /api/pdf-parser/jobs/pdf-parse-082cb2f1-fa76-4170-acd0-b96b2a695418/result'),2
GET,/api/pdf-parser/jobs/pdf-parse-229ed628-2626-4241-a731-cda5929c5222/result,HTTPError('404 Client Error: Not Found for url: /api/pdf-parser/jobs/pdf-parse-229ed628-2626-4241-a731-cda5929c5222/result'),2
GET,/api/pdf-parser/jobs/pdf-parse-61845ac2-b301-4867-b90a-f7ac2f1af193/result,HTTPError('404 Client Error: Not Found for url: /api/pdf-parser/jobs/pdf-parse-61845ac2-b301-4867-b90a-f7ac2f1af193/result'),1
GET,/api/pdf-parser/jobs/pdf-parse-d8f3c832-ffb8-4ea0-9a89-4d640cd1fad6/result,HTTPError('404 Client Error: Not Found for url: /api/pdf-parser/jobs/pdf-parse-d8f3c832-ffb8-4ea0-9a89-4d640cd1fad6/result'),1
GET,/api/pdf-parser/jobs/pdf-parse-107d4a90-721d-4f8c-a61c-451c1350dd59/result,HTTPError('404 Client Error: Not Found for url: /api/pdf-parser/jobs/pdf-parse-107d4a90-721d-4f8c-a61c-451c1350dd59/result'),3
GET,/api/pdf-parser/jobs/pdf-parse-ce49c990-b91f-499d-b690-5c72dfe49da2/result,HTTPError('404 Client Error: Not Found for url: /api/pdf-parser/jobs/pdf-parse-ce49c990-b91f-499d-b690-5c72dfe49da2/result'),1
GET,/api/pdf-parser/jobs/pdf-parse-072ad189-2971-449c-a7b0-15582f5e0e2f/result,HTTPError('404 Client Error: Not Found for url: /api/pdf-parser/jobs/pdf-parse-072ad189-2971-449c-a7b0-15582f5e0e2f/result'),4
GET,/api/pdf-parser/jobs/pdf-parse-94cb02a9-9ff0-4895-8999-93aca73b7458/result,HTTPError('404 Client Error: Not Found for url: /api/pdf-parser/jobs/pdf-parse-94cb02a9-9ff0-4895-8999-93aca73b7458/result'),1
GET,/api/pdf-parser/jobs/pdf-parse-34c9e52c-9911-4671-9084-0b04e64713ab/result,HTTPError('404 Client Error: Not Found for url: /api/pdf-parser/jobs/pdf-parse-34c9e52c-9911-4671-9084-0b04e64713ab/result'),2
GET,/api/pdf-parser/jobs/pdf-parse-177fc86e-8b40-44d5-a937-26b9549fe4b6/result,HTTPError('404 Client Error: Not Found for url: /api/pdf-parser/jobs/pdf-parse-177fc86e-8b40-44d5-a937-26b9549fe4b6/result'),1
GET,/api/pdf-parser/jobs/pdf-parse-6d67493c-5d23-40f4-ba8f-29443c3232e8/result,HTTPError('404 Client Error: Not Found for url: /api/pdf-parser/jobs/pdf-parse-6d67493c-5d23-40f4-ba8f-29443c3232e8/result'),1
GET,/api/pdf-parser/jobs/pdf-parse-8d57a286-f5b4-42e6-962c-4bcb39b71a07/result,HTTPError('404 Client Error: Not Found for url: /api/pdf-parser/jobs/pdf-parse-8d57a286-f5b4-42e6-962c-4bcb39b71a07/result'),1
GET,/api/pdf-parser/jobs/pdf-parse-53ad9c52-0986-4a64-ae30-ccdb02c2bc2f/result,HTTPError('404 Client Error: Not Found for url: /api/pdf-parser/jobs/pdf-parse-53ad9c52-0986-4a64-ae30-ccdb02c2bc2f/result'),1
GET,/api/pdf-parser/jobs/pdf-parse-539868e2-0974-4a69-9ccd-46da348b65f0/result,HTTPError('404 Client Error: Not Found for url: /api/pdf-parser/jobs/pdf-parse-539868e2-0974-4a69-9ccd-46da348b65f0/result'),1
GET,/api/pdf-parser/jobs/pdf-parse-68db5246-346d-4cd3-968f-9434bf455ae5/result,HTTPError('404 Client Error: Not Found for url: /api/pdf-parser/jobs/pdf-parse-68db5246-346d-4cd3-968f-9434bf455ae5/result'),1
GET,/api/pdf-parser/jobs/pdf-parse-322704ea-7f51-41dc-9fcd-4f5a6a7d00b9/result,HTTPError('404 Client Error: Not Found for url: /api/pdf-parser/jobs/pdf-parse-322704ea-7f51-41dc-9fcd-4f5a6a7d00b9/result'),4
GET,/api/pdf-parser/jobs/pdf-parse-7693c01d-4191-418a-b621-a94c484e2dce/result,HTTPError('404 Client Error: Not Found for url: /api/pdf-parser/jobs/pdf-parse-7693c01d-4191-418a-b621-a94c484e2dce/result'),4
GET,/api/pdf-parser/jobs/pdf-parse-dec4c477-dbc6-45c7-952b-1913dc786acd/result,HTTPError('404 Client Error: Not Found for url: /api/pdf-parser/jobs/pdf-parse-dec4c477-dbc6-45c7-952b-1913dc786acd/result'),1
GET,/api/pdf-parser/jobs/pdf-parse-dbd343e2-ce11-447f-819e-4a0e5fc0d5e0/result,HTTPError('404 Client Error: Not Found for url: /api/pdf-parser/jobs/pdf-parse-dbd343e2-ce11-447f-819e-4a0e5fc0d5e0/result'),1
GET,/api/pdf-parser/jobs/pdf-parse-2b55c5de-d5a4-4416-9c0d-d6ce999b691c/result,HTTPError('404 Client Error: Not Found for url: /api/pdf-parser/jobs/pdf-parse-2b55c5de-d5a4-4416-9c0d-d6ce999b691c/result'),1
GET,/api/pdf-parser/jobs/pdf-parse-a0332be1-9674-447e-9ddc-d62d2342f481/result,HTTPError('404 Client Error: Not Found for url: /api/pdf-parser/jobs/pdf-parse-a0332be1-9674-447e-9ddc-d62d2342f481/result'),1
GET,/api/pdf-parser/jobs/pdf-parse-0dd7ca5a-c19a-4b35-9b35-229037bf6213/result,HTTPError('404 Client Error: Not Found for url: /api/pdf-parser/jobs/pdf-parse-0dd7ca5a-c19a-4b35-9b35-229037bf6213/result'),3
GET,/api/pdf-parser/jobs/pdf-parse-82f92f19-59ab-4b99-8ac5-3650d0942df9/result,HTTPError('404 Client Error: Not Found for url: /api/pdf-parser/jobs/pdf-parse-82f92f19-59ab-4b99-8ac5-3650d0942df9/result'),3
GET,/api/pdf-parser/jobs/pdf-parse-1b7362ca-91c5-46d8-a953-320f92dc4bb6/result,HTTPError('404 Client Error: Not Found for url: /api/pdf-parser/jobs/pdf-parse-1b7362ca-91c5-46d8-a953-320f92dc4bb6/result'),1
GET,/api/pdf-parser/jobs/pdf-parse-aaf833d2-76e2-4267-95fb-0a88800538a2/result,HTTPError('404 Client Error: Not Found for url: /api/pdf-parser/jobs/pdf-parse-aaf833d2-76e2-4267-95fb-0a88800538a2/result'),3
GET,/api/pdf-parser/jobs/pdf-parse-4489a7f8-9cee-45f9-89e5-57a5d7b000d4/result,HTTPError('404 Client Error: Not Found for url: /api/pdf-parser/jobs/pdf-parse-4489a7f8-9cee-45f9-89e5-57a5d7b000d4/result'),6
GET,/api/pdf-parser/jobs/pdf-parse-bf88f0a9-7b86-4f87-b90a-dd91642e9044/result,HTTPError('404 Client Error: Not Found for url: /api/pdf-parser/jobs/pdf-parse-bf88f0a9-7b86-4f87-b90a-dd91642e9044/result'),2
GET,/api/pdf-parser/jobs/pdf-parse-a53e5d07-9009-4b31-97ad-bd7cd30b70a1/result,HTTPError('404 Client Error: Not Found for url: /api/pdf-parser/jobs/pdf-parse-a53e5d07-9009-4b31-97ad-bd7cd30b70a1/result'),2
GET,/api/pdf-parser/jobs/pdf-parse-43438d4d-2e36-4285-9118-5f3072aee43f/result,HTTPError('404 Client Error: Not Found for url: /api/pdf-parser/jobs/pdf-parse-43438d4d-2e36-4285-9118-5f3072aee43f/result'),1
GET,/api/pdf-parser/jobs/pdf-parse-da0d0b58-2df8-4416-8878-a76e692dd83c/result,HTTPError('404 Client Error: Not Found for url: /api/pdf-parser/jobs/pdf-parse-da0d0b58-2df8-4416-8878-a76e692dd83c/result'),4
GET,/api/pdf-parser/jobs/pdf-parse-b11e55b2-5266-4c53-8c4f-6cc290546d0c/result,HTTPError('404 Client Error: Not Found for url: /api/pdf-parser/jobs/pdf-parse-b11e55b2-5266-4c53-8c4f-6cc290546d0c/result'),5
GET,/api/pdf-parser/jobs/pdf-parse-6a2b923b-0ff8-4cbe-8b79-07a98f4e68d8/result,HTTPError('404 Client Error: Not Found for url: /api/pdf-parser/jobs/pdf-parse-6a2b923b-0ff8-4cbe-8b79-07a98f4e68d8/result'),1
GET,/api/pdf-parser/jobs/pdf-parse-2c00a80d-77e8-4a85-b2c8-27047e0ac44a/result,HTTPError('404 Client Error: Not Found for url: /api/pdf-parser/jobs/pdf-parse-2c00a80d-77e8-4a85-b2c8-27047e0ac44a/result'),4
GET,/api/pdf-parser/jobs/pdf-parse-b2d511fc-21b9-441e-828c-6dc012bd3a82/result,HTTPError('404 Client Error: Not Found for url: /api/pdf-parser/jobs/pdf-parse-b2d511fc-21b9-441e-828c-6dc012bd3a82/result'),4
GET,/api/pdf-parser/jobs/pdf-parse-072f5c86-6cc1-4d2e-9550-963486002cd7/result,HTTPError('404 Client Error: Not Found for url: /api/pdf-parser/jobs/pdf-parse-072f5c86-6cc1-4d2e-9550-963486002cd7/result'),2
GET,/api/pdf-parser/jobs/pdf-parse-6f950cd6-1ced-4132-bb8c-624097affe72/result,HTTPError('404 Client Error: Not Found for url: /api/pdf-parser/jobs/pdf-parse-6f950cd6-1ced-4132-bb8c-624097affe72/result'),1
GET,/api/pdf-parser/jobs/pdf-parse-c3995c4f-5d53-47d4-aff3-c62bf94226d6/result,HTTPError('404 Client Error: Not Found for url: /api/pdf-parser/jobs/pdf-parse-c3995c4f-5d53-47d4-aff3-c62bf94226d6/result'),1
GET,/api/pdf-parser/jobs/pdf-parse-b051b860-1717-4575-8b15-d23fb8b32182/result,HTTPError('404 Client Error: Not Found for url: /api/pdf-parser/jobs/pdf-parse-b051b860-1717-4575-8b15-d23fb8b32182/result'),1
GET,/api/pdf-parser/jobs/pdf-parse-f688a434-777a-4673-bae2-f0c59b5ef6c1/result,HTTPError('404 Client Error: Not Found for url: /api/pdf-parser/jobs/pdf-parse-f688a434-777a-4673-bae2-f0c59b5ef6c1/result'),1
GET,/api/pdf-parser/jobs/pdf-parse-31d31c47-2ae5-4ab7-8081-f5cb103ba3c0/result,HTTPError('404 Client Error: Not Found for url: /api/pdf-parser/jobs/pdf-parse-31d31c47-2ae5-4ab7-8081-f5cb103ba3c0/result'),1
GET,/api/pdf-parser/jobs/pdf-parse-4d720c3e-7665-4472-8f43-e484388ceea8/result,HTTPError('404 Client Error: Not Found for url: /api/pdf-parser/jobs/pdf-parse-4d720c3e-7665-4472-8f43-e484388ceea8/result'),1
GET,/api/pdf-parser/jobs/pdf-parse-136a69db-3ff0-4c65-9f71-4b13b30c499c/result,HTTPError('404 Client Error: Not Found for url: /api/pdf-parser/jobs/pdf-parse-136a69db-3ff0-4c65-9f71-4b13b30c499c/result'),1
GET,/api/pdf-parser/jobs/pdf-parse-f53960f5-a073-43fb-9f51-7ed2ee1eb5cf/result,HTTPError('404 Client Error: Not Found for url: /api/pdf-parser/jobs/pdf-parse-f53960f5-a073-43fb-9f51-7ed2ee1eb5cf/result'),2
GET,/api/pdf-parser/jobs/pdf-parse-9af47541-d567-47d9-b4d7-8440601f8c00/result,HTTPError('404 Client Error: Not Found for url: /api/pdf-parser/jobs/pdf-parse-9af47541-d567-47d9-b4d7-8440601f8c00/result'),2
GET,/api/pdf-parser/jobs/pdf-parse-804504ba-eeeb-4b85-bae1-6378d5618556/result,HTTPError('404 Client Error: Not Found for url: /api/pdf-parser/jobs/pdf-parse-804504ba-eeeb-4b85-bae1-6378d5618556/result'),1
GET,/api/pdf-parser/jobs/pdf-parse-445ba24a-949c-4192-82e8-d7214d34515c/result,HTTPError('404 Client Error: Not Found for url: /api/pdf-parser/jobs/pdf-parse-445ba24a-949c-4192-82e8-d7214d34515c/result'),4
GET,/api/pdf-parser/jobs/pdf-parse-1299ebf8-0d6d-4f06-91ec-9a8b235d55fe/result,HTTPError('404 Client Error: Not Found for url: /api/pdf-parser/jobs/pdf-parse-1299ebf8-0d6d-4f06-91ec-9a8b235d55fe/result'),1
GET,/api/pdf-parser/jobs/pdf-parse-ba26a406-74a7-4df3-abb2-4e46c6030f93/result,HTTPError('404 Client Error: Not Found for url: /api/pdf-parser/jobs/pdf-parse-ba26a406-74a7-4df3-abb2-4e46c6030f93/result'),3
GET,/api/pdf-parser/jobs/pdf-parse-5af47cf8-a292-4374-af87-0f855dbc5f3b/result,HTTPError('404 Client Error: Not Found for url: /api/pdf-parser/jobs/pdf-parse-5af47cf8-a292-4374-af87-0f855dbc5f3b/result'),1
GET,/api/pdf-parser/jobs/pdf-parse-13001b5c-6a4b-4248-a455-ec8cc4afeac0/result,HTTPError('404 Client Error: Not Found for url: /api/pdf-parser/jobs/pdf-parse-13001b5c-6a4b-4248-a455-ec8cc4afeac0/result'),1
GET,/api/pdf-parser/jobs/pdf-parse-3619ba0e-3bfd-47e9-b493-8bd1920642aa/result,HTTPError('404 Client Error: Not Found for url: /api/pdf-parser/jobs/pdf-parse-3619ba0e-3bfd-47e9-b493-8bd1920642aa/result'),2
GET,/api/pdf-parser/jobs/pdf-parse-1f09b5bf-144c-4d35-87fd-825cf87e3f33/result,HTTPError('404 Client Error: Not Found for url: /api/pdf-parser/jobs/pdf-parse-1f09b5bf-144c-4d35-87fd-825cf87e3f33/result'),2
GET,/api/pdf-parser/jobs/pdf-parse-26969386-529a-41cd-b109-576642172696/result,HTTPError('404 Client Error: Not Found for url: /api/pdf-parser/jobs/pdf-parse-26969386-529a-41cd-b109-576642172696/result'),2
GET,/api/pdf-parser/jobs/pdf-parse-5ea787bd-9930-4bbb-9585-b511dbfa4a85/result,HTTPError('404 Client Error: Not Found for url: /api/pdf-parser/jobs/pdf-parse-5ea787bd-9930-4bbb-9585-b511dbfa4a85/result'),1
GET,/api/pdf-parser/jobs/pdf-parse-a1bbc73c-ae4d-4cc8-a220-6b8aafad07b8/result,HTTPError('404 Client Error: Not Found for url: /api/pdf-parser/jobs/pdf-parse-a1bbc73c-ae4d-4cc8-a220-6b8aafad07b8/result'),1
GET,/api/pdf-parser/jobs/pdf-parse-c398086c-27a1-4e77-8372-b0d35bdd6eac/result,HTTPError('404 Client Error: Not Found for url: /api/pdf-parser/jobs/pdf-parse-c398086c-27a1-4e77-8372-b0d35bdd6eac/result'),2
GET,/api/pdf-parser/jobs/pdf-parse-50f5eb80-51cc-46e2-a377-5f9ac1a34b5f/result,HTTPError('404 Client Error: Not Found for url: /api/pdf-parser/jobs/pdf-parse-50f5eb80-51cc-46e2-a377-5f9ac1a34b5f/result'),3
GET,/api/pdf-parser/jobs/pdf-parse-3498b784-46fc-43ef-9182-ed63e3406f12/result,HTTPError('404 Client Error: Not Found for url: /api/pdf-parser/jobs/pdf-parse-3498b784-46fc-43ef-9182-ed63e3406f12/result'),1
GET,/api/pdf-parser/jobs/pdf-parse-9697bc82-31e3-423c-97ef-73b45acc74e6/result,HTTPError('404 Client Error: Not Found for url: /api/pdf-parser/jobs/pdf-parse-9697bc82-31e3-423c-97ef-73b45acc74e6/result'),1
GET,/api/pdf-parser/jobs/pdf-parse-1294f4ca-e52a-4a74-a38a-f053ceba6832/result,HTTPError('404 Client Error: Not Found for url: /api/pdf-parser/jobs/pdf-parse-1294f4ca-e52a-4a74-a38a-f053ceba6832/result'),2
GET,/api/pdf-parser/jobs/pdf-parse-70189fe3-26d7-4a9b-ba72-5bd45dfb5c1e/result,HTTPError('404 Client Error: Not Found for url: /api/pdf-parser/jobs/pdf-parse-70189fe3-26d7-4a9b-ba72-5bd45dfb5c1e/result'),1
GET,/api/pdf-parser/jobs/pdf-parse-41ef9f9e-44af-410f-97cc-fdc795f08451/result,HTTPError('404 Client Error: Not Found for url: /api/pdf-parser/jobs/pdf-parse-41ef9f9e-44af-410f-97cc-fdc795f08451/result'),2
GET,/api/pdf-parser/jobs/pdf-parse-9a2fb02f-4b32-44fc-8fbd-e80df2f54e69/result,HTTPError('404 Client Error: Not Found for url: /api/pdf-parser/jobs/pdf-parse-9a2fb02f-4b32-44fc-8fbd-e80df2f54e69/result'),1
GET,/api/pdf-parser/jobs/pdf-parse-cfd36ee3-85a2-4582-bec0-f34569a7f5cf/result,HTTPError('404 Client Error: Not Found for url: /api/pdf-parser/jobs/pdf-parse-cfd36ee3-85a2-4582-bec0-f34569a7f5cf/result'),1
GET,/api/pdf-parser/jobs/pdf-parse-1f8a016f-c87c-44e9-a4d2-550341fa189a/result,HTTPError('404 Client Error: Not Found for url: /api/pdf-parser/jobs/pdf-parse-1f8a016f-c87c-44e9-a4d2-550341fa189a/result'),2
GET,/api/pdf-parser/jobs/pdf-parse-ec6de255-8305-410b-90a0-03c5ea8a0ae4/result,HTTPError('404 Client Error: Not Found for url: /api/pdf-parser/jobs/pdf-parse-ec6de255-8305-410b-90a0-03c5ea8a0ae4/result'),2
GET,/api/pdf-parser/jobs/pdf-parse-e21b2b99-8013-4cb8-817f-41082ddcadf2/result,HTTPError('404 Client Error: Not Found for url: /api/pdf-parser/jobs/pdf-parse-e21b2b99-8013-4cb8-817f-41082ddcadf2/result'),1
GET,/api/pdf-parser/jobs/pdf-parse-febae780-a1c9-46ff-bfab-9c306b8273e7/result,HTTPError('404 Client Error: Not Found for url: /api/pdf-parser/jobs/pdf-parse-febae780-a1c9-46ff-bfab-9c306b8273e7/result'),4
GET,/api/pdf-parser/jobs/pdf-parse-08df69ea-f3f4-46f7-be7d-4aa04e5518c4/result,HTTPError('404 Client Error: Not Found for url: /api/pdf-parser/jobs/pdf-parse-08df69ea-f3f4-46f7-be7d-4aa04e5518c4/result'),1
GET,/api/pdf-parser/jobs/pdf-parse-16521cfa-4037-44ee-b308-05d2e56a54ce/result,HTTPError('404 Client Error: Not Found for url: /api/pdf-parser/jobs/pdf-parse-16521cfa-4037-44ee-b308-05d2e56a54ce/result'),2
GET,/api/pdf-parser/jobs/pdf-parse-8cb56c3b-ddd9-4d89-ad0d-8b018f9e2301/result,HTTPError('404 Client Error: Not Found for url: /api/pdf-parser/jobs/pdf-parse-8cb56c3b-ddd9-4d89-ad0d-8b018f9e2301/result'),1
GET,/api/pdf-parser/jobs/pdf-parse-78ebe1a6-4c00-4642-9081-db827cefbeca/result,HTTPError('404 Client Error: Not Found for url: /api/pdf-parser/jobs/pdf-parse-78ebe1a6-4c00-4642-9081-db827cefbeca/result'),2
GET,/api/pdf-parser/jobs/pdf-parse-9c78ce09-2651-482b-9e41-edee702a8224/result,HTTPError('404 Client Error: Not Found for url: /api/pdf-parser/jobs/pdf-parse-9c78ce09-2651-482b-9e41-edee702a8224/result'),2
GET,/api/pdf-parser/jobs/pdf-parse-bdd2fccb-3995-42c1-b0ef-bef9b307bad5/result,HTTPError('404 Client Error: Not Found for url: /api/pdf-parser/jobs/pdf-parse-bdd2fccb-3995-42c1-b0ef-bef9b307bad5/result'),1
GET,/api/pdf-parser/jobs/pdf-parse-f3278e36-7ef1-4182-8a38-f05ac8f60743/result,HTTPError('404 Client Error: Not Found for url: /api/pdf-parser/jobs/pdf-parse-f3278e36-7ef1-4182-8a38-f05ac8f60743/result'),3
GET,/api/pdf-parser/jobs/pdf-parse-1377ff2a-8e10-4e40-b765-5515004285fc/result,HTTPError('404 Client Error: Not Found for url: /api/pdf-parser/jobs/pdf-parse-1377ff2a-8e10-4e40-b765-5515004285fc/result'),2
GET,/api/pdf-parser/jobs/pdf-parse-8df7be60-ff8c-43fd-9c4c-9136c5a8e9dc/result,HTTPError('404 Client Error: Not Found for url: /api/pdf-parser/jobs/pdf-parse-8df7be60-ff8c-43fd-9c4c-9136c5a8e9dc/result'),2
GET,/api/pdf-parser/jobs/pdf-parse-bfb385ba-3901-471b-8910-784cd642377b/result,HTTPError('404 Client Error: Not Found for url: /api/pdf-parser/jobs/pdf-parse-bfb385ba-3901-471b-8910-784cd642377b/result'),1
GET,/api/pdf-parser/jobs/pdf-parse-8ca42d20-c048-4675-a4e4-da4f94ef9ddc/result,HTTPError('404 Client Error: Not Found for url: /api/pdf-parser/jobs/pdf-parse-8ca42d20-c048-4675-a4e4-da4f94ef9ddc/result'),1
GET,/api/pdf-parser/jobs/pdf-parse-2f101b24-02bd-4ff3-a466-f4328e3b4551/result,HTTPError('404 Client Error: Not Found for url: /api/pdf-parser/jobs/pdf-parse-2f101b24-02bd-4ff3-a466-f4328e3b4551/result'),1
GET,/api/pdf-parser/jobs/pdf-parse-892ba9e9-6c06-40f9-b5af-b7b6e0858235/result,HTTPError('404 Client Error: Not Found for url: /api/pdf-parser/jobs/pdf-parse-892ba9e9-6c06-40f9-b5af-b7b6e0858235/result'),1
GET,/api/pdf-parser/jobs/pdf-parse-3c994e7e-78bd-4cf8-ba28-ef244e4ce5ab/result,HTTPError('404 Client Error: Not Found for url: /api/pdf-parser/jobs/pdf-parse-3c994e7e-78bd-4cf8-ba28-ef244e4ce5ab/result'),2
GET,/api/pdf-parser/jobs/pdf-parse-2226c276-b7b7-4412-9fd1-6ebae2081dcc/result,HTTPError('404 Client Error: Not Found for url: /api/pdf-parser/jobs/pdf-parse-2226c276-b7b7-4412-9fd1-6ebae2081dcc/result'),2
GET,/api/pdf-parser/jobs/pdf-parse-8e541522-1bec-49bf-805e-6ead2a32a1f5/result,HTTPError('404 Client Error: Not Found for url: /api/pdf-parser/jobs/pdf-parse-8e541522-1bec-49bf-805e-6ead2a32a1f5/result'),2
GET,/api/pdf-parser/jobs/pdf-parse-7771c8e7-5ab7-402e-bb8d-b5aa244b63a9/result,HTTPError('404 Client Error: Not Found for url: /api/pdf-parser/jobs/pdf-parse-7771c8e7-5ab7-402e-bb8d-b5aa244b63a9/result'),1
GET,/api/pdf-parser/jobs/pdf-parse-ced1fcaf-c064-45ac-9b1d-d21573687809/result,HTTPError('404 Client Error: Not Found for url: /api/pdf-parser/jobs/pdf-parse-ced1fcaf-c064-45ac-9b1d-d21573687809/result'),2
GET,/api/pdf-parser/jobs/pdf-parse-257ce71b-f85b-43e2-96b1-8b5c2482130e/result,HTTPError('404 Client Error: Not Found for url: /api/pdf-parser/jobs/pdf-parse-257ce71b-f85b-43e2-96b1-8b5c2482130e/result'),3
GET,/api/pdf-parser/jobs/pdf-parse-34191e91-9c7b-4c4b-ae34-427b0820a0de/result,HTTPError('404 Client Error: Not Found for url: /api/pdf-parser/jobs/pdf-parse-34191e91-9c7b-4c4b-ae34-427b0820a0de/result'),1
GET,/api/pdf-parser/jobs/pdf-parse-eae8b1a2-de79-4143-8257-1731cddf6246/result,HTTPError('404 Client Error: Not Found for url: /api/pdf-parser/jobs/pdf-parse-eae8b1a2-de79-4143-8257-1731cddf6246/result'),1
GET,/api/pdf-parser/jobs/pdf-parse-9b1e26f1-a7a2-4232-85fa-909810acd185/result,HTTPError('404 Client Error: Not Found for url: /api/pdf-parser/jobs/pdf-parse-9b1e26f1-a7a2-4232-85fa-909810acd185/result'),3
GET,/api/pdf-parser/jobs/pdf-parse-b826957e-ea73-4621-8481-83a1816e6961/result,HTTPError('404 Client Error: Not Found for url: /api/pdf-parser/jobs/pdf-parse-b826957e-ea73-4621-8481-83a1816e6961/result'),2
GET,/api/pdf-parser/jobs/pdf-parse-eb3ad5c4-7c71-40b7-9139-a83fd58464db/result,HTTPError('404 Client Error: Not Found for url: /api/pdf-parser/jobs/pdf-parse-eb3ad5c4-7c71-40b7-9139-a83fd58464db/result'),1
GET,/api/pdf-parser/jobs/pdf-parse-c35d6175-3459-4e96-a188-74aac5f47fd5/result,HTTPError('404 Client Error: Not Found for url: /api/pdf-parser/jobs/pdf-parse-c35d6175-3459-4e96-a188-74aac5f47fd5/result'),1
GET,/api/pdf-parser/jobs/pdf-parse-7577fc55-8f9e-4129-9dc0-c5f9bf9fa995/result,HTTPError('404 Client Error: Not Found for url: /api/pdf-parser/jobs/pdf-parse-7577fc55-8f9e-4129-9dc0-c5f9bf9fa995/result'),3
GET,/api/pdf-parser/jobs/pdf-parse-fa4f39fe-201a-458e-af82-4dbdc052aa8c/result,HTTPError('404 Client Error: Not Found for url: /api/pdf-parser/jobs/pdf-parse-fa4f39fe-201a-458e-af82-4dbdc052aa8c/result'),1
GET,/api/pdf-parser/jobs/pdf-parse-9a4286f3-5794-4802-9bb1-969ffcaf50ee/result,HTTPError('404 Client Error: Not Found for url: /api/pdf-parser/jobs/pdf-parse-9a4286f3-5794-4802-9bb1-969ffcaf50ee/result'),1
GET,/api/pdf-parser/jobs/pdf-parse-a20046f6-9063-4e7d-bf8b-52a4a4251d78/result,HTTPError('404 Client Error: Not Found for url: /api/pdf-parser/jobs/pdf-parse-a20046f6-9063-4e7d-bf8b-52a4a4251d78/result'),2
GET,/api/pdf-parser/jobs/pdf-parse-125f3150-807e-41df-9c9f-3016b235be2c/result,HTTPError('404 Client Error: Not Found for url: /api/pdf-parser/jobs/pdf-parse-125f3150-807e-41df-9c9f-3016b235be2c/result'),1
GET,/api/pdf-parser/jobs/pdf-parse-7a2e01ba-f15d-4206-8dbb-31972a287e23/result,HTTPError('404 Client Error: Not Found for url: /api/pdf-parser/jobs/pdf-parse-7a2e01ba-f15d-4206-8dbb-31972a287e23/result'),2
GET,/api/pdf-parser/jobs/pdf-parse-9277b410-2b1c-474c-873c-2230f6f7acdd/result,HTTPError('404 Client Error: Not Found for url: /api/pdf-parser/jobs/pdf-parse-9277b410-2b1c-474c-873c-2230f6f7acdd/result'),2
GET,/api/pdf-parser/jobs/pdf-parse-a7ba8c94-f4b5-4411-8e82-676607290edf/result,HTTPError('404 Client Error: Not Found for url: /api/pdf-parser/jobs/pdf-parse-a7ba8c94-f4b5-4411-8e82-676607290edf/result'),1
GET,/api/pdf-parser/jobs/pdf-parse-d9d21bf5-afcf-4a86-b9ec-eac149631e7b/result,HTTPError('404 Client Error: Not Found for url: /api/pdf-parser/jobs/pdf-parse-d9d21bf5-afcf-4a86-b9ec-eac149631e7b/result'),4
GET,/api/pdf-parser/jobs/pdf-parse-86fd33cd-9fe6-4f45-b428-1e1d630d7bb1/result,HTTPError('404 Client Error: Not Found for url: /api/pdf-parser/jobs/pdf-parse-86fd33cd-9fe6-4f45-b428-1e1d630d7bb1/result'),2
GET,/api/pdf-parser/jobs/pdf-parse-d360c56c-d89b-40e8-b7a6-031a3837396d/result,HTTPError('404 Client Error: Not Found for url: /api/pdf-parser/jobs/pdf-parse-d360c56c-d89b-40e8-b7a6-031a3837396d/result'),2
GET,/api/pdf-parser/jobs/pdf-parse-4ffbf151-47ef-4277-b111-19579282af8d/result,HTTPError('404 Client Error: Not Found for url: /api/pdf-parser/jobs/pdf-parse-4ffbf151-47ef-4277-b111-19579282af8d/result'),1
GET,/api/pdf-parser/jobs/pdf-parse-5a3570f2-ba1c-4229-b753-f0ceae18a2fa/result,HTTPError('404 Client Error: Not Found for url: /api/pdf-parser/jobs/pdf-parse-5a3570f2-ba1c-4229-b753-f0ceae18a2fa/result'),1
GET,/api/pdf-parser/jobs/pdf-parse-ba7f630c-c104-43ca-b684-6bb2b48fb379/result,HTTPError('404 Client Error: Not Found for url: /api/pdf-parser/jobs/pdf-parse-ba7f630c-c104-43ca-b684-6bb2b48fb379/result'),2
GET,/api/pdf-parser/jobs/pdf-parse-981c11b0-7e99-4d36-a94d-090e01a15b18/result,HTTPError('404 Client Error: Not Found for url: /api/pdf-parser/jobs/pdf-parse-981c11b0-7e99-4d36-a94d-090e01a15b18/result'),1
GET,/api/pdf-parser/jobs/pdf-parse-8dcdfec5-6594-40ec-a7dd-81efaaad3805/result,HTTPError('404 Client Error: Not Found for url: /api/pdf-parser/jobs/pdf-parse-8dcdfec5-6594-40ec-a7dd-81efaaad3805/result'),2
GET,/api/pdf-parser/jobs/pdf-parse-75950d88-0b6d-45fd-8853-7455f0226893/result,HTTPError('404 Client Error: Not Found for url: /api/pdf-parser/jobs/pdf-parse-75950d88-0b6d-45fd-8853-7455f0226893/result'),1
GET,/api/pdf-parser/jobs/pdf-parse-5aa6d8e8-23b8-4285-bf3e-037741fe5af3/result,HTTPError('404 Client Error: Not Found for url: /api/pdf-parser/jobs/pdf-parse-5aa6d8e8-23b8-4285-bf3e-037741fe5af3/result'),1
GET,/api/pdf-parser/jobs/pdf-parse-ce064da2-b68d-4a75-a7ee-10dda6cd565f/result,HTTPError('404 Client Error: Not Found for url: /api/pdf-parser/jobs/pdf-parse-ce064da2-b68d-4a75-a7ee-10dda6cd565f/result'),1
GET,/api/pdf-parser/jobs/pdf-parse-b4109758-aefb-4033-bf3f-9b95ea942411/result,HTTPError('404 Client Error: Not Found for url: /api/pdf-parser/jobs/pdf-parse-b4109758-aefb-4033-bf3f-9b95ea942411/result'),3
GET,/api/pdf-parser/jobs/pdf-parse-6fc8d85b-8aad-436e-9400-781678aca8f4/result,HTTPError('404 Client Error: Not Found for url: /api/pdf-parser/jobs/pdf-parse-6fc8d85b-8aad-436e-9400-781678aca8f4/result'),1
GET,/api/pdf-parser/jobs/pdf-parse-06085953-5be3-414b-8b92-0ad029dc5f17/result,HTTPError('404 Client Error: Not Found for url: /api/pdf-parser/jobs/pdf-parse-06085953-5be3-414b-8b92-0ad029dc5f17/result'),1
GET,/api/pdf-parser/jobs/pdf-parse-451d5b01-f89e-4f03-b850-a1421eb1f019/result,HTTPError('404 Client Error: Not Found for url: /api/pdf-parser/jobs/pdf-parse-451d5b01-f89e-4f03-b850-a1421eb1f019/result'),4
GET,/api/pdf-parser/jobs/pdf-parse-59f840ff-c1f5-4eea-b1ea-a85c5e251b81/result,HTTPError('404 Client Error: Not Found for url: /api/pdf-parser/jobs/pdf-parse-59f840ff-c1f5-4eea-b1ea-a85c5e251b81/result'),1
GET,/api/pdf-parser/jobs/pdf-parse-46019f36-62ce-4c2e-9b0c-fc805b8f7510/result,HTTPError('404 Client Error: Not Found for url: /api/pdf-parser/jobs/pdf-parse-46019f36-62ce-4c2e-9b0c-fc805b8f7510/result'),2
GET,/api/pdf-parser/jobs/pdf-parse-e783e712-e571-4b29-b606-1cc8fa2e50cc/result,HTTPError('404 Client Error: Not Found for url: /api/pdf-parser/jobs/pdf-parse-e783e712-e571-4b29-b606-1cc8fa2e50cc/result'),2
GET,/api/pdf-parser/jobs/pdf-parse-f19de3f1-6c10-49c5-9ef3-4d7e242641f0/result,HTTPError('404 Client Error: Not Found for url: /api/pdf-parser/jobs/pdf-parse-f19de3f1-6c10-49c5-9ef3-4d7e242641f0/result'),1
GET,/api/pdf-parser/jobs/pdf-parse-ae954181-7b2b-4bfb-9583-3afc07deba33/result,HTTPError('404 Client Error: Not Found for url: /api/pdf-parser/jobs/pdf-parse-ae954181-7b2b-4bfb-9583-3afc07deba33/result'),1
GET,/api/pdf-parser/jobs/pdf-parse-04f1a17b-e9d5-4b9a-bbeb-c694db046501/result,HTTPError('404 Client Error: Not Found for url: /api/pdf-parser/jobs/pdf-parse-04f1a17b-e9d5-4b9a-bbeb-c694db046501/result'),2
GET,/api/pdf-parser/jobs/pdf-parse-841c2cba-29eb-4b1a-afd3-5e724bb54b4f/result,HTTPError('404 Client Error: Not Found for url: /api/pdf-parser/jobs/pdf-parse-841c2cba-29eb-4b1a-afd3-5e724bb54b4f/result'),2
GET,/api/pdf-parser/jobs/pdf-parse-6d6b238c-8ed3-456b-a9c9-a838b7ada522/result,HTTPError('404 Client Error: Not Found for url: /api/pdf-parser/jobs/pdf-parse-6d6b238c-8ed3-456b-a9c9-a838b7ada522/result'),1
GET,/api/pdf-parser/jobs/pdf-parse-da8b6dd3-ef89-4d66-b711-a993b763b031/result,HTTPError('404 Client Error: Not Found for url: /api/pdf-parser/jobs/pdf-parse-da8b6dd3-ef89-4d66-b711-a993b763b031/result'),1
GET,/api/pdf-parser/jobs/pdf-parse-7e2e66dd-6a90-48a0-b5b9-096614c6124b/result,HTTPError('404 Client Error: Not Found for url: /api/pdf-parser/jobs/pdf-parse-7e2e66dd-6a90-48a0-b5b9-096614c6124b/result'),1
GET,/api/pdf-parser/jobs/pdf-parse-b8c96de9-a85e-4159-9975-fbc4b488a7ab/result,HTTPError('404 Client Error: Not Found for url: /api/pdf-parser/jobs/pdf-parse-b8c96de9-a85e-4159-9975-fbc4b488a7ab/result'),1
GET,/api/pdf-parser/jobs/pdf-parse-78af5b11-42bd-4367-91c0-ebd5a2d91023/result,HTTPError('404 Client Error: Not Found for url: /api/pdf-parser/jobs/pdf-parse-78af5b11-42bd-4367-91c0-ebd5a2d91023/result'),1
GET,/api/pdf-parser/jobs/pdf-parse-09a50912-77c4-44a5-837a-1c4f75b20e88/result,HTTPError('404 Client Error: Not Found for url: /api/pdf-parser/jobs/pdf-parse-09a50912-77c4-44a5-837a-1c4f75b20e88/result'),3
GET,/api/pdf-parser/jobs/pdf-parse-54add6c2-6dbe-4143-8583-4697da12ffe1/result,HTTPError('404 Client Error: Not Found for url: /api/pdf-parser/jobs/pdf-parse-54add6c2-6dbe-4143-8583-4697da12ffe1/result'),2
GET,/api/pdf-parser/jobs/pdf-parse-57006a58-6f39-426f-bbfd-4a64547f86ae/result,HTTPError('404 Client Error: Not Found for url: /api/pdf-parser/jobs/pdf-parse-57006a58-6f39-426f-bbfd-4a64547f86ae/result'),2
GET,/api/pdf-parser/jobs/pdf-parse-2d9c3013-87a2-459d-b487-71d64bf4f676/result,HTTPError('404 Client Error: Not Found for url: /api/pdf-parser/jobs/pdf-parse-2d9c3013-87a2-459d-b487-71d64bf4f676/result'),1
GET,/api/pdf-parser/jobs/pdf-parse-96b72a27-adac-4b31-8921-dd1e33d04f83/result,HTTPError('404 Client Error: Not Found for url: /api/pdf-parser/jobs/pdf-parse-96b72a27-adac-4b31-8921-dd1e33d04f83/result'),1
GET,/api/pdf-parser/jobs/pdf-parse-1782a6e0-11d1-482b-ab1a-3f6b8ba721b6/result,HTTPError('404 Client Error: Not Found for url: /api/pdf-parser/jobs/pdf-parse-1782a6e0-11d1-482b-ab1a-3f6b8ba721b6/result'),1
GET,/api/pdf-parser/jobs/pdf-parse-fc475a62-ed68-4482-9b99-83d72b6e5a36/result,HTTPError('404 Client Error: Not Found for url: /api/pdf-parser/jobs/pdf-parse-fc475a62-ed68-4482-9b99-83d72b6e5a36/result'),1
GET,/api/pdf-parser/jobs/pdf-parse-3939fa7f-f28f-4de9-a870-d14779464db3/result,HTTPError('404 Client Error: Not Found for url: /api/pdf-parser/jobs/pdf-parse-3939fa7f-f28f-4de9-a870-d14779464db3/result'),2
GET,/api/pdf-parser/jobs/pdf-parse-73be3df9-8989-49d1-b3a4-6e8267965acd/result,HTTPError('404 Client Error: Not Found for url: /api/pdf-parser/jobs/pdf-parse-73be3df9-8989-49d1-b3a4-6e8267965acd/result'),1
GET,/api/pdf-parser/jobs/pdf-parse-035734aa-5352-4217-95ac-4f1a12251248/result,HTTPError('404 Client Error: Not Found for url: /api/pdf-parser/jobs/pdf-parse-035734aa-5352-4217-95ac-4f1a12251248/result'),2
GET,/api/pdf-parser/jobs/pdf-parse-a9fc66c6-051f-4ea8-acd0-b549109e160c/result,HTTPError('404 Client Error: Not Found for url: /api/pdf-parser/jobs/pdf-parse-a9fc66c6-051f-4ea8-acd0-b549109e160c/result'),2
GET,/api/pdf-parser/jobs/pdf-parse-1d711867-c1c4-4e62-a745-6b79e5f6978a/result,HTTPError('404 Client Error: Not Found for url: /api/pdf-parser/jobs/pdf-parse-1d711867-c1c4-4e62-a745-6b79e5f6978a/result'),1
GET,/api/pdf-parser/jobs/pdf-parse-eb8f3a1c-6b6c-4cf7-8838-618071eb98fe/result,HTTPError('404 Client Error: Not Found for url: /api/pdf-parser/jobs/pdf-parse-eb8f3a1c-6b6c-4cf7-8838-618071eb98fe/result'),3
GET,/api/pdf-parser/jobs/pdf-parse-11a91d29-3ed6-47d9-af4b-14a87cafb7c7/result,HTTPError('404 Client Error: Not Found for url: /api/pdf-parser/jobs/pdf-parse-11a91d29-3ed6-47d9-af4b-14a87cafb7c7/result'),1
GET,/api/pdf-parser/jobs/pdf-parse-1dc40587-354b-4804-83b6-1507958ef053/result,HTTPError('404 Client Error: Not Found for url: /api/pdf-parser/jobs/pdf-parse-1dc40587-354b-4804-83b6-1507958ef053/result'),1
GET,/api/pdf-parser/jobs/pdf-parse-3bac87e7-b774-484a-8571-eb5e68d093cd/result,HTTPError('404 Client Error: Not Found for url: /api/pdf-parser/jobs/pdf-parse-3bac87e7-b774-484a-8571-eb5e68d093cd/result'),3
GET,/api/pdf-parser/jobs/pdf-parse-ee8e1e74-3749-4dfa-a336-8f805378d1bc/result,HTTPError('404 Client Error: Not Found for url: /api/pdf-parser/jobs/pdf-parse-ee8e1e74-3749-4dfa-a336-8f805378d1bc/result'),1
GET,/api/pdf-parser/jobs/pdf-parse-48d6be0f-c4a7-4932-92bd-747a0d5cfb70/result,HTTPError('404 Client Error: Not Found for url: /api/pdf-parser/jobs/pdf-parse-48d6be0f-c4a7-4932-92bd-747a0d5cfb70/result'),1
GET,/api/pdf-parser/jobs/pdf-parse-a833740e-777d-4b96-b4ef-70dae06772ed/result,HTTPError('404 Client Error: Not Found for url: /api/pdf-parser/jobs/pdf-parse-a833740e-777d-4b96-b4ef-70dae06772ed/result'),1
GET,/api/pdf-parser/jobs/pdf-parse-88d4f760-10bf-4049-b629-277e656816a5/result,HTTPError('404 Client Error: Not Found for url: /api/pdf-parser/jobs/pdf-parse-88d4f760-10bf-4049-b629-277e656816a5/result'),1
GET,/api/pdf-parser/jobs/pdf-parse-09745528-087f-40b3-be3e-827e0722e6db/result,HTTPError('404 Client Error: Not Found for url: /api/pdf-parser/jobs/pdf-parse-09745528-087f-40b3-be3e-827e0722e6db/result'),4
GET,/api/pdf-parser/jobs/pdf-parse-e0f66b90-28a5-4db9-b0b2-e8d0db2d7897/result,HTTPError('404 Client Error: Not Found for url: /api/pdf-parser/jobs/pdf-parse-e0f66b90-28a5-4db9-b0b2-e8d0db2d7897/result'),1
GET,/api/pdf-parser/jobs/pdf-parse-22bf9a54-9328-4270-9110-5d10200cb9f4/result,HTTPError('404 Client Error: Not Found for url: /api/pdf-parser/jobs/pdf-parse-22bf9a54-9328-4270-9110-5d10200cb9f4/result'),2
GET,/api/pdf-parser/jobs/pdf-parse-04013ce3-d8e5-482e-84b2-c04107cdd823/result,HTTPError('404 Client Error: Not Found for url: /api/pdf-parser/jobs/pdf-parse-04013ce3-d8e5-482e-84b2-c04107cdd823/result'),2
GET,/api/pdf-parser/jobs/pdf-parse-28088d8c-1c95-4037-aa76-6c9a0c257d8c/result,HTTPError('404 Client Error: Not Found for url: /api/pdf-parser/jobs/pdf-parse-28088d8c-1c95-4037-aa76-6c9a0c257d8c/result'),4
GET,/api/pdf-parser/jobs/pdf-parse-eb9b5102-13f1-44b1-ac3a-cd043f043632/result,HTTPError('404 Client Error: Not Found for url: /api/pdf-parser/jobs/pdf-parse-eb9b5102-13f1-44b1-ac3a-cd043f043632/result'),4
GET,/api/pdf-parser/jobs/pdf-parse-7b01b536-cb72-468f-92a8-1aa5a63173f0/result,HTTPError('404 Client Error: Not Found for url: /api/pdf-parser/jobs/pdf-parse-7b01b536-cb72-468f-92a8-1aa5a63173f0/result'),4
GET,/api/pdf-parser/jobs/pdf-parse-fc546a2e-b66d-45f4-b949-cd774c039eca/result,HTTPError('404 Client Error: Not Found for url: /api/pdf-parser/jobs/pdf-parse-fc546a2e-b66d-45f4-b949-cd774c039eca/result'),2
GET,/api/pdf-parser/jobs/pdf-parse-676bb3c5-3a0f-489a-a116-65ab496b0450/result,HTTPError('404 Client Error: Not Found for url: /api/pdf-parser/jobs/pdf-parse-676bb3c5-3a0f-489a-a116-65ab496b0450/result'),2
GET,/api/pdf-parser/jobs/pdf-parse-99cb9a0a-be1b-4eb3-91bf-080ff370b69a/result,HTTPError('404 Client Error: Not Found for url: /api/pdf-parser/jobs/pdf-parse-99cb9a0a-be1b-4eb3-91bf-080ff370b69a/result'),1
GET,/api/pdf-parser/jobs/pdf-parse-63cf20da-03c6-4906-994f-98a1ed3338be/result,HTTPError('404 Client Error: Not Found for url: /api/pdf-parser/jobs/pdf-parse-63cf20da-03c6-4906-994f-98a1ed3338be/result'),3
GET,/api/pdf-parser/jobs/pdf-parse-81f8f926-9a93-4971-8d9a-5b2a62bc1678/result,HTTPError('404 Client Error: Not Found for url: /api/pdf-parser/jobs/pdf-parse-81f8f926-9a93-4971-8d9a-5b2a62bc1678/result'),1
GET,/api/pdf-parser/jobs/pdf-parse-abc2d4c0-c5a1-454f-a16d-44499f53db12/result,HTTPError('404 Client Error: Not Found for url: /api/pdf-parser/jobs/pdf-parse-abc2d4c0-c5a1-454f-a16d-44499f53db12/result'),1
GET,/api/pdf-parser/jobs/pdf-parse-ad889734-7f79-482e-9914-00c44faa1fbf/result,HTTPError('404 Client Error: Not Found for url: /api/pdf-parser/jobs/pdf-parse-ad889734-7f79-482e-9914-00c44faa1fbf/result'),1
GET,/api/pdf-parser/jobs/pdf-parse-e7c7ef7c-a89b-47ff-b54c-ba57beed3db0/result,HTTPError('404 Client Error: Not Found for url: /api/pdf-parser/jobs/pdf-parse-e7c7ef7c-a89b-47ff-b54c-ba57beed3db0/result'),2
GET,/api/pdf-parser/jobs/pdf-parse-f3b31a13-97b3-4012-b48a-37b4555ac806/result,HTTPError('404 Client Error: Not Found for url: /api/pdf-parser/jobs/pdf-parse-f3b31a13-97b3-4012-b48a-37b4555ac806/result'),2
GET,/api/pdf-parser/jobs/pdf-parse-adb43611-06c7-4c50-875e-f327d8528ef7/result,HTTPError('404 Client Error: Not Found for url: /api/pdf-parser/jobs/pdf-parse-adb43611-06c7-4c50-875e-f327d8528ef7/result'),2
GET,/api/pdf-parser/jobs/pdf-parse-245c78e2-524c-40dd-b61c-1ae9be054d44/result,HTTPError('404 Client Error: Not Found for url: /api/pdf-parser/jobs/pdf-parse-245c78e2-524c-40dd-b61c-1ae9be054d44/result'),1
GET,/api/pdf-parser/jobs/pdf-parse-c0ee93f9-be8c-4fac-88ce-655cdadc6fa8/result,HTTPError('404 Client Error: Not Found for url: /api/pdf-parser/jobs/pdf-parse-c0ee93f9-be8c-4fac-88ce-655cdadc6fa8/result'),1
GET,/api/pdf-parser/jobs/pdf-parse-555241c0-580b-4d0e-89e6-34200cf2375f/result,HTTPError('404 Client Error: Not Found for url: /api/pdf-parser/jobs/pdf-parse-555241c0-580b-4d0e-89e6-34200cf2375f/result'),3
GET,/api/pdf-parser/jobs/pdf-parse-891aff47-1537-4d79-9922-c52a3cd1017e/result,HTTPError('404 Client Error: Not Found for url: /api/pdf-parser/jobs/pdf-parse-891aff47-1537-4d79-9922-c52a3cd1017e/result'),2
GET,/api/pdf-parser/jobs/pdf-parse-bde08882-2242-4117-820c-3624ea4251c1/result,HTTPError('404 Client Error: Not Found for url: /api/pdf-parser/jobs/pdf-parse-bde08882-2242-4117-820c-3624ea4251c1/result'),2
GET,/api/pdf-parser/jobs/pdf-parse-c8ca26d4-52f7-4043-ad45-7f140b32ba1e/result,HTTPError('404 Client Error: Not Found for url: /api/pdf-parser/jobs/pdf-parse-c8ca26d4-52f7-4043-ad45-7f140b32ba1e/result'),1
GET,/api/pdf-parser/jobs/pdf-parse-534c5212-ee29-4e84-9f53-18cdc5cdd0ed/result,HTTPError('404 Client Error: Not Found for url: /api/pdf-parser/jobs/pdf-parse-534c5212-ee29-4e84-9f53-18cdc5cdd0ed/result'),1
GET,/api/pdf-parser/jobs/pdf-parse-d0c966e6-a631-4767-8d58-8b7f2f34cf46/result,HTTPError('404 Client Error: Not Found for url: /api/pdf-parser/jobs/pdf-parse-d0c966e6-a631-4767-8d58-8b7f2f34cf46/result'),2
GET,/api/pdf-parser/jobs/pdf-parse-0ac580ee-d528-4b26-a4a1-37edffb9e3b8/result,HTTPError('404 Client Error: Not Found for url: /api/pdf-parser/jobs/pdf-parse-0ac580ee-d528-4b26-a4a1-37edffb9e3b8/result'),1
GET,/api/pdf-parser/jobs/pdf-parse-cf855584-191b-437a-8827-e9314067383c/result,HTTPError('404 Client Error: Not Found for url: /api/pdf-parser/jobs/pdf-parse-cf855584-191b-437a-8827-e9314067383c/result'),4
GET,/api/pdf-parser/jobs/pdf-parse-9e8f73a4-e3e4-44d4-88a6-3ee2b762f7d5/result,HTTPError('404 Client Error: Not Found for url: /api/pdf-parser/jobs/pdf-parse-9e8f73a4-e3e4-44d4-88a6-3ee2b762f7d5/result'),2
GET,/api/pdf-parser/jobs/pdf-parse-f6e8d721-5fbd-44bb-97dd-e2b581287b44/result,HTTPError('404 Client Error: Not Found for url: /api/pdf-parser/jobs/pdf-parse-f6e8d721-5fbd-44bb-97dd-e2b581287b44/result'),2
GET,/api/pdf-parser/jobs/pdf-parse-efa7f028-5947-45c2-b5fc-5d4198dba960/result,HTTPError('404 Client Error: Not Found for url: /api/pdf-parser/jobs/pdf-parse-efa7f028-5947-45c2-b5fc-5d4198dba960/result'),1
GET,/api/pdf-parser/jobs/pdf-parse-a27452b6-719c-4b28-9ddc-000cff9c82b9/result,HTTPError('404 Client Error: Not Found for url: /api/pdf-parser/jobs/pdf-parse-a27452b6-719c-4b28-9ddc-000cff9c82b9/result'),1
GET,/api/pdf-parser/jobs/pdf-parse-c7539ec0-fd3c-49b8-8493-233867950588/result,HTTPError('404 Client Error: Not Found for url: /api/pdf-parser/jobs/pdf-parse-c7539ec0-fd3c-49b8-8493-233867950588/result'),3
GET,/api/pdf-parser/jobs/pdf-parse-2746d1c6-ea0e-47fa-b02e-af1d5ad5e971/result,HTTPError('404 Client Error: Not Found for url: /api/pdf-parser/jobs/pdf-parse-2746d1c6-ea0e-47fa-b02e-af1d5ad5e971/result'),3
GET,/api/pdf-parser/jobs/pdf-parse-dab2291e-e4a2-4ce4-9d81-e5fab1be6568/result,HTTPError('404 Client Error: Not Found for url: /api/pdf-parser/jobs/pdf-parse-dab2291e-e4a2-4ce4-9d81-e5fab1be6568/result'),2
GET,/api/pdf-parser/jobs/pdf-parse-585757ae-9d1c-4d43-88fb-c15fadb7fdfe/result,HTTPError('404 Client Error: Not Found for url: /api/pdf-parser/jobs/pdf-parse-585757ae-9d1c-4d43-88fb-c15fadb7fdfe/result'),1
GET,/api/pdf-parser/jobs/pdf-parse-93dca40e-a58a-46e0-a753-72b513c3317b/result,HTTPError('404 Client Error: Not Found for url: /api/pdf-parser/jobs/pdf-parse-93dca40e-a58a-46e0-a753-72b513c3317b/result'),2
GET,/api/pdf-parser/jobs/pdf-parse-3a9dd3ed-34bb-4a40-8339-bd4f56441375/result,HTTPError('404 Client Error: Not Found for url: /api/pdf-parser/jobs/pdf-parse-3a9dd3ed-34bb-4a40-8339-bd4f56441375/result'),4
GET,/api/pdf-parser/jobs/pdf-parse-78024f16-7238-4649-96be-51e52b2960eb/result,HTTPError('404 Client Error: Not Found for url: /api/pdf-parser/jobs/pdf-parse-78024f16-7238-4649-96be-51e52b2960eb/result'),2
GET,/api/pdf-parser/jobs/pdf-parse-0411b600-2c6d-46b1-b51f-253616ef83bf/result,HTTPError('404 Client Error: Not Found for url: /api/pdf-parser/jobs/pdf-parse-0411b600-2c6d-46b1-b51f-253616ef83bf/result'),2
GET,/api/pdf-parser/jobs/pdf-parse-a2d2efd2-d95e-4126-9cc2-0b79616d4872/result,HTTPError('404 Client Error: Not Found for url: /api/pdf-parser/jobs/pdf-parse-a2d2efd2-d95e-4126-9cc2-0b79616d4872/result'),1
GET,/api/pdf-parser/jobs/pdf-parse-4d7712f9-5b18-4cc0-9974-97b33170df50/result,HTTPError('404 Client Error: Not Found for url: /api/pdf-parser/jobs/pdf-parse-4d7712f9-5b18-4cc0-9974-97b33170df50/result'),1
GET,/api/pdf-parser/jobs/pdf-parse-e746a293-be85-4e51-a5d5-d052cb87b552/result,HTTPError('404 Client Error: Not Found for url: /api/pdf-parser/jobs/pdf-parse-e746a293-be85-4e51-a5d5-d052cb87b552/result'),1
GET,/api/pdf-parser/jobs/pdf-parse-7e5eacf5-9f30-4905-a976-e1be2699ae5c/result,HTTPError('404 Client Error: Not Found for url: /api/pdf-parser/jobs/pdf-parse-7e5eacf5-9f30-4905-a976-e1be2699ae5c/result'),4
GET,/api/pdf-parser/jobs/pdf-parse-e33a34b7-f0f4-4d66-a012-f47b1da8dc47/result,HTTPError('404 Client Error: Not Found for url: /api/pdf-parser/jobs/pdf-parse-e33a34b7-f0f4-4d66-a012-f47b1da8dc47/result'),1
GET,/api/pdf-parser/jobs/pdf-parse-c61301ea-e11d-4982-9a39-aea61961a07e/result,HTTPError('404 Client Error: Not Found for url: /api/pdf-parser/jobs/pdf-parse-c61301ea-e11d-4982-9a39-aea61961a07e/result'),1
GET,/api/pdf-parser/jobs/pdf-parse-758f0ff8-0053-4c24-8806-b51c2ec9308c/result,HTTPError('404 Client Error: Not Found for url: /api/pdf-parser/jobs/pdf-parse-758f0ff8-0053-4c24-8806-b51c2ec9308c/result'),1
GET,/api/pdf-parser/jobs/pdf-parse-c72d09ac-524a-4b03-9e7f-edaec91a0aba/result,HTTPError('404 Client Error: Not Found for url: /api/pdf-parser/jobs/pdf-parse-c72d09ac-524a-4b03-9e7f-edaec91a0aba/result'),5
GET,/api/pdf-parser/jobs/pdf-parse-7682cca4-cdd0-4605-8950-62aeb0e145a5/result,HTTPError('404 Client Error: Not Found for url: /api/pdf-parser/jobs/pdf-parse-7682cca4-cdd0-4605-8950-62aeb0e145a5/result'),1
GET,/api/pdf-parser/jobs/pdf-parse-e0a5f1cc-d239-408a-a86b-7f8ae942b1f8/result,HTTPError('404 Client Error: Not Found for url: /api/pdf-parser/jobs/pdf-parse-e0a5f1cc-d239-408a-a86b-7f8ae942b1f8/result'),2
GET,/api/pdf-parser/jobs/pdf-parse-e1c6d538-a0af-41a3-91f8-b8399e48e7ff/result,HTTPError('404 Client Error: Not Found for url: /api/pdf-parser/jobs/pdf-parse-e1c6d538-a0af-41a3-91f8-b8399e48e7ff/result'),1
GET,/api/pdf-parser/jobs/pdf-parse-012d24e2-bde1-4a3d-9592-ce7ffbcf341c/result,HTTPError('404 Client Error: Not Found for url: /api/pdf-parser/jobs/pdf-parse-012d24e2-bde1-4a3d-9592-ce7ffbcf341c/result'),1
GET,/api/pdf-parser/jobs/pdf-parse-819cffe2-da21-4ac0-821a-32c92a5386a2/result,HTTPError('404 Client Error: Not Found for url: /api/pdf-parser/jobs/pdf-parse-819cffe2-da21-4ac0-821a-32c92a5386a2/result'),1
GET,/api/pdf-parser/jobs/pdf-parse-c6d402ae-4cbd-4500-b14b-800893dd7f25/result,HTTPError('404 Client Error: Not Found for url: /api/pdf-parser/jobs/pdf-parse-c6d402ae-4cbd-4500-b14b-800893dd7f25/result'),2
GET,/api/pdf-parser/jobs/pdf-parse-641ce877-2463-42ba-9215-2c9864ead193/result,HTTPError('404 Client Error: Not Found for url: /api/pdf-parser/jobs/pdf-parse-641ce877-2463-42ba-9215-2c9864ead193/result'),1
GET,/api/pdf-parser/jobs/pdf-parse-d4a1ae07-f47a-488b-bcc7-8f1a5107792d/result,HTTPError('404 Client Error: Not Found for url: /api/pdf-parser/jobs/pdf-parse-d4a1ae07-f47a-488b-bcc7-8f1a5107792d/result'),1
GET,/api/pdf-parser/jobs/pdf-parse-c65723ab-17af-45c5-9296-68ee821d2447/result,HTTPError('404 Client Error: Not Found for url: /api/pdf-parser/jobs/pdf-parse-c65723ab-17af-45c5-9296-68ee821d2447/result'),2
GET,/api/pdf-parser/jobs/pdf-parse-4b9da168-fb6d-470c-bfe7-faa8c970b6d3/result,HTTPError('404 Client Error: Not Found for url: /api/pdf-parser/jobs/pdf-parse-4b9da168-fb6d-470c-bfe7-faa8c970b6d3/result'),1
GET,/api/pdf-parser/jobs/pdf-parse-c3445954-b56f-407a-b22f-16f639f10a3d/result,HTTPError('404 Client Error: Not Found for url: /api/pdf-parser/jobs/pdf-parse-c3445954-b56f-407a-b22f-16f639f10a3d/result'),1
GET,/api/pdf-parser/jobs/pdf-parse-c90bbfdf-1e10-4201-982f-795b12c0c805/result,HTTPError('404 Client Error: Not Found for url: /api/pdf-parser/jobs/pdf-parse-c90bbfdf-1e10-4201-982f-795b12c0c805/result'),1
GET,/api/pdf-parser/jobs/pdf-parse-a8d8549b-c38d-4366-8cd6-aad85b00a1c6/result,HTTPError('404 Client Error: Not Found for url: /api/pdf-parser/jobs/pdf-parse-a8d8549b-c38d-4366-8cd6-aad85b00a1c6/result'),1
GET,/api/pdf-parser/jobs/pdf-parse-031439bb-d22e-4d07-beb3-b944ba9032e3/result,HTTPError('404 Client Error: Not Found for url: /api/pdf-parser/jobs/pdf-parse-031439bb-d22e-4d07-beb3-b944ba9032e3/result'),1
GET,/api/pdf-parser/jobs/pdf-parse-89e51f03-78b5-4d33-9d0b-e94882a86619/result,HTTPError('404 Client Error: Not Found for url: /api/pdf-parser/jobs/pdf-parse-89e51f03-78b5-4d33-9d0b-e94882a86619/result'),1
GET,/api/pdf-parser/jobs/pdf-parse-b1211c5d-9c60-41b7-b4e4-6da6d257f46b/result,HTTPError('404 Client Error: Not Found for url: /api/pdf-parser/jobs/pdf-parse-b1211c5d-9c60-41b7-b4e4-6da6d257f46b/result'),1
GET,/api/pdf-parser/jobs/pdf-parse-18ef8061-4f37-4def-9b5f-734ad6472b71/result,HTTPError('404 Client Error: Not Found for url: /api/pdf-parser/jobs/pdf-parse-18ef8061-4f37-4def-9b5f-734ad6472b71/result'),5
GET,/api/pdf-parser/jobs/pdf-parse-5b70e774-ea57-458c-b500-c0ee72332026/result,HTTPError('404 Client Error: Not Found for url: /api/pdf-parser/jobs/pdf-parse-5b70e774-ea57-458c-b500-c0ee72332026/result'),2
GET,/api/pdf-parser/jobs/pdf-parse-9d1b31ab-eb60-4aa8-a9b8-4bd2be1e6540/result,HTTPError('404 Client Error: Not Found for url: /api/pdf-parser/jobs/pdf-parse-9d1b31ab-eb60-4aa8-a9b8-4bd2be1e6540/result'),1
GET,/api/pdf-parser/jobs/pdf-parse-c213bd25-a70a-43d1-a8a6-a8189484553b/result,HTTPError('404 Client Error: Not Found for url: /api/pdf-parser/jobs/pdf-parse-c213bd25-a70a-43d1-a8a6-a8189484553b/result'),1
GET,/api/pdf-parser/jobs/pdf-parse-2c0dbcdd-ac98-4beb-847b-cc8b6916414b/result,HTTPError('404 Client Error: Not Found for url: /api/pdf-parser/jobs/pdf-parse-2c0dbcdd-ac98-4beb-847b-cc8b6916414b/result'),1
GET,/api/pdf-parser/jobs/pdf-parse-b7963b99-58ee-4711-808d-71dd42c11857/result,HTTPError('404 Client Error: Not Found for url: /api/pdf-parser/jobs/pdf-parse-b7963b99-58ee-4711-808d-71dd42c11857/result'),1
GET,/api/pdf-parser/jobs/pdf-parse-6ff7bfbc-47fc-48ed-83fe-e58732ea05b3/result,HTTPError('404 Client Error: Not Found for url: /api/pdf-parser/jobs/pdf-parse-6ff7bfbc-47fc-48ed-83fe-e58732ea05b3/result'),3
GET,/api/pdf-parser/jobs/pdf-parse-23ca5552-196f-48e6-b0af-c966891c7ff9/result,HTTPError('404 Client Error: Not Found for url: /api/pdf-parser/jobs/pdf-parse-23ca5552-196f-48e6-b0af-c966891c7ff9/result'),1
GET,/api/pdf-parser/jobs/pdf-parse-7bc43da1-7f7c-443d-9965-53e90155227d/result,HTTPError('404 Client Error: Not Found for url: /api/pdf-parser/jobs/pdf-parse-7bc43da1-7f7c-443d-9965-53e90155227d/result'),4
GET,/api/pdf-parser/jobs/pdf-parse-6086345d-b5b0-4aa1-b95f-6908cc7a92e0/result,HTTPError('404 Client Error: Not Found for url: /api/pdf-parser/jobs/pdf-parse-6086345d-b5b0-4aa1-b95f-6908cc7a92e0/result'),3
GET,/api/pdf-parser/jobs/pdf-parse-792b6613-f137-45ff-835e-c24523ce2a6a/result,HTTPError('404 Client Error: Not Found for url: /api/pdf-parser/jobs/pdf-parse-792b6613-f137-45ff-835e-c24523ce2a6a/result'),1
GET,/api/pdf-parser/jobs/pdf-parse-8b5a85f6-149d-4d34-8847-99d2c0da0051/result,HTTPError('404 Client Error: Not Found for url: /api/pdf-parser/jobs/pdf-parse-8b5a85f6-149d-4d34-8847-99d2c0da0051/result'),2
GET,/api/pdf-parser/jobs/pdf-parse-63226678-a2b4-4fb8-82b0-e09288651f87/result,HTTPError('404 Client Error: Not Found for url: /api/pdf-parser/jobs/pdf-parse-63226678-a2b4-4fb8-82b0-e09288651f87/result'),1
GET,/api/pdf-parser/jobs/pdf-parse-c7dbc389-b37e-410a-a05e-a902e6cd016a/result,HTTPError('404 Client Error: Not Found for url: /api/pdf-parser/jobs/pdf-parse-c7dbc389-b37e-410a-a05e-a902e6cd016a/result'),4
GET,/api/pdf-parser/jobs/pdf-parse-8495d4ef-54bc-4e3c-9fd3-e9222e322f2d/result,HTTPError('404 Client Error: Not Found for url: /api/pdf-parser/jobs/pdf-parse-8495d4ef-54bc-4e3c-9fd3-e9222e322f2d/result'),4
GET,/api/pdf-parser/jobs/pdf-parse-1fd00431-196d-4ccc-a390-6a82fa2747d6/result,HTTPError('404 Client Error: Not Found for url: /api/pdf-parser/jobs/pdf-parse-1fd00431-196d-4ccc-a390-6a82fa2747d6/result'),1
GET,/api/pdf-parser/jobs/pdf-parse-5891f4c5-266d-44da-b5f7-949957424dbc/result,HTTPError('404 Client Error: Not Found for url: /api/pdf-parser/jobs/pdf-parse-5891f4c5-266d-44da-b5f7-949957424dbc/result'),1
GET,/api/pdf-parser/jobs/pdf-parse-fcf87455-5978-41f0-a786-3ceb59cd0393/result,HTTPError('404 Client Error: Not Found for url: /api/pdf-parser/jobs/pdf-parse-fcf87455-5978-41f0-a786-3ceb59cd0393/result'),3
GET,/api/pdf-parser/jobs/pdf-parse-8886930a-1037-4f40-b93f-6513db4e843f/result,HTTPError('404 Client Error: Not Found for url: /api/pdf-parser/jobs/pdf-parse-8886930a-1037-4f40-b93f-6513db4e843f/result'),2
GET,/api/pdf-parser/jobs/pdf-parse-b588a2b1-4cb1-489e-87cc-a8c20b3ee3b5/result,HTTPError('404 Client Error: Not Found for url: /api/pdf-parser/jobs/pdf-parse-b588a2b1-4cb1-489e-87cc-a8c20b3ee3b5/result'),3
GET,/api/pdf-parser/jobs/pdf-parse-6a178648-7609-4889-952c-448b7c8018cf/result,HTTPError('404 Client Error: Not Found for url: /api/pdf-parser/jobs/pdf-parse-6a178648-7609-4889-952c-448b7c8018cf/result'),1
GET,/api/pdf-parser/jobs/pdf-parse-7e718076-9d73-4036-a6b0-b650c97c22ac/result,HTTPError('404 Client Error: Not Found for url: /api/pdf-parser/jobs/pdf-parse-7e718076-9d73-4036-a6b0-b650c97c22ac/result'),3
GET,/api/pdf-parser/jobs/pdf-parse-2e02426f-d49f-460b-bcbc-62ce5324239f/result,HTTPError('404 Client Error: Not Found for url: /api/pdf-parser/jobs/pdf-parse-2e02426f-d49f-460b-bcbc-62ce5324239f/result'),1
GET,/api/pdf-parser/jobs/pdf-parse-c32b0231-e5c6-460e-a086-3ab9b3fb7265/result,HTTPError('404 Client Error: Not Found for url: /api/pdf-parser/jobs/pdf-parse-c32b0231-e5c6-460e-a086-3ab9b3fb7265/result'),1
GET,/api/pdf-parser/jobs/pdf-parse-05f6b3de-dd4b-419f-99b5-ff58d869d538/result,HTTPError('404 Client Error: Not Found for url: /api/pdf-parser/jobs/pdf-parse-05f6b3de-dd4b-419f-99b5-ff58d869d538/result'),1
GET,/api/pdf-parser/jobs/pdf-parse-d28ae899-9d91-43fd-912f-8da8c4040a9e/result,HTTPError('404 Client Error: Not Found for url: /api/pdf-parser/jobs/pdf-parse-d28ae899-9d91-43fd-912f-8da8c4040a9e/result'),1
GET,/api/pdf-parser/jobs/pdf-parse-b8608dec-99f0-4ca5-9fe1-76f0126fef8f/result,HTTPError('404 Client Error: Not Found for url: /api/pdf-parser/jobs/pdf-parse-b8608dec-99f0-4ca5-9fe1-76f0126fef8f/result'),2
GET,/api/pdf-parser/jobs/pdf-parse-d8f52d42-1028-480a-b9b0-07491eddfc41/result,HTTPError('404 Client Error: Not Found for url: /api/pdf-parser/jobs/pdf-parse-d8f52d42-1028-480a-b9b0-07491eddfc41/result'),3
GET,/api/pdf-parser/jobs/pdf-parse-a198da48-3104-4c67-9b9f-88e76a1fe089/result,HTTPError('404 Client Error: Not Found for url: /api/pdf-parser/jobs/pdf-parse-a198da48-3104-4c67-9b9f-88e76a1fe089/result'),1
GET,/api/pdf-parser/jobs/pdf-parse-45cff0ec-175f-4f4a-b16d-1737ce32a2dc/result,HTTPError('404 Client Error: Not Found for url: /api/pdf-parser/jobs/pdf-parse-45cff0ec-175f-4f4a-b16d-1737ce32a2dc/result'),3
GET,/api/pdf-parser/jobs/pdf-parse-11acc00a-508d-4feb-afd0-3637a96cdf11/result,HTTPError('404 Client Error: Not Found for url: /api/pdf-parser/jobs/pdf-parse-11acc00a-508d-4feb-afd0-3637a96cdf11/result'),2
GET,/api/pdf-parser/jobs/pdf-parse-76b5fa4d-0320-44f1-8581-098475edd2e0/result,HTTPError('404 Client Error: Not Found for url: /api/pdf-parser/jobs/pdf-parse-76b5fa4d-0320-44f1-8581-098475edd2e0/result'),1
GET,/api/pdf-parser/jobs/pdf-parse-5969a5ef-968f-4e34-bae3-4edf23e70c41/result,HTTPError('404 Client Error: Not Found for url: /api/pdf-parser/jobs/pdf-parse-5969a5ef-968f-4e34-bae3-4edf23e70c41/result'),1
GET,/api/pdf-parser/jobs/pdf-parse-c28da7e4-c012-4f00-99a8-1aa706470aac/result,HTTPError('404 Client Error: Not Found for url: /api/pdf-parser/jobs/pdf-parse-c28da7e4-c012-4f00-99a8-1aa706470aac/result'),1
GET,/api/pdf-parser/jobs/pdf-parse-e7f9a467-b701-4667-87e7-dfbaf2f1e825/result,HTTPError('404 Client Error: Not Found for url: /api/pdf-parser/jobs/pdf-parse-e7f9a467-b701-4667-87e7-dfbaf2f1e825/result'),2
GET,/api/pdf-parser/jobs/pdf-parse-1f7f6c52-3444-44c8-a69f-0b2ef8242189/result,HTTPError('404 Client Error: Not Found for url: /api/pdf-parser/jobs/pdf-parse-1f7f6c52-3444-44c8-a69f-0b2ef8242189/result'),1
GET,/api/pdf-parser/jobs/pdf-parse-181e2d08-e48b-4c36-a380-5f33f9b28dca/result,HTTPError('404 Client Error: Not Found for url: /api/pdf-parser/jobs/pdf-parse-181e2d08-e48b-4c36-a380-5f33f9b28dca/result'),4
GET,/api/pdf-parser/jobs/pdf-parse-6bd1ffd4-6016-4a7c-82d9-5f37df9cdd6c/result,HTTPError('404 Client Error: Not Found for url: /api/pdf-parser/jobs/pdf-parse-6bd1ffd4-6016-4a7c-82d9-5f37df9cdd6c/result'),1
GET,/api/pdf-parser/jobs/pdf-parse-f422e29e-c079-4e7d-996c-e13e7c858212/result,HTTPError('404 Client Error: Not Found for url: /api/pdf-parser/jobs/pdf-parse-f422e29e-c079-4e7d-996c-e13e7c858212/result'),2
GET,/api/pdf-parser/jobs/pdf-parse-de2a852b-b2c3-425d-b42c-712540965b7f/result,HTTPError('404 Client Error: Not Found for url: /api/pdf-parser/jobs/pdf-parse-de2a852b-b2c3-425d-b42c-712540965b7f/result'),2
GET,/api/pdf-parser/jobs/pdf-parse-de369f63-c182-406c-a5ba-146cc2b24915/result,HTTPError('404 Client Error: Not Found for url: /api/pdf-parser/jobs/pdf-parse-de369f63-c182-406c-a5ba-146cc2b24915/result'),1
GET,/api/pdf-parser/jobs/pdf-parse-dba3b4b2-c327-430a-8457-ad112350cddd/result,HTTPError('404 Client Error: Not Found for url: /api/pdf-parser/jobs/pdf-parse-dba3b4b2-c327-430a-8457-ad112350cddd/result'),3
GET,/api/pdf-parser/jobs/pdf-parse-743361cb-32ff-4511-ba27-245d54fd9238/result,HTTPError('404 Client Error: Not Found for url: /api/pdf-parser/jobs/pdf-parse-743361cb-32ff-4511-ba27-245d54fd9238/result'),1
GET,/api/pdf-parser/jobs/pdf-parse-b3cdc2f2-b8ca-498a-94e9-6148d3829e7d/result,HTTPError('404 Client Error: Not Found for url: /api/pdf-parser/jobs/pdf-parse-b3cdc2f2-b8ca-498a-94e9-6148d3829e7d/result'),1
GET,/api/pdf-parser/jobs/pdf-parse-e1e286c0-da96-4579-91cf-c2d32f933ce5/result,HTTPError('404 Client Error: Not Found for url: /api/pdf-parser/jobs/pdf-parse-e1e286c0-da96-4579-91cf-c2d32f933ce5/result'),3
GET,/api/pdf-parser/jobs/pdf-parse-624c5ad5-8d6e-44d7-aa39-4fb07055ae8e/result,HTTPError('404 Client Error: Not Found for url: /api/pdf-parser/jobs/pdf-parse-624c5ad5-8d6e-44d7-aa39-4fb07055ae8e/result'),2
GET,/api/pdf-parser/jobs/pdf-parse-b5d89e2e-43c9-427b-92bc-b30c23ed2c57/result,HTTPError('404 Client Error: Not Found for url: /api/pdf-parser/jobs/pdf-parse-b5d89e2e-43c9-427b-92bc-b30c23ed2c57/result'),1
GET,/api/pdf-parser/jobs/pdf-parse-49ab70f2-787c-43c8-b9e1-207a52fb4d3c/result,HTTPError('404 Client Error: Not Found for url: /api/pdf-parser/jobs/pdf-parse-49ab70f2-787c-43c8-b9e1-207a52fb4d3c/result'),1
GET,/api/pdf-parser/jobs/pdf-parse-b93d8061-4ce3-46dc-8386-515345c2ccf2/result,HTTPError('404 Client Error: Not Found for url: /api/pdf-parser/jobs/pdf-parse-b93d8061-4ce3-46dc-8386-515345c2ccf2/result'),2
GET,/api/pdf-parser/jobs/pdf-parse-24f173ad-6d66-455b-ae54-996b002828bc/result,HTTPError('404 Client Error: Not Found for url: /api/pdf-parser/jobs/pdf-parse-24f173ad-6d66-455b-ae54-996b002828bc/result'),1
GET,/api/pdf-parser/jobs/pdf-parse-45c405f2-24c1-414c-810e-9a136b788d93/result,HTTPError('404 Client Error: Not Found for url: /api/pdf-parser/jobs/pdf-parse-45c405f2-24c1-414c-810e-9a136b788d93/result'),4
GET,/api/pdf-parser/jobs/pdf-parse-f48dfa72-d6fb-4ac0-b368-7d27a2d870a2/result,HTTPError('404 Client Error: Not Found for url: /api/pdf-parser/jobs/pdf-parse-f48dfa72-d6fb-4ac0-b368-7d27a2d870a2/result'),1
GET,/api/pdf-parser/jobs/pdf-parse-642d585f-529f-4f42-956f-751b2e4682a5/result,HTTPError('404 Client Error: Not Found for url: /api/pdf-parser/jobs/pdf-parse-642d585f-529f-4f42-956f-751b2e4682a5/result'),3
GET,/api/pdf-parser/jobs/pdf-parse-92f8c71a-1ffe-49d8-916f-0162cbf939d6/result,HTTPError('404 Client Error: Not Found for url: /api/pdf-parser/jobs/pdf-parse-92f8c71a-1ffe-49d8-916f-0162cbf939d6/result'),2
GET,/api/pdf-parser/jobs/pdf-parse-26b7daf6-6583-4d67-b351-fa06959d2cb6/result,HTTPError('404 Client Error: Not Found for url: /api/pdf-parser/jobs/pdf-parse-26b7daf6-6583-4d67-b351-fa06959d2cb6/result'),2
GET,/api/pdf-parser/jobs/pdf-parse-fc596df8-ccc2-47c3-b638-d5cdb18dd246/result,HTTPError('404 Client Error: Not Found for url: /api/pdf-parser/jobs/pdf-parse-fc596df8-ccc2-47c3-b638-d5cdb18dd246/result'),4
GET,/api/pdf-parser/jobs/pdf-parse-c971de24-3829-4962-a40f-67bd922ac664/result,HTTPError('404 Client Error: Not Found for url: /api/pdf-parser/jobs/pdf-parse-c971de24-3829-4962-a40f-67bd922ac664/result'),1
GET,/api/pdf-parser/jobs/pdf-parse-6388d72b-92e6-4ca0-b4b6-43b07f7d02ec/result,HTTPError('404 Client Error: Not Found for url: /api/pdf-parser/jobs/pdf-parse-6388d72b-92e6-4ca0-b4b6-43b07f7d02ec/result'),1
GET,/api/pdf-parser/jobs/pdf-parse-4a1af094-ff5b-4d6a-9f21-6594b34d6fed/result,HTTPError('404 Client Error: Not Found for url: /api/pdf-parser/jobs/pdf-parse-4a1af094-ff5b-4d6a-9f21-6594b34d6fed/result'),1
GET,/api/pdf-parser/jobs/pdf-parse-f908cab4-3992-4914-8dc9-c78d40d717e2/result,HTTPError('404 Client Error: Not Found for url: /api/pdf-parser/jobs/pdf-parse-f908cab4-3992-4914-8dc9-c78d40d717e2/result'),4
GET,/api/pdf-parser/jobs/pdf-parse-4beecf3e-8987-47bb-9c61-90e11d3dc1fb/result,HTTPError('404 Client Error: Not Found for url: /api/pdf-parser/jobs/pdf-parse-4beecf3e-8987-47bb-9c61-90e11d3dc1fb/result'),1
GET,/api/pdf-parser/jobs/pdf-parse-47d9b433-90b9-4dc9-bc0f-a888a776242b/result,HTTPError('404 Client Error: Not Found for url: /api/pdf-parser/jobs/pdf-parse-47d9b433-90b9-4dc9-bc0f-a888a776242b/result'),1
GET,/api/pdf-parser/jobs/pdf-parse-7447cb48-85d1-43ec-b451-61ff596ea2f3/result,HTTPError('404 Client Error: Not Found for url: /api/pdf-parser/jobs/pdf-parse-7447cb48-85d1-43ec-b451-61ff596ea2f3/result'),1
GET,/api/pdf-parser/jobs/pdf-parse-1eda4726-995b-4885-89f4-2f65448a7031/result,HTTPError('404 Client Error: Not Found for url: /api/pdf-parser/jobs/pdf-parse-1eda4726-995b-4885-89f4-2f65448a7031/result'),1
GET,/api/pdf-parser/jobs/pdf-parse-8eb43cfc-144f-425b-8d5b-627d57910f15/result,HTTPError('404 Client Error: Not Found for url: /api/pdf-parser/jobs/pdf-parse-8eb43cfc-144f-425b-8d5b-627d57910f15/result'),1
GET,/api/pdf-parser/jobs/pdf-parse-e8eb717a-2347-44e9-bf3f-e8219ba5af1d/result,HTTPError('404 Client Error: Not Found for url: /api/pdf-parser/jobs/pdf-parse-e8eb717a-2347-44e9-bf3f-e8219ba5af1d/result'),2
GET,/api/pdf-parser/jobs/pdf-parse-9794b66c-cfd5-4ffa-8a0c-45741389f7f8/result,HTTPError('404 Client Error: Not Found for url: /api/pdf-parser/jobs/pdf-parse-9794b66c-cfd5-4ffa-8a0c-45741389f7f8/result'),2
GET,/api/pdf-parser/jobs/pdf-parse-5659cc54-d9c8-4050-ae93-f71cff12a5e1/result,HTTPError('404 Client Error: Not Found for url: /api/pdf-parser/jobs/pdf-parse-5659cc54-d9c8-4050-ae93-f71cff12a5e1/result'),1
GET,/api/pdf-parser/jobs/pdf-parse-722c6f0f-44a0-47bc-a873-88acb1fa3675/result,HTTPError('404 Client Error: Not Found for url: /api/pdf-parser/jobs/pdf-parse-722c6f0f-44a0-47bc-a873-88acb1fa3675/result'),1
GET,/api/pdf-parser/jobs/pdf-parse-41e2c6ad-244e-4509-8db3-a0793d0e62d6/result,HTTPError('404 Client Error: Not Found for url: /api/pdf-parser/jobs/pdf-parse-41e2c6ad-244e-4509-8db3-a0793d0e62d6/result'),2
GET,/api/pdf-parser/jobs/pdf-parse-aa63339c-081d-48aa-9b31-9ce384200eeb/result,HTTPError('404 Client Error: Not Found for url: /api/pdf-parser/jobs/pdf-parse-aa63339c-081d-48aa-9b31-9ce384200eeb/result'),2
GET,/api/pdf-parser/jobs/pdf-parse-11fcddc6-5eb6-434d-8ea4-2807b4b17942/result,HTTPError('404 Client Error: Not Found for url: /api/pdf-parser/jobs/pdf-parse-11fcddc6-5eb6-434d-8ea4-2807b4b17942/result'),3
GET,/api/pdf-parser/jobs/pdf-parse-77e2f63a-6452-451e-84a0-7d6b249530ee/result,HTTPError('404 Client Error: Not Found for url: /api/pdf-parser/jobs/pdf-parse-77e2f63a-6452-451e-84a0-7d6b249530ee/result'),1
GET,/api/pdf-parser/jobs/pdf-parse-ff192a58-dba0-47c6-a2de-752f97539eaa/result,HTTPError('404 Client Error: Not Found for url: /api/pdf-parser/jobs/pdf-parse-ff192a58-dba0-47c6-a2de-752f97539eaa/result'),1
GET,/api/pdf-parser/jobs/pdf-parse-fcd5da6c-1118-45c6-85ff-74bbd62b9598/result,HTTPError('404 Client Error: Not Found for url: /api/pdf-parser/jobs/pdf-parse-fcd5da6c-1118-45c6-85ff-74bbd62b9598/result'),2
GET,/api/pdf-parser/jobs/pdf-parse-81657a22-f97b-4b01-8a8d-f94c921a86b5/result,HTTPError('404 Client Error: Not Found for url: /api/pdf-parser/jobs/pdf-parse-81657a22-f97b-4b01-8a8d-f94c921a86b5/result'),2
GET,/api/pdf-parser/jobs/pdf-parse-b125b6ec-2f75-4778-9523-cd13fbd8012c/result,HTTPError('404 Client Error: Not Found for url: /api/pdf-parser/jobs/pdf-parse-b125b6ec-2f75-4778-9523-cd13fbd8012c/result'),1
GET,/api/pdf-parser/jobs/pdf-parse-69c06f12-71b3-48ca-b723-97d238936c6d/result,HTTPError('404 Client Error: Not Found for url: /api/pdf-parser/jobs/pdf-parse-69c06f12-71b3-48ca-b723-97d238936c6d/result'),2
GET,/api/pdf-parser/jobs/pdf-parse-782d2f8a-7480-4c35-a385-d14a27ce8b82/result,HTTPError('404 Client Error: Not Found for url: /api/pdf-parser/jobs/pdf-parse-782d2f8a-7480-4c35-a385-d14a27ce8b82/result'),1
GET,/api/pdf-parser/jobs/pdf-parse-bdc6e8ee-01e6-405c-a016-667a16bf615d/result,HTTPError('404 Client Error: Not Found for url: /api/pdf-parser/jobs/pdf-parse-bdc6e8ee-01e6-405c-a016-667a16bf615d/result'),1
GET,/api/pdf-parser/jobs/pdf-parse-699b3823-27c6-4deb-95a3-0bb2ca8767b7/result,HTTPError('404 Client Error: Not Found for url: /api/pdf-parser/jobs/pdf-parse-699b3823-27c6-4deb-95a3-0bb2ca8767b7/result'),1
GET,/api/pdf-parser/jobs/pdf-parse-44b0469f-275f-4a75-a926-ea7ed7a06427/result,HTTPError('404 Client Error: Not Found for url: /api/pdf-parser/jobs/pdf-parse-44b0469f-275f-4a75-a926-ea7ed7a06427/result'),1
GET,/api/pdf-parser/jobs/pdf-parse-5320c3b5-cba4-41ae-9366-a935dd6721e5/result,HTTPError('404 Client Error: Not Found for url: /api/pdf-parser/jobs/pdf-parse-5320c3b5-cba4-41ae-9366-a935dd6721e5/result'),2
GET,/api/pdf-parser/jobs/pdf-parse-e3afc259-e195-41a3-bf1c-01825908573f/result,HTTPError('404 Client Error: Not Found for url: /api/pdf-parser/jobs/pdf-parse-e3afc259-e195-41a3-bf1c-01825908573f/result'),2
GET,/api/pdf-parser/jobs/pdf-parse-f6ba3984-2561-4e20-948e-b3d3fe21fa58/result,HTTPError('404 Client Error: Not Found for url: /api/pdf-parser/jobs/pdf-parse-f6ba3984-2561-4e20-948e-b3d3fe21fa58/result'),3
GET,/api/pdf-parser/jobs/pdf-parse-da317950-b4bd-4c66-b4cb-747919bc6cb2/result,HTTPError('404 Client Error: Not Found for url: /api/pdf-parser/jobs/pdf-parse-da317950-b4bd-4c66-b4cb-747919bc6cb2/result'),5
GET,/api/pdf-parser/jobs/pdf-parse-deabf725-a28a-4811-927a-e9cd665924c1/result,HTTPError('404 Client Error: Not Found for url: /api/pdf-parser/jobs/pdf-parse-deabf725-a28a-4811-927a-e9cd665924c1/result'),1
GET,/api/pdf-parser/jobs/pdf-parse-bb17d501-6fd5-4f9c-bd1b-f0a3d7b53721/result,HTTPError('404 Client Error: Not Found for url: /api/pdf-parser/jobs/pdf-parse-bb17d501-6fd5-4f9c-bd1b-f0a3d7b53721/result'),2
GET,/api/pdf-parser/jobs/pdf-parse-6ecd75da-dd55-4427-b867-6e6195aafcb7/result,HTTPError('404 Client Error: Not Found for url: /api/pdf-parser/jobs/pdf-parse-6ecd75da-dd55-4427-b867-6e6195aafcb7/result'),1
GET,/api/pdf-parser/jobs/pdf-parse-54ef3d25-464c-4e46-b03b-2b314a2db25e/result,HTTPError('404 Client Error: Not Found for url: /api/pdf-parser/jobs/pdf-parse-54ef3d25-464c-4e46-b03b-2b314a2db25e/result'),1
GET,/api/pdf-parser/jobs/pdf-parse-68c8ece6-6137-40bc-89ae-e325e8b3777d/result,HTTPError('404 Client Error: Not Found for url: /api/pdf-parser/jobs/pdf-parse-68c8ece6-6137-40bc-89ae-e325e8b3777d/result'),1
GET,/api/pdf-parser/jobs/pdf-parse-9a2ec335-cb07-4fa1-9a01-299cd39a4bac/result,HTTPError('404 Client Error: Not Found for url: /api/pdf-parser/jobs/pdf-parse-9a2ec335-cb07-4fa1-9a01-299cd39a4bac/result'),7
GET,/api/pdf-parser/jobs/pdf-parse-bbb44e55-c8f9-4d20-86ed-9a21c21a5d1d/result,HTTPError('404 Client Error: Not Found for url: /api/pdf-parser/jobs/pdf-parse-bbb44e55-c8f9-4d20-86ed-9a21c21a5d1d/result'),2
GET,/api/pdf-parser/jobs/pdf-parse-1ef6bdb3-9896-413b-bb5f-71f13458f2b6/result,HTTPError('404 Client Error: Not Found for url: /api/pdf-parser/jobs/pdf-parse-1ef6bdb3-9896-413b-bb5f-71f13458f2b6/result'),1
GET,/api/pdf-parser/jobs/pdf-parse-a2ce458c-1061-45a8-ab90-260b9ef78e2b/result,HTTPError('404 Client Error: Not Found for url: /api/pdf-parser/jobs/pdf-parse-a2ce458c-1061-45a8-ab90-260b9ef78e2b/result'),1
GET,/api/pdf-parser/jobs/pdf-parse-4969262d-c7f6-4ecd-a9d8-382e8a93abbc/result,HTTPError('404 Client Error: Not Found for url: /api/pdf-parser/jobs/pdf-parse-4969262d-c7f6-4ecd-a9d8-382e8a93abbc/result'),1
GET,/api/pdf-parser/jobs/pdf-parse-00c9bf82-54a1-4ca3-86c1-a39bc831debf/result,HTTPError('404 Client Error: Not Found for url: /api/pdf-parser/jobs/pdf-parse-00c9bf82-54a1-4ca3-86c1-a39bc831debf/result'),1
GET,/api/pdf-parser/jobs/pdf-parse-4b030cbf-48f3-46e9-9b39-bc8bd12ca45d/result,HTTPError('404 Client Error: Not Found for url: /api/pdf-parser/jobs/pdf-parse-4b030cbf-48f3-46e9-9b39-bc8bd12ca45d/result'),1
GET,/api/pdf-parser/jobs/pdf-parse-570137f6-e2fd-4080-a1c5-b286ea3b67ff/result,HTTPError('404 Client Error: Not Found for url: /api/pdf-parser/jobs/pdf-parse-570137f6-e2fd-4080-a1c5-b286ea3b67ff/result'),1
GET,/api/pdf-parser/jobs/pdf-parse-5e0debfa-5c8a-4987-8043-77f01970a8d3/result,HTTPError('404 Client Error: Not Found for url: /api/pdf-parser/jobs/pdf-parse-5e0debfa-5c8a-4987-8043-77f01970a8d3/result'),1
GET,/api/pdf-parser/jobs/pdf-parse-7232205f-c74a-44c6-b2b0-c5c71f15a449/result,HTTPError('404 Client Error: Not Found for url: /api/pdf-parser/jobs/pdf-parse-7232205f-c74a-44c6-b2b0-c5c71f15a449/result'),1
GET,/api/pdf-parser/jobs/pdf-parse-6e2131e1-ce2d-46a3-8d7f-cb8ce85b314f/result,HTTPError('404 Client Error: Not Found for url: /api/pdf-parser/jobs/pdf-parse-6e2131e1-ce2d-46a3-8d7f-cb8ce85b314f/result'),1
GET,/api/pdf-parser/jobs/pdf-parse-b9495aa0-a0ff-4a83-8c23-3b38d8756088/result,HTTPError('404 Client Error: Not Found for url: /api/pdf-parser/jobs/pdf-parse-b9495aa0-a0ff-4a83-8c23-3b38d8756088/result'),1
GET,/api/pdf-parser/jobs/pdf-parse-7d43ca12-194a-4d5b-b856-1d9b158d9d78/result,HTTPError('404 Client Error: Not Found for url: /api/pdf-parser/jobs/pdf-parse-7d43ca12-194a-4d5b-b856-1d9b158d9d78/result'),1
GET,/api/pdf-parser/jobs/pdf-parse-0acea44d-89c6-40f7-b32f-1e166b3d97ef/result,HTTPError('404 Client Error: Not Found for url: /api/pdf-parser/jobs/pdf-parse-0acea44d-89c6-40f7-b32f-1e166b3d97ef/result'),1
GET,/api/pdf-parser/jobs/pdf-parse-7ddd35b7-e8f6-4e29-a05b-ae7164e86446/result,HTTPError('404 Client Error: Not Found for url: /api/pdf-parser/jobs/pdf-parse-7ddd35b7-e8f6-4e29-a05b-ae7164e86446/result'),4
GET,/api/pdf-parser/jobs/pdf-parse-0e34d78e-3efe-42fd-9551-37b28f2b0379/result,HTTPError('404 Client Error: Not Found for url: /api/pdf-parser/jobs/pdf-parse-0e34d78e-3efe-42fd-9551-37b28f2b0379/result'),1
GET,/api/pdf-parser/jobs/pdf-parse-44de5098-84fc-42ff-9f00-35c228ad9d6b/result,HTTPError('404 Client Error: Not Found for url: /api/pdf-parser/jobs/pdf-parse-44de5098-84fc-42ff-9f00-35c228ad9d6b/result'),1
GET,/api/pdf-parser/jobs/pdf-parse-28ebd1f5-c104-49a4-9106-5accc687bc1e/result,HTTPError('404 Client Error: Not Found for url: /api/pdf-parser/jobs/pdf-parse-28ebd1f5-c104-49a4-9106-5accc687bc1e/result'),1
GET,/api/pdf-parser/jobs/pdf-parse-51d1c446-7284-47ab-83bd-fda96caaba87/result,HTTPError('404 Client Error: Not Found for url: /api/pdf-parser/jobs/pdf-parse-51d1c446-7284-47ab-83bd-fda96caaba87/result'),2
GET,/api/pdf-parser/jobs/pdf-parse-b54dc360-3283-4163-99d6-c69c666a1571/result,HTTPError('404 Client Error: Not Found for url: /api/pdf-parser/jobs/pdf-parse-b54dc360-3283-4163-99d6-c69c666a1571/result'),1
GET,/api/pdf-parser/jobs/pdf-parse-46847ea0-184e-499e-9006-6c48c7ad826e/result,HTTPError('404 Client Error: Not Found for url: /api/pdf-parser/jobs/pdf-parse-46847ea0-184e-499e-9006-6c48c7ad826e/result'),2
GET,/api/pdf-parser/jobs/pdf-parse-f48f7605-da05-446a-9ba6-dfe5983f4722/result,HTTPError('404 Client Error: Not Found for url: /api/pdf-parser/jobs/pdf-parse-f48f7605-da05-446a-9ba6-dfe5983f4722/result'),1
GET,/api/pdf-parser/jobs/pdf-parse-c2a2875d-7e07-4d80-9015-a039784cd8e5/result,HTTPError('404 Client Error: Not Found for url: /api/pdf-parser/jobs/pdf-parse-c2a2875d-7e07-4d80-9015-a039784cd8e5/result'),5
GET,/api/pdf-parser/jobs/pdf-parse-926ed656-4c2d-4fb3-9852-02dc6bb66238/result,HTTPError('404 Client Error: Not Found for url: /api/pdf-parser/jobs/pdf-parse-926ed656-4c2d-4fb3-9852-02dc6bb66238/result'),5
GET,/api/pdf-parser/jobs/pdf-parse-0988a27a-8a65-4caf-8c1d-c12d538f328f/result,HTTPError('404 Client Error: Not Found for url: /api/pdf-parser/jobs/pdf-parse-0988a27a-8a65-4caf-8c1d-c12d538f328f/result'),1
GET,/api/pdf-parser/jobs/pdf-parse-b6074de9-ebf6-413b-9d75-0e6d61f39b11/result,HTTPError('404 Client Error: Not Found for url: /api/pdf-parser/jobs/pdf-parse-b6074de9-ebf6-413b-9d75-0e6d61f39b11/result'),1
GET,/api/pdf-parser/jobs/pdf-parse-f0df7741-cdfe-44ca-a770-c580a1117b95/result,HTTPError('404 Client Error: Not Found for url: /api/pdf-parser/jobs/pdf-parse-f0df7741-cdfe-44ca-a770-c580a1117b95/result'),1
GET,/api/pdf-parser/jobs/pdf-parse-6cac7935-58e6-492f-a486-406e588e1712/result,HTTPError('404 Client Error: Not Found for url: /api/pdf-parser/jobs/pdf-parse-6cac7935-58e6-492f-a486-406e588e1712/result'),2
GET,/api/pdf-parser/jobs/pdf-parse-5ba73372-0403-4648-922a-aa8f9015e2b5/result,HTTPError('404 Client Error: Not Found for url: /api/pdf-parser/jobs/pdf-parse-5ba73372-0403-4648-922a-aa8f9015e2b5/result'),2
GET,/api/pdf-parser/jobs/pdf-parse-1e0072bc-129e-4ab9-88ac-b10ed50ed292/result,HTTPError('404 Client Error: Not Found for url: /api/pdf-parser/jobs/pdf-parse-1e0072bc-129e-4ab9-88ac-b10ed50ed292/result'),1
GET,/api/pdf-parser/jobs/pdf-parse-e5af9b99-609d-486d-ab4d-f261279d701d/result,HTTPError('404 Client Error: Not Found for url: /api/pdf-parser/jobs/pdf-parse-e5af9b99-609d-486d-ab4d-f261279d701d/result'),3
GET,/api/pdf-parser/jobs/pdf-parse-830f5831-7251-4b13-a5d3-466a8216c4f8/result,HTTPError('404 Client Error: Not Found for url: /api/pdf-parser/jobs/pdf-parse-830f5831-7251-4b13-a5d3-466a8216c4f8/result'),2
GET,/api/pdf-parser/jobs/pdf-parse-680c4f56-2270-4c3b-8d76-933091b42c1e/result,HTTPError('404 Client Error: Not Found for url: /api/pdf-parser/jobs/pdf-parse-680c4f56-2270-4c3b-8d76-933091b42c1e/result'),1
GET,/api/pdf-parser/jobs/pdf-parse-14f780d2-0ec2-451f-9fb6-88d320217935/result,HTTPError('404 Client Error: Not Found for url: /api/pdf-parser/jobs/pdf-parse-14f780d2-0ec2-451f-9fb6-88d320217935/result'),2
GET,/api/pdf-parser/jobs/pdf-parse-728a3d47-6c5e-432b-b96c-66dff731dd24/result,HTTPError('404 Client Error: Not Found for url: /api/pdf-parser/jobs/pdf-parse-728a3d47-6c5e-432b-b96c-66dff731dd24/result'),2
GET,/api/pdf-parser/jobs/pdf-parse-8d17246a-218c-4852-94a6-834f26062a36/result,HTTPError('404 Client Error: Not Found for url: /api/pdf-parser/jobs/pdf-parse-8d17246a-218c-4852-94a6-834f26062a36/result'),2
GET,/api/pdf-parser/jobs/pdf-parse-d5adf34c-1f9f-4d7a-8a30-dbae7c5d2c69/result,HTTPError('404 Client Error: Not Found for url: /api/pdf-parser/jobs/pdf-parse-d5adf34c-1f9f-4d7a-8a30-dbae7c5d2c69/result'),1
GET,/api/pdf-parser/jobs/pdf-parse-b8e7d533-3296-44ef-97d7-4ab32cf8cfb5/result,HTTPError('404 Client Error: Not Found for url: /api/pdf-parser/jobs/pdf-parse-b8e7d533-3296-44ef-97d7-4ab32cf8cfb5/result'),1
GET,/api/pdf-parser/jobs/pdf-parse-c75edb2a-1b5d-4fa2-9af9-8df2ea0031c2/result,HTTPError('404 Client Error: Not Found for url: /api/pdf-parser/jobs/pdf-parse-c75edb2a-1b5d-4fa2-9af9-8df2ea0031c2/result'),6
GET,/api/pdf-parser/jobs/pdf-parse-ee91a99f-d3a3-4df4-9bc7-9d364db09ebc/result,HTTPError('404 Client Error: Not Found for url: /api/pdf-parser/jobs/pdf-parse-ee91a99f-d3a3-4df4-9bc7-9d364db09ebc/result'),1
GET,/api/pdf-parser/jobs/pdf-parse-c475c772-f4ac-4d3c-80b4-af1aa29a7a15/result,HTTPError('404 Client Error: Not Found for url: /api/pdf-parser/jobs/pdf-parse-c475c772-f4ac-4d3c-80b4-af1aa29a7a15/result'),2
GET,/api/pdf-parser/jobs/pdf-parse-1b50ab43-90b0-4e6d-ac66-6ec562290570/result,HTTPError('404 Client Error: Not Found for url: /api/pdf-parser/jobs/pdf-parse-1b50ab43-90b0-4e6d-ac66-6ec562290570/result'),1
GET,/api/pdf-parser/jobs/pdf-parse-bbc6d491-6805-4fcd-b4f1-ab67e00c46c9/result,HTTPError('404 Client Error: Not Found for url: /api/pdf-parser/jobs/pdf-parse-bbc6d491-6805-4fcd-b4f1-ab67e00c46c9/result'),2
GET,/api/pdf-parser/jobs/pdf-parse-8eeb6dc9-2566-4024-8585-e2bc261e0286/result,HTTPError('404 Client Error: Not Found for url: /api/pdf-parser/jobs/pdf-parse-8eeb6dc9-2566-4024-8585-e2bc261e0286/result'),2
GET,/api/pdf-parser/jobs/pdf-parse-090abce5-1398-4666-92e5-5463467f05c3/result,HTTPError('404 Client Error: Not Found for url: /api/pdf-parser/jobs/pdf-parse-090abce5-1398-4666-92e5-5463467f05c3/result'),2
GET,/api/pdf-parser/jobs/pdf-parse-7172cc55-e0d5-4a12-b828-ba5e461b1921/result,HTTPError('404 Client Error: Not Found for url: /api/pdf-parser/jobs/pdf-parse-7172cc55-e0d5-4a12-b828-ba5e461b1921/result'),1
GET,/api/pdf-parser/jobs/pdf-parse-55fbc191-374c-42a6-9e0b-69f7c56c127d/result,HTTPError('404 Client Error: Not Found for url: /api/pdf-parser/jobs/pdf-parse-55fbc191-374c-42a6-9e0b-69f7c56c127d/result'),1
GET,/api/pdf-parser/jobs/pdf-parse-c23082f7-c8e0-47fc-990e-cb3ea4a07413/result,HTTPError('404 Client Error: Not Found for url: /api/pdf-parser/jobs/pdf-parse-c23082f7-c8e0-47fc-990e-cb3ea4a07413/result'),1
GET,/api/pdf-parser/jobs/pdf-parse-e557b792-ef89-4198-afbe-10de7c64fe29/result,HTTPError('404 Client Error: Not Found for url: /api/pdf-parser/jobs/pdf-parse-e557b792-ef89-4198-afbe-10de7c64fe29/result'),2
GET,/api/pdf-parser/jobs/pdf-parse-1dc26078-02e5-41c8-8ee6-b1e837b74991/result,HTTPError('404 Client Error: Not Found for url: /api/pdf-parser/jobs/pdf-parse-1dc26078-02e5-41c8-8ee6-b1e837b74991/result'),2
GET,/api/pdf-parser/jobs/pdf-parse-c5236d88-3c8c-4c35-b039-d222dfab6a42/result,HTTPError('404 Client Error: Not Found for url: /api/pdf-parser/jobs/pdf-parse-c5236d88-3c8c-4c35-b039-d222dfab6a42/result'),4
GET,/api/pdf-parser/jobs/pdf-parse-f098a6d6-bfee-4dc0-b09e-27f8055102a6/result,HTTPError('404 Client Error: Not Found for url: /api/pdf-parser/jobs/pdf-parse-f098a6d6-bfee-4dc0-b09e-27f8055102a6/result'),4
GET,/api/pdf-parser/jobs/pdf-parse-0bbcd619-cdf1-4b40-9cbb-bd0f723e1360/result,HTTPError('404 Client Error: Not Found for url: /api/pdf-parser/jobs/pdf-parse-0bbcd619-cdf1-4b40-9cbb-bd0f723e1360/result'),1
GET,/api/pdf-parser/jobs/pdf-parse-cacc528c-5abf-4b17-a6bc-dd9818b9dcac/result,HTTPError('404 Client Error: Not Found for url: /api/pdf-parser/jobs/pdf-parse-cacc528c-5abf-4b17-a6bc-dd9818b9dcac/result'),1
GET,/api/pdf-parser/jobs/pdf-parse-6b2807e5-53cc-490f-8651-c0b6c0d78731/result,HTTPError('404 Client Error: Not Found for url: /api/pdf-parser/jobs/pdf-parse-6b2807e5-53cc-490f-8651-c0b6c0d78731/result'),1
GET,/api/pdf-parser/jobs/pdf-parse-96e7cb07-1d64-4111-9ae2-ca274b4eaae1/result,HTTPError('404 Client Error: Not Found for url: /api/pdf-parser/jobs/pdf-parse-96e7cb07-1d64-4111-9ae2-ca274b4eaae1/result'),1
GET,/api/pdf-parser/jobs/pdf-parse-9da5c4dc-a6c4-46eb-a1c5-c5c394641fa0/result,HTTPError('404 Client Error: Not Found for url: /api/pdf-parser/jobs/pdf-parse-9da5c4dc-a6c4-46eb-a1c5-c5c394641fa0/result'),1
GET,/api/pdf-parser/jobs/pdf-parse-8d50cb35-8c40-406c-81c4-e70af6fdd636/result,HTTPError('404 Client Error: Not Found for url: /api/pdf-parser/jobs/pdf-parse-8d50cb35-8c40-406c-81c4-e70af6fdd636/result'),1
GET,/api/pdf-parser/jobs/pdf-parse-9c54865d-d24d-4669-a9de-7ed38ddfe460/result,HTTPError('404 Client Error: Not Found for url: /api/pdf-parser/jobs/pdf-parse-9c54865d-d24d-4669-a9de-7ed38ddfe460/result'),1
GET,/api/pdf-parser/jobs/pdf-parse-c11358c2-48f7-4275-be49-d1f972cee4c1/result,HTTPError('404 Client Error: Not Found for url: /api/pdf-parser/jobs/pdf-parse-c11358c2-48f7-4275-be49-d1f972cee4c1/result'),1
GET,/api/pdf-parser/jobs/pdf-parse-43f77f13-4f3e-47db-b6a1-02224121ccb1/result,HTTPError('404 Client Error: Not Found for url: /api/pdf-parser/jobs/pdf-parse-43f77f13-4f3e-47db-b6a1-02224121ccb1/result'),4
GET,/api/pdf-parser/jobs/pdf-parse-51b93add-cff9-410c-8c0f-94866493ed7a/result,HTTPError('404 Client Error: Not Found for url: /api/pdf-parser/jobs/pdf-parse-51b93add-cff9-410c-8c0f-94866493ed7a/result'),1
GET,/api/pdf-parser/jobs/pdf-parse-a8bb1831-9149-48c0-b883-c1558617638d/result,HTTPError('404 Client Error: Not Found for url: /api/pdf-parser/jobs/pdf-parse-a8bb1831-9149-48c0-b883-c1558617638d/result'),2
GET,/api/pdf-parser/jobs/pdf-parse-c67e4d89-0a34-496e-b5fb-411a63d19656/result,HTTPError('404 Client Error: Not Found for url: /api/pdf-parser/jobs/pdf-parse-c67e4d89-0a34-496e-b5fb-411a63d19656/result'),2
GET,/api/pdf-parser/jobs/pdf-parse-06f7e6c0-4b8a-4e93-a5ed-8c6f09c754bd/result,HTTPError('404 Client Error: Not Found for url: /api/pdf-parser/jobs/pdf-parse-06f7e6c0-4b8a-4e93-a5ed-8c6f09c754bd/result'),1
GET,/api/pdf-parser/jobs/pdf-parse-894ebad8-26c7-4f44-a7c7-10f72066897e/result,HTTPError('404 Client Error: Not Found for url: /api/pdf-parser/jobs/pdf-parse-894ebad8-26c7-4f44-a7c7-10f72066897e/result'),3
GET,/api/pdf-parser/jobs/pdf-parse-64234630-430f-4817-9095-37dadc1cffef/result,HTTPError('404 Client Error: Not Found for url: /api/pdf-parser/jobs/pdf-parse-64234630-430f-4817-9095-37dadc1cffef/result'),1
GET,/api/pdf-parser/jobs/pdf-parse-a6988ff9-5d2e-4eb2-a489-85c8ad822fc0/result,HTTPError('404 Client Error: Not Found for url: /api/pdf-parser/jobs/pdf-parse-a6988ff9-5d2e-4eb2-a489-85c8ad822fc0/result'),2
GET,/api/pdf-parser/jobs/pdf-parse-d0db1b19-f477-421c-9735-a3eab6df0450/result,HTTPError('404 Client Error: Not Found for url: /api/pdf-parser/jobs/pdf-parse-d0db1b19-f477-421c-9735-a3eab6df0450/result'),1
GET,/api/pdf-parser/jobs/pdf-parse-16d0ad49-7017-4ceb-8d98-b2e825d1a4d5/result,HTTPError('404 Client Error: Not Found for url: /api/pdf-parser/jobs/pdf-parse-16d0ad49-7017-4ceb-8d98-b2e825d1a4d5/result'),5
GET,/api/pdf-parser/jobs/pdf-parse-1b8dfb33-0d60-4968-b2a1-02b2861d4837/result,HTTPError('404 Client Error: Not Found for url: /api/pdf-parser/jobs/pdf-parse-1b8dfb33-0d60-4968-b2a1-02b2861d4837/result'),1
GET,/api/pdf-parser/jobs/pdf-parse-be6edb18-5fc4-4452-a15e-bc86920d6542/result,HTTPError('404 Client Error: Not Found for url: /api/pdf-parser/jobs/pdf-parse-be6edb18-5fc4-4452-a15e-bc86920d6542/result'),1
GET,/api/pdf-parser/jobs/pdf-parse-5f0e8964-a196-49e0-bea7-c9b272f0a81f/result,HTTPError('404 Client Error: Not Found for url: /api/pdf-parser/jobs/pdf-parse-5f0e8964-a196-49e0-bea7-c9b272f0a81f/result'),1
GET,/api/pdf-parser/jobs/pdf-parse-49f7e5f0-421d-4b78-a421-0b021165e659/result,HTTPError('404 Client Error: Not Found for url: /api/pdf-parser/jobs/pdf-parse-49f7e5f0-421d-4b78-a421-0b021165e659/result'),1
GET,/api/pdf-parser/jobs/pdf-parse-feb68fde-fafe-46fb-84ff-47844e8f724c/result,HTTPError('404 Client Error: Not Found for url: /api/pdf-parser/jobs/pdf-parse-feb68fde-fafe-46fb-84ff-47844e8f724c/result'),1
GET,/api/pdf-parser/jobs/pdf-parse-6b343941-5b88-46c7-ac8c-a30875f83ab1/result,HTTPError('404 Client Error: Not Found for url: /api/pdf-parser/jobs/pdf-parse-6b343941-5b88-46c7-ac8c-a30875f83ab1/result'),1
GET,/api/pdf-parser/jobs/pdf-parse-7a2a9e9d-5247-472d-a9fe-07b8ed2b0719/result,HTTPError('404 Client Error: Not Found for url: /api/pdf-parser/jobs/pdf-parse-7a2a9e9d-5247-472d-a9fe-07b8ed2b0719/result'),1
GET,/api/pdf-parser/jobs/pdf-parse-08b578a7-e4ea-4584-bba5-b5eba236f3ec/result,HTTPError('404 Client Error: Not Found for url: /api/pdf-parser/jobs/pdf-parse-08b578a7-e4ea-4584-bba5-b5eba236f3ec/result'),3
GET,/api/pdf-parser/jobs/pdf-parse-0464b5dd-a877-42e7-ae1d-3ba96e13e532/result,HTTPError('404 Client Error: Not Found for url: /api/pdf-parser/jobs/pdf-parse-0464b5dd-a877-42e7-ae1d-3ba96e13e532/result'),2
GET,/api/pdf-parser/jobs/pdf-parse-649b8c46-1523-40a3-bff2-f4aabea9bd80/result,HTTPError('404 Client Error: Not Found for url: /api/pdf-parser/jobs/pdf-parse-649b8c46-1523-40a3-bff2-f4aabea9bd80/result'),1
GET,/api/pdf-parser/jobs/pdf-parse-ece6f0a6-452d-4503-a0e8-6421b0e0a6e9/result,HTTPError('404 Client Error: Not Found for url: /api/pdf-parser/jobs/pdf-parse-ece6f0a6-452d-4503-a0e8-6421b0e0a6e9/result'),3
GET,/api/pdf-parser/jobs/pdf-parse-4d54e2fb-1884-4426-a61a-66ddca1d1a41/result,HTTPError('404 Client Error: Not Found for url: /api/pdf-parser/jobs/pdf-parse-4d54e2fb-1884-4426-a61a-66ddca1d1a41/result'),2
GET,/api/pdf-parser/jobs/pdf-parse-60db888a-aaf2-4ebf-952d-72704339fedd/result,HTTPError('404 Client Error: Not Found for url: /api/pdf-parser/jobs/pdf-parse-60db888a-aaf2-4ebf-952d-72704339fedd/result'),3
GET,/api/pdf-parser/jobs/pdf-parse-e3ef6c8b-8ebb-4f5b-bfe9-80830be6423b/result,HTTPError('404 Client Error: Not Found for url: /api/pdf-parser/jobs/pdf-parse-e3ef6c8b-8ebb-4f5b-bfe9-80830be6423b/result'),2
GET,/api/pdf-parser/jobs/pdf-parse-b69a52b3-64cf-4f6f-aec4-921a34b15e1d/result,HTTPError('404 Client Error: Not Found for url: /api/pdf-parser/jobs/pdf-parse-b69a52b3-64cf-4f6f-aec4-921a34b15e1d/result'),1
GET,/api/pdf-parser/jobs/pdf-parse-f4be5f5a-351e-4287-9fb0-037c80047c90/result,HTTPError('404 Client Error: Not Found for url: /api/pdf-parser/jobs/pdf-parse-f4be5f5a-351e-4287-9fb0-037c80047c90/result'),1
GET,/api/pdf-parser/jobs/pdf-parse-7827ca85-e57a-4e07-a716-31b34412d727/result,HTTPError('404 Client Error: Not Found for url: /api/pdf-parser/jobs/pdf-parse-7827ca85-e57a-4e07-a716-31b34412d727/result'),1
GET,/api/pdf-parser/jobs/pdf-parse-e824ac3b-b1b6-4fc3-8cf7-54c1e903b4e5/result,HTTPError('404 Client Error: Not Found for url: /api/pdf-parser/jobs/pdf-parse-e824ac3b-b1b6-4fc3-8cf7-54c1e903b4e5/result'),2
GET,/api/pdf-parser/jobs/pdf-parse-0012f094-4d40-4f78-a702-ae2487c07b99/result,HTTPError('404 Client Error: Not Found for url: /api/pdf-parser/jobs/pdf-parse-0012f094-4d40-4f78-a702-ae2487c07b99/result'),2
GET,/api/pdf-parser/jobs/pdf-parse-d94bad81-9e28-4731-8336-d4b6fe5dd88d/result,HTTPError('404 Client Error: Not Found for url: /api/pdf-parser/jobs/pdf-parse-d94bad81-9e28-4731-8336-d4b6fe5dd88d/result'),1
GET,/api/pdf-parser/jobs/pdf-parse-0924a81b-23b0-42d7-8264-b063379975c8/result,HTTPError('404 Client Error: Not Found for url: /api/pdf-parser/jobs/pdf-parse-0924a81b-23b0-42d7-8264-b063379975c8/result'),1
GET,/api/pdf-parser/jobs/pdf-parse-6cbc4fb3-3875-4572-b9ee-e3375fa75f8d/result,HTTPError('404 Client Error: Not Found for url: /api/pdf-parser/jobs/pdf-parse-6cbc4fb3-3875-4572-b9ee-e3375fa75f8d/result'),1
GET,/api/pdf-parser/jobs/pdf-parse-1fdfaa7f-50e8-4df8-8060-2472e26ec4ca/result,HTTPError('404 Client Error: Not Found for url: /api/pdf-parser/jobs/pdf-parse-1fdfaa7f-50e8-4df8-8060-2472e26ec4ca/result'),1
GET,/api/pdf-parser/jobs/pdf-parse-b5dcc17e-568f-4039-affd-fca41f091cb7/result,HTTPError('404 Client Error: Not Found for url: /api/pdf-parser/jobs/pdf-parse-b5dcc17e-568f-4039-affd-fca41f091cb7/result'),2
GET,/api/pdf-parser/jobs/pdf-parse-a7d53ba1-a50e-4f26-85dc-0bdd0d7f3596/result,HTTPError('404 Client Error: Not Found for url: /api/pdf-parser/jobs/pdf-parse-a7d53ba1-a50e-4f26-85dc-0bdd0d7f3596/result'),2
GET,/api/pdf-parser/jobs/pdf-parse-71839ac8-30b6-45a9-b33a-03bdd2757d2e/result,HTTPError('404 Client Error: Not Found for url: /api/pdf-parser/jobs/pdf-parse-71839ac8-30b6-45a9-b33a-03bdd2757d2e/result'),1
GET,/api/pdf-parser/jobs/pdf-parse-f73ffa25-e263-4ce1-a1d9-311034a34d66/result,HTTPError('404 Client Error: Not Found for url: /api/pdf-parser/jobs/pdf-parse-f73ffa25-e263-4ce1-a1d9-311034a34d66/result'),1
GET,/api/pdf-parser/jobs/pdf-parse-5c59f0d7-05f0-4155-b07e-1e1d7b90e1bc/result,HTTPError('404 Client Error: Not Found for url: /api/pdf-parser/jobs/pdf-parse-5c59f0d7-05f0-4155-b07e-1e1d7b90e1bc/result'),1
GET,/api/pdf-parser/jobs/pdf-parse-b3d27743-4acd-4137-a56a-c9701fda039b/result,HTTPError('404 Client Error: Not Found for url: /api/pdf-parser/jobs/pdf-parse-b3d27743-4acd-4137-a56a-c9701fda039b/result'),1
GET,/api/pdf-parser/jobs/pdf-parse-058f7484-3e34-403a-a3f6-af4d97f84663/result,HTTPError('404 Client Error: Not Found for url: /api/pdf-parser/jobs/pdf-parse-058f7484-3e34-403a-a3f6-af4d97f84663/result'),5
GET,/api/pdf-parser/jobs/pdf-parse-5992f8cd-dfe6-4275-9c20-e98dacb4fef4/result,HTTPError('404 Client Error: Not Found for url: /api/pdf-parser/jobs/pdf-parse-5992f8cd-dfe6-4275-9c20-e98dacb4fef4/result'),1
GET,/api/pdf-parser/jobs/pdf-parse-fb1582ab-2ef7-471a-b98a-e5000e262d26/result,HTTPError('404 Client Error: Not Found for url: /api/pdf-parser/jobs/pdf-parse-fb1582ab-2ef7-471a-b98a-e5000e262d26/result'),2
GET,/api/pdf-parser/jobs/pdf-parse-b3b87fbe-5025-4f9f-9bc1-c628e4ed81cd/result,HTTPError('404 Client Error: Not Found for url: /api/pdf-parser/jobs/pdf-parse-b3b87fbe-5025-4f9f-9bc1-c628e4ed81cd/result'),1
GET,/api/pdf-parser/jobs/pdf-parse-01a0a560-dc3d-488b-96cd-c080ba9d43ed/result,HTTPError('404 Client Error: Not Found for url: /api/pdf-parser/jobs/pdf-parse-01a0a560-dc3d-488b-96cd-c080ba9d43ed/result'),1
GET,/api/pdf-parser/jobs/pdf-parse-96a81ce0-dc5c-4160-813b-a2b5d5ebe29c/result,HTTPError('404 Client Error: Not Found for url: /api/pdf-parser/jobs/pdf-parse-96a81ce0-dc5c-4160-813b-a2b5d5ebe29c/result'),1
GET,/api/pdf-parser/jobs/pdf-parse-9cafafd8-2483-4c65-98fb-41a284b167e3/result,HTTPError('404 Client Error: Not Found for url: /api/pdf-parser/jobs/pdf-parse-9cafafd8-2483-4c65-98fb-41a284b167e3/result'),2
GET,/api/pdf-parser/jobs/pdf-parse-62f01aeb-6e82-4725-8c3c-694d09425059/result,HTTPError('404 Client Error: Not Found for url: /api/pdf-parser/jobs/pdf-parse-62f01aeb-6e82-4725-8c3c-694d09425059/result'),1
GET,/api/pdf-parser/jobs/pdf-parse-275539f3-b5a4-4365-bd64-ccfd98a4b155/result,HTTPError('404 Client Error: Not Found for url: /api/pdf-parser/jobs/pdf-parse-275539f3-b5a4-4365-bd64-ccfd98a4b155/result'),1
GET,/api/pdf-parser/jobs/pdf-parse-18b73cb5-f8d6-4250-8e51-7da6a6c1c8fa/result,HTTPError('404 Client Error: Not Found for url: /api/pdf-parser/jobs/pdf-parse-18b73cb5-f8d6-4250-8e51-7da6a6c1c8fa/result'),3
GET,/api/pdf-parser/jobs/pdf-parse-c50fb5be-0b05-40d6-8a23-6ee206eab24c/result,HTTPError('404 Client Error: Not Found for url: /api/pdf-parser/jobs/pdf-parse-c50fb5be-0b05-40d6-8a23-6ee206eab24c/result'),1
GET,/api/pdf-parser/jobs/pdf-parse-5226e17a-ba7d-4f09-8fad-8749f1b70078/result,HTTPError('404 Client Error: Not Found for url: /api/pdf-parser/jobs/pdf-parse-5226e17a-ba7d-4f09-8fad-8749f1b70078/result'),3
GET,/api/pdf-parser/jobs/pdf-parse-febd53e7-fd4f-4e24-8c8f-68ee97eed212/result,HTTPError('404 Client Error: Not Found for url: /api/pdf-parser/jobs/pdf-parse-febd53e7-fd4f-4e24-8c8f-68ee97eed212/result'),1
GET,/api/pdf-parser/jobs/pdf-parse-36f12d03-3c8a-4352-88d9-6bc72750e17d/result,HTTPError('404 Client Error: Not Found for url: /api/pdf-parser/jobs/pdf-parse-36f12d03-3c8a-4352-88d9-6bc72750e17d/result'),1
GET,/api/pdf-parser/jobs/pdf-parse-9351a809-ef04-4e5c-b3b2-745faddf2fb7/result,HTTPError('404 Client Error: Not Found for url: /api/pdf-parser/jobs/pdf-parse-9351a809-ef04-4e5c-b3b2-745faddf2fb7/result'),1
GET,/api/pdf-parser/jobs/pdf-parse-7ef3d003-ddf7-4216-91c1-e8f2cb96a881/result,HTTPError('404 Client Error: Not Found for url: /api/pdf-parser/jobs/pdf-parse-7ef3d003-ddf7-4216-91c1-e8f2cb96a881/result'),1
GET,/api/pdf-parser/jobs/pdf-parse-def59eaa-4ae4-4b6a-a24c-2593421ee2ea/result,HTTPError('404 Client Error: Not Found for url: /api/pdf-parser/jobs/pdf-parse-def59eaa-4ae4-4b6a-a24c-2593421ee2ea/result'),1
GET,/api/pdf-parser/jobs/pdf-parse-ab331b54-4ed3-4fce-b34e-6491d02decfd/result,HTTPError('404 Client Error: Not Found for url: /api/pdf-parser/jobs/pdf-parse-ab331b54-4ed3-4fce-b34e-6491d02decfd/result'),1
GET,/api/pdf-parser/jobs/pdf-parse-234f4655-f985-4bcd-b130-7b1ade550fa0/result,HTTPError('404 Client Error: Not Found for url: /api/pdf-parser/jobs/pdf-parse-234f4655-f985-4bcd-b130-7b1ade550fa0/result'),1
GET,/api/pdf-parser/jobs/pdf-parse-07174c9a-703c-4ea8-8b96-4c43eebffedd/result,HTTPError('404 Client Error: Not Found for url: /api/pdf-parser/jobs/pdf-parse-07174c9a-703c-4ea8-8b96-4c43eebffedd/result'),1
GET,/api/pdf-parser/jobs/pdf-parse-e99b488a-5948-49c3-904c-b1c814521b15/result,HTTPError('404 Client Error: Not Found for url: /api/pdf-parser/jobs/pdf-parse-e99b488a-5948-49c3-904c-b1c814521b15/result'),1
GET,/api/pdf-parser/jobs/pdf-parse-5bbdc474-5137-4a80-828b-09b0fe135976/result,HTTPError('404 Client Error: Not Found for url: /api/pdf-parser/jobs/pdf-parse-5bbdc474-5137-4a80-828b-09b0fe135976/result'),2
GET,/api/pdf-parser/jobs/pdf-parse-8b2cae78-fc7e-4737-bee9-1480b1c6931e/result,HTTPError('404 Client Error: Not Found for url: /api/pdf-parser/jobs/pdf-parse-8b2cae78-fc7e-4737-bee9-1480b1c6931e/result'),1
GET,/api/pdf-parser/jobs/pdf-parse-66738131-269e-4a59-8a9a-76fe5c34c718/result,HTTPError('404 Client Error: Not Found for url: /api/pdf-parser/jobs/pdf-parse-66738131-269e-4a59-8a9a-76fe5c34c718/result'),2
GET,/api/pdf-parser/jobs/pdf-parse-849e6f26-5220-4d50-980b-3ae7d72f5759/result,HTTPError('404 Client Error: Not Found for url: /api/pdf-parser/jobs/pdf-parse-849e6f26-5220-4d50-980b-3ae7d72f5759/result'),1
GET,/api/pdf-parser/jobs/pdf-parse-a1ce3dec-fe8e-41f7-ade7-29ca906d848a/result,HTTPError('404 Client Error: Not Found for url: /api/pdf-parser/jobs/pdf-parse-a1ce3dec-fe8e-41f7-ade7-29ca906d848a/result'),1
GET,/api/pdf-parser/jobs/pdf-parse-bbc1dc04-e341-479d-88cb-df2468c4e8c1/result,HTTPError('404 Client Error: Not Found for url: /api/pdf-parser/jobs/pdf-parse-bbc1dc04-e341-479d-88cb-df2468c4e8c1/result'),2
GET,/api/pdf-parser/jobs/pdf-parse-9382ca08-7003-4ae9-ad80-f08e8b1c35ac/result,HTTPError('404 Client Error: Not Found for url: /api/pdf-parser/jobs/pdf-parse-9382ca08-7003-4ae9-ad80-f08e8b1c35ac/result'),1
GET,/api/pdf-parser/jobs/pdf-parse-ede54f1f-4363-4081-b710-2435eb28b614/result,HTTPError('404 Client Error: Not Found for url: /api/pdf-parser/jobs/pdf-parse-ede54f1f-4363-4081-b710-2435eb28b614/result'),3
GET,/api/pdf-parser/jobs/pdf-parse-43e45309-9c97-452b-bb77-a794dde08387/result,HTTPError('404 Client Error: Not Found for url: /api/pdf-parser/jobs/pdf-parse-43e45309-9c97-452b-bb77-a794dde08387/result'),1
GET,/api/pdf-parser/jobs/pdf-parse-ea7b8554-916a-4abf-9ff0-6bc993dc2e3f/result,HTTPError('404 Client Error: Not Found for url: /api/pdf-parser/jobs/pdf-parse-ea7b8554-916a-4abf-9ff0-6bc993dc2e3f/result'),1
GET,/api/pdf-parser/jobs/pdf-parse-914d4ad0-e887-46e1-9bee-3019b099fb5e/result,HTTPError('404 Client Error: Not Found for url: /api/pdf-parser/jobs/pdf-parse-914d4ad0-e887-46e1-9bee-3019b099fb5e/result'),2
GET,/api/pdf-parser/jobs/pdf-parse-aaf4ad7f-01fe-434b-87be-5bdf81781d17/result,HTTPError('404 Client Error: Not Found for url: /api/pdf-parser/jobs/pdf-parse-aaf4ad7f-01fe-434b-87be-5bdf81781d17/result'),1
GET,/api/pdf-parser/jobs/pdf-parse-ae10a9bc-0892-40be-952b-a3dbc8441766/result,HTTPError('404 Client Error: Not Found for url: /api/pdf-parser/jobs/pdf-parse-ae10a9bc-0892-40be-952b-a3dbc8441766/result'),3
GET,/api/pdf-parser/jobs/pdf-parse-5f7a29a2-4c6c-4448-bc53-86730a51938b/result,HTTPError('404 Client Error: Not Found for url: /api/pdf-parser/jobs/pdf-parse-5f7a29a2-4c6c-4448-bc53-86730a51938b/result'),2
GET,/api/pdf-parser/jobs/pdf-parse-bda9f550-3b82-4c62-a8e2-1be1eeb47fc0/result,HTTPError('404 Client Error: Not Found for url: /api/pdf-parser/jobs/pdf-parse-bda9f550-3b82-4c62-a8e2-1be1eeb47fc0/result'),5
GET,/api/pdf-parser/jobs/pdf-parse-f102d4de-878a-4509-b757-46f9b5ddd859/result,HTTPError('404 Client Error: Not Found for url: /api/pdf-parser/jobs/pdf-parse-f102d4de-878a-4509-b757-46f9b5ddd859/result'),1
GET,/api/pdf-parser/jobs/pdf-parse-704c8659-2888-4cc3-8e13-ae8359bd480d/result,HTTPError('404 Client Error: Not Found for url: /api/pdf-parser/jobs/pdf-parse-704c8659-2888-4cc3-8e13-ae8359bd480d/result'),2
GET,/api/pdf-parser/jobs/pdf-parse-9f90fb30-9f0f-4d05-a1ac-8a17e93551f0/result,HTTPError('404 Client Error: Not Found for url: /api/pdf-parser/jobs/pdf-parse-9f90fb30-9f0f-4d05-a1ac-8a17e93551f0/result'),1
GET,/api/pdf-parser/jobs/pdf-parse-ce6f2362-3fcf-4de9-83b1-5b8eb99bb00e/result,HTTPError('404 Client Error: Not Found for url: /api/pdf-parser/jobs/pdf-parse-ce6f2362-3fcf-4de9-83b1-5b8eb99bb00e/result'),1
GET,/api/pdf-parser/jobs/pdf-parse-bc8cc4d1-dfaa-48fe-b058-454f7c84e097/result,HTTPError('404 Client Error: Not Found for url: /api/pdf-parser/jobs/pdf-parse-bc8cc4d1-dfaa-48fe-b058-454f7c84e097/result'),1
GET,/api/pdf-parser/jobs/pdf-parse-4df5eb62-cafd-4991-930c-27be92bff748/result,HTTPError('404 Client Error: Not Found for url: /api/pdf-parser/jobs/pdf-parse-4df5eb62-cafd-4991-930c-27be92bff748/result'),2
GET,/api/pdf-parser/jobs/pdf-parse-e3df52db-3ec2-411b-bbce-d11f3e709a55/result,HTTPError('404 Client Error: Not Found for url: /api/pdf-parser/jobs/pdf-parse-e3df52db-3ec2-411b-bbce-d11f3e709a55/result'),4
GET,/api/pdf-parser/jobs/pdf-parse-2fb389db-bb8e-4f0e-8571-c804f88b173d/result,HTTPError('404 Client Error: Not Found for url: /api/pdf-parser/jobs/pdf-parse-2fb389db-bb8e-4f0e-8571-c804f88b173d/result'),3
GET,/api/pdf-parser/jobs/pdf-parse-57c85562-82f9-4f9e-9543-242aa4a0b054/result,HTTPError('404 Client Error: Not Found for url: /api/pdf-parser/jobs/pdf-parse-57c85562-82f9-4f9e-9543-242aa4a0b054/result'),1
GET,/api/pdf-parser/jobs/pdf-parse-10394ff3-8c9e-4c94-bada-f3df279a2f87/result,HTTPError('404 Client Error: Not Found for url: /api/pdf-parser/jobs/pdf-parse-10394ff3-8c9e-4c94-bada-f3df279a2f87/result'),1
GET,/api/pdf-parser/jobs/pdf-parse-f4f77bf4-8823-43cd-8bb8-b5b9b7e94f5d/result,HTTPError('404 Client Error: Not Found for url: /api/pdf-parser/jobs/pdf-parse-f4f77bf4-8823-43cd-8bb8-b5b9b7e94f5d/result'),1
GET,/api/pdf-parser/jobs/pdf-parse-54c7201b-427a-4f67-8289-a847f973732c/result,HTTPError('404 Client Error: Not Found for url: /api/pdf-parser/jobs/pdf-parse-54c7201b-427a-4f67-8289-a847f973732c/result'),1
GET,/api/pdf-parser/jobs/pdf-parse-198671d3-0343-4477-b37f-7b1dcba4d9e7/result,HTTPError('404 Client Error: Not Found for url: /api/pdf-parser/jobs/pdf-parse-198671d3-0343-4477-b37f-7b1dcba4d9e7/result'),1
GET,/api/pdf-parser/jobs/pdf-parse-271fecf0-287f-4434-b1e3-d5dbe7da8117/result,HTTPError('404 Client Error: Not Found for url: /api/pdf-parser/jobs/pdf-parse-271fecf0-287f-4434-b1e3-d5dbe7da8117/result'),1
GET,/api/pdf-parser/jobs/pdf-parse-c779d5d1-0b17-4e31-9773-ad12c2f378fa/result,HTTPError('404 Client Error: Not Found for url: /api/pdf-parser/jobs/pdf-parse-c779d5d1-0b17-4e31-9773-ad12c2f378fa/result'),1
GET,/api/pdf-parser/jobs/pdf-parse-5e0f55b3-9855-4834-8148-ac7c537d3dea/result,HTTPError('404 Client Error: Not Found for url: /api/pdf-parser/jobs/pdf-parse-5e0f55b3-9855-4834-8148-ac7c537d3dea/result'),4
GET,/api/pdf-parser/jobs/pdf-parse-4be1813e-e2c8-42cd-a467-f9f797d5489d/result,HTTPError('404 Client Error: Not Found for url: /api/pdf-parser/jobs/pdf-parse-4be1813e-e2c8-42cd-a467-f9f797d5489d/result'),1
GET,/api/pdf-parser/jobs/pdf-parse-af7bc984-638e-4a52-b1d9-5998a9a875ac/result,HTTPError('404 Client Error: Not Found for url: /api/pdf-parser/jobs/pdf-parse-af7bc984-638e-4a52-b1d9-5998a9a875ac/result'),1
GET,/api/pdf-parser/jobs/pdf-parse-26853ad0-0169-415a-9e0b-53173a3d2b1c/result,HTTPError('404 Client Error: Not Found for url: /api/pdf-parser/jobs/pdf-parse-26853ad0-0169-415a-9e0b-53173a3d2b1c/result'),2
GET,/api/pdf-parser/jobs/pdf-parse-b8bc2c18-97d7-418c-9275-3cba83194846/result,HTTPError('404 Client Error: Not Found for url: /api/pdf-parser/jobs/pdf-parse-b8bc2c18-97d7-418c-9275-3cba83194846/result'),2
GET,/api/pdf-parser/jobs/pdf-parse-4a1b1984-e6d7-4a98-be59-016821211aee/result,HTTPError('404 Client Error: Not Found for url: /api/pdf-parser/jobs/pdf-parse-4a1b1984-e6d7-4a98-be59-016821211aee/result'),5
GET,/api/pdf-parser/jobs/pdf-parse-094d7b6b-e70b-4186-93b0-a6f00abb604f/result,HTTPError('404 Client Error: Not Found for url: /api/pdf-parser/jobs/pdf-parse-094d7b6b-e70b-4186-93b0-a6f00abb604f/result'),1
GET,/api/pdf-parser/jobs/pdf-parse-2362ce14-a913-48bd-869b-172231cfd05f/result,HTTPError('404 Client Error: Not Found for url: /api/pdf-parser/jobs/pdf-parse-2362ce14-a913-48bd-869b-172231cfd05f/result'),1
GET,/api/pdf-parser/jobs/pdf-parse-12ef3ec3-5705-4cb0-b64d-40bb76385f1e/result,HTTPError('404 Client Error: Not Found for url: /api/pdf-parser/jobs/pdf-parse-12ef3ec3-5705-4cb0-b64d-40bb76385f1e/result'),1
GET,/api/pdf-parser/jobs/pdf-parse-46cee5f1-51a4-4fd3-86c8-2774a0306d76/result,HTTPError('404 Client Error: Not Found for url: /api/pdf-parser/jobs/pdf-parse-46cee5f1-51a4-4fd3-86c8-2774a0306d76/result'),4
GET,/api/pdf-parser/jobs/pdf-parse-029d1ba9-97b7-41d6-a500-1f4724d8574c/result,HTTPError('404 Client Error: Not Found for url: /api/pdf-parser/jobs/pdf-parse-029d1ba9-97b7-41d6-a500-1f4724d8574c/result'),1
GET,/api/pdf-parser/jobs/pdf-parse-a2aaab6f-2ce3-4b0a-88e4-4b83f7a73d54/result,HTTPError('404 Client Error: Not Found for url: /api/pdf-parser/jobs/pdf-parse-a2aaab6f-2ce3-4b0a-88e4-4b83f7a73d54/result'),2
GET,/api/pdf-parser/jobs/pdf-parse-e6109ed0-3bca-44d7-b578-ef1c4bb908ea/result,HTTPError('404 Client Error: Not Found for url: /api/pdf-parser/jobs/pdf-parse-e6109ed0-3bca-44d7-b578-ef1c4bb908ea/result'),2
GET,/api/pdf-parser/jobs/pdf-parse-2a2bb604-23b7-4947-8efc-045dccec744b/result,HTTPError('404 Client Error: Not Found for url: /api/pdf-parser/jobs/pdf-parse-2a2bb604-23b7-4947-8efc-045dccec744b/result'),1
GET,/api/pdf-parser/jobs/pdf-parse-66ec29c4-a686-4901-9651-c43155938e42/result,HTTPError('404 Client Error: Not Found for url: /api/pdf-parser/jobs/pdf-parse-66ec29c4-a686-4901-9651-c43155938e42/result'),1
GET,/api/pdf-parser/jobs/pdf-parse-7121c9ec-7e6d-4b0d-9fd3-91b3af5f065c/result,HTTPError('404 Client Error: Not Found for url: /api/pdf-parser/jobs/pdf-parse-7121c9ec-7e6d-4b0d-9fd3-91b3af5f065c/result'),1
GET,/api/pdf-parser/jobs/pdf-parse-45a89698-5127-458a-b51a-adf353b2638d/result,HTTPError('404 Client Error: Not Found for url: /api/pdf-parser/jobs/pdf-parse-45a89698-5127-458a-b51a-adf353b2638d/result'),3
GET,/api/pdf-parser/jobs/pdf-parse-62d1ea2f-7dd9-40f5-b98c-36ebe512f0b6/result,HTTPError('404 Client Error: Not Found for url: /api/pdf-parser/jobs/pdf-parse-62d1ea2f-7dd9-40f5-b98c-36ebe512f0b6/result'),1
GET,/api/pdf-parser/jobs/pdf-parse-652f69d8-269d-49ef-b432-3cf9296767a4/result,HTTPError('404 Client Error: Not Found for url: /api/pdf-parser/jobs/pdf-parse-652f69d8-269d-49ef-b432-3cf9296767a4/result'),3
GET,/api/pdf-parser/jobs/pdf-parse-510a3486-7667-422a-b5e6-560a89e5db8c/result,HTTPError('404 Client Error: Not Found for url: /api/pdf-parser/jobs/pdf-parse-510a3486-7667-422a-b5e6-560a89e5db8c/result'),2
GET,/api/pdf-parser/jobs/pdf-parse-317323ee-813e-4a35-874b-735601c08994/result,HTTPError('404 Client Error: Not Found for url: /api/pdf-parser/jobs/pdf-parse-317323ee-813e-4a35-874b-735601c08994/result'),3
GET,/api/pdf-parser/jobs/pdf-parse-c85f19d3-3cc9-442e-9931-bc777ce4cd4e/result,HTTPError('404 Client Error: Not Found for url: /api/pdf-parser/jobs/pdf-parse-c85f19d3-3cc9-442e-9931-bc777ce4cd4e/result'),2
GET,/api/pdf-parser/jobs/pdf-parse-9bfbc818-75e8-46d8-b232-d7bc694b086b/result,HTTPError('404 Client Error: Not Found for url: /api/pdf-parser/jobs/pdf-parse-9bfbc818-75e8-46d8-b232-d7bc694b086b/result'),2
GET,/api/pdf-parser/jobs/pdf-parse-3c5fbe4f-c1a9-40a9-992d-33c4a1631f82/result,HTTPError('404 Client Error: Not Found for url: /api/pdf-parser/jobs/pdf-parse-3c5fbe4f-c1a9-40a9-992d-33c4a1631f82/result'),1
GET,/api/pdf-parser/jobs/pdf-parse-1cf16ffa-c5bd-4c27-b156-bce26398dbf8/result,HTTPError('404 Client Error: Not Found for url: /api/pdf-parser/jobs/pdf-parse-1cf16ffa-c5bd-4c27-b156-bce26398dbf8/result'),1
GET,/api/pdf-parser/jobs/pdf-parse-d27a7826-31db-4edd-889e-1b9ffb5c6ccc/result,HTTPError('404 Client Error: Not Found for url: /api/pdf-parser/jobs/pdf-parse-d27a7826-31db-4edd-889e-1b9ffb5c6ccc/result'),1
GET,/api/pdf-parser/jobs/pdf-parse-418608cf-1030-4a2b-9ca9-640bae758b16/result,HTTPError('404 Client Error: Not Found for url: /api/pdf-parser/jobs/pdf-parse-418608cf-1030-4a2b-9ca9-640bae758b16/result'),2
GET,/api/pdf-parser/jobs/pdf-parse-730e34b9-9e32-4a46-a690-0c12acf60d34/result,HTTPError('404 Client Error: Not Found for url: /api/pdf-parser/jobs/pdf-parse-730e34b9-9e32-4a46-a690-0c12acf60d34/result'),2
GET,/api/pdf-parser/jobs/pdf-parse-a40f48a4-31aa-4dd8-8418-885e9c64412d/result,HTTPError('404 Client Error: Not Found for url: /api/pdf-parser/jobs/pdf-parse-a40f48a4-31aa-4dd8-8418-885e9c64412d/result'),1
GET,/api/pdf-parser/jobs/pdf-parse-44b4dfe3-561e-4ac5-925e-d3c85b79699b/result,HTTPError('404 Client Error: Not Found for url: /api/pdf-parser/jobs/pdf-parse-44b4dfe3-561e-4ac5-925e-d3c85b79699b/result'),2
GET,/api/pdf-parser/jobs/pdf-parse-0d70184a-7a6a-4d44-88db-a97ead971d0d/result,HTTPError('404 Client Error: Not Found for url: /api/pdf-parser/jobs/pdf-parse-0d70184a-7a6a-4d44-88db-a97ead971d0d/result'),1
GET,/api/pdf-parser/jobs/pdf-parse-e35285cc-f26b-4d5c-bb6f-89e90aa58ee6/result,HTTPError('404 Client Error: Not Found for url: /api/pdf-parser/jobs/pdf-parse-e35285cc-f26b-4d5c-bb6f-89e90aa58ee6/result'),1
GET,/api/pdf-parser/jobs/pdf-parse-c32e7395-d02b-414d-8422-e7c5caf32721/result,HTTPError('404 Client Error: Not Found for url: /api/pdf-parser/jobs/pdf-parse-c32e7395-d02b-414d-8422-e7c5caf32721/result'),2
GET,/api/pdf-parser/jobs/pdf-parse-eb1fd15f-d2a8-4a46-ac46-a25e249ee878/result,HTTPError('404 Client Error: Not Found for url: /api/pdf-parser/jobs/pdf-parse-eb1fd15f-d2a8-4a46-ac46-a25e249ee878/result'),2
GET,/api/pdf-parser/jobs/pdf-parse-aa487b57-7261-4327-b84a-7aaf6241b047/result,HTTPError('404 Client Error: Not Found for url: /api/pdf-parser/jobs/pdf-parse-aa487b57-7261-4327-b84a-7aaf6241b047/result'),2
GET,/api/pdf-parser/jobs/pdf-parse-ddd9193e-84a5-4e99-a1c6-78f44d6b8937/result,HTTPError('404 Client Error: Not Found for url: /api/pdf-parser/jobs/pdf-parse-ddd9193e-84a5-4e99-a1c6-78f44d6b8937/result'),1
GET,/api/pdf-parser/jobs/pdf-parse-461aa554-f3a3-4375-b91a-d995c0a46d93/result,HTTPError('404 Client Error: Not Found for url: /api/pdf-parser/jobs/pdf-parse-461aa554-f3a3-4375-b91a-d995c0a46d93/result'),1
GET,/api/pdf-parser/jobs/pdf-parse-cefa276c-7963-4052-a37e-315c5e1241db/result,HTTPError('404 Client Error: Not Found for url: /api/pdf-parser/jobs/pdf-parse-cefa276c-7963-4052-a37e-315c5e1241db/result'),2
GET,/api/pdf-parser/jobs/pdf-parse-e7243769-cd57-4121-87ef-2b1feff3287f/result,HTTPError('404 Client Error: Not Found for url: /api/pdf-parser/jobs/pdf-parse-e7243769-cd57-4121-87ef-2b1feff3287f/result'),1
GET,/api/pdf-parser/jobs/pdf-parse-6f184371-03ee-4dc1-8206-3da21acb2265/result,HTTPError('404 Client Error: Not Found for url: /api/pdf-parser/jobs/pdf-parse-6f184371-03ee-4dc1-8206-3da21acb2265/result'),1
GET,/api/pdf-parser/jobs/pdf-parse-45411fb7-06a9-47cd-ae23-ab1313607c62/result,HTTPError('404 Client Error: Not Found for url: /api/pdf-parser/jobs/pdf-parse-45411fb7-06a9-47cd-ae23-ab1313607c62/result'),4
GET,/api/pdf-parser/jobs/pdf-parse-ae456b02-b025-427d-a23a-6cee314c7e01/result,HTTPError('404 Client Error: Not Found for url: /api/pdf-parser/jobs/pdf-parse-ae456b02-b025-427d-a23a-6cee314c7e01/result'),4
GET,/api/pdf-parser/jobs/pdf-parse-8966b39a-f1a5-42b7-ac85-ff77559d723a/result,HTTPError('404 Client Error: Not Found for url: /api/pdf-parser/jobs/pdf-parse-8966b39a-f1a5-42b7-ac85-ff77559d723a/result'),7
GET,/api/pdf-parser/jobs/pdf-parse-d08b4fb9-7037-4529-b507-96f4a54368f2/result,HTTPError('404 Client Error: Not Found for url: /api/pdf-parser/jobs/pdf-parse-d08b4fb9-7037-4529-b507-96f4a54368f2/result'),2
GET,/api/pdf-parser/jobs/pdf-parse-ab4e0543-e29d-4da3-b314-8126712ca3c4/result,HTTPError('404 Client Error: Not Found for url: /api/pdf-parser/jobs/pdf-parse-ab4e0543-e29d-4da3-b314-8126712ca3c4/result'),1
GET,/api/pdf-parser/jobs/pdf-parse-2057990f-f9bc-4fd8-b5c4-8cbd1aa06ec1/result,HTTPError('404 Client Error: Not Found for url: /api/pdf-parser/jobs/pdf-parse-2057990f-f9bc-4fd8-b5c4-8cbd1aa06ec1/result'),2
GET,/api/pdf-parser/jobs/pdf-parse-8b921a92-25fa-4e87-ab76-0ea1e49e453d/result,HTTPError('404 Client Error: Not Found for url: /api/pdf-parser/jobs/pdf-parse-8b921a92-25fa-4e87-ab76-0ea1e49e453d/result'),2
GET,/api/pdf-parser/jobs/pdf-parse-697a9a28-dc75-424a-9c96-59700d7c0826/result,HTTPError('404 Client Error: Not Found for url: /api/pdf-parser/jobs/pdf-parse-697a9a28-dc75-424a-9c96-59700d7c0826/result'),1
GET,/api/pdf-parser/jobs/pdf-parse-1271a39e-8632-43ad-89b4-f3564abc9b0c/result,HTTPError('404 Client Error: Not Found for url: /api/pdf-parser/jobs/pdf-parse-1271a39e-8632-43ad-89b4-f3564abc9b0c/result'),1
GET,/api/pdf-parser/jobs/pdf-parse-7cca7031-f84d-437f-94be-fa1fe694987f/result,HTTPError('404 Client Error: Not Found for url: /api/pdf-parser/jobs/pdf-parse-7cca7031-f84d-437f-94be-fa1fe694987f/result'),2
GET,/api/pdf-parser/jobs/pdf-parse-0f064196-c17c-465c-89b5-abb43d81124b/result,HTTPError('404 Client Error: Not Found for url: /api/pdf-parser/jobs/pdf-parse-0f064196-c17c-465c-89b5-abb43d81124b/result'),1
GET,/api/pdf-parser/jobs/pdf-parse-02184b95-11bf-4dbb-8640-b90e63a49b58/result,HTTPError('404 Client Error: Not Found for url: /api/pdf-parser/jobs/pdf-parse-02184b95-11bf-4dbb-8640-b90e63a49b58/result'),1
GET,/api/pdf-parser/jobs/pdf-parse-f738b11d-1c86-424f-94fd-e9192d02e971/result,HTTPError('404 Client Error: Not Found for url: /api/pdf-parser/jobs/pdf-parse-f738b11d-1c86-424f-94fd-e9192d02e971/result'),1
GET,/api/pdf-parser/jobs/pdf-parse-ed8af872-d2fb-4d47-bcfc-27bbc19c3378/result,HTTPError('404 Client Error: Not Found for url: /api/pdf-parser/jobs/pdf-parse-ed8af872-d2fb-4d47-bcfc-27bbc19c3378/result'),2
GET,/api/pdf-parser/jobs/pdf-parse-84c3fdcd-c346-408b-8ff0-66973aafdb71/result,HTTPError('404 Client Error: Not Found for url: /api/pdf-parser/jobs/pdf-parse-84c3fdcd-c346-408b-8ff0-66973aafdb71/result'),1
GET,/api/pdf-parser/jobs/pdf-parse-2957c3ea-1372-4470-b9b6-b7fc407c9555/result,HTTPError('404 Client Error: Not Found for url: /api/pdf-parser/jobs/pdf-parse-2957c3ea-1372-4470-b9b6-b7fc407c9555/result'),1
GET,/api/pdf-parser/jobs/pdf-parse-21fbb19c-b535-43be-a115-cce6606c7322/result,HTTPError('404 Client Error: Not Found for url: /api/pdf-parser/jobs/pdf-parse-21fbb19c-b535-43be-a115-cce6606c7322/result'),1
GET,/api/pdf-parser/jobs/pdf-parse-eb750c8c-caf9-4f5b-9ce1-75778b570032/result,HTTPError('404 Client Error: Not Found for url: /api/pdf-parser/jobs/pdf-parse-eb750c8c-caf9-4f5b-9ce1-75778b570032/result'),2
GET,/api/pdf-parser/jobs/pdf-parse-13a0b44b-9e7f-4e43-a3ae-102dd49fea6e/result,HTTPError('404 Client Error: Not Found for url: /api/pdf-parser/jobs/pdf-parse-13a0b44b-9e7f-4e43-a3ae-102dd49fea6e/result'),1
GET,/api/pdf-parser/jobs/pdf-parse-63814db4-2d79-44b4-9aae-bf482bcf4090/result,HTTPError('404 Client Error: Not Found for url: /api/pdf-parser/jobs/pdf-parse-63814db4-2d79-44b4-9aae-bf482bcf4090/result'),1
GET,/api/pdf-parser/jobs/pdf-parse-22915ffa-2c07-4a1f-9315-e13b09071051/result,HTTPError('404 Client Error: Not Found for url: /api/pdf-parser/jobs/pdf-parse-22915ffa-2c07-4a1f-9315-e13b09071051/result'),2
GET,/api/pdf-parser/jobs/pdf-parse-a087ee82-0b73-4389-ac31-3e67c22cce54/result,HTTPError('404 Client Error: Not Found for url: /api/pdf-parser/jobs/pdf-parse-a087ee82-0b73-4389-ac31-3e67c22cce54/result'),2
GET,/api/pdf-parser/jobs/pdf-parse-73d9b69b-2101-4220-95b2-fa39ab19a035/result,HTTPError('404 Client Error: Not Found for url: /api/pdf-parser/jobs/pdf-parse-73d9b69b-2101-4220-95b2-fa39ab19a035/result'),1
GET,/api/pdf-parser/jobs/pdf-parse-dd8e9137-a34e-4ae8-a572-95a2b1ceee3e/result,HTTPError('404 Client Error: Not Found for url: /api/pdf-parser/jobs/pdf-parse-dd8e9137-a34e-4ae8-a572-95a2b1ceee3e/result'),1
GET,/api/pdf-parser/jobs/pdf-parse-74df9977-d2e5-4b27-ad67-080a9ac52cf2/result,HTTPError('404 Client Error: Not Found for url: /api/pdf-parser/jobs/pdf-parse-74df9977-d2e5-4b27-ad67-080a9ac52cf2/result'),2
GET,/api/pdf-parser/jobs/pdf-parse-f89cdd49-5119-4a09-b7d1-e2d805035925/result,HTTPError('404 Client Error: Not Found for url: /api/pdf-parser/jobs/pdf-parse-f89cdd49-5119-4a09-b7d1-e2d805035925/result'),2
GET,/api/pdf-parser/jobs/pdf-parse-787bddf1-076c-4809-a781-4abc0f145fd5/result,HTTPError('404 Client Error: Not Found for url: /api/pdf-parser/jobs/pdf-parse-787bddf1-076c-4809-a781-4abc0f145fd5/result'),3
GET,/api/pdf-parser/jobs/pdf-parse-7e516b7d-f56f-4402-9784-8d66a65bf30d/result,HTTPError('404 Client Error: Not Found for url: /api/pdf-parser/jobs/pdf-parse-7e516b7d-f56f-4402-9784-8d66a65bf30d/result'),2
GET,/api/pdf-parser/jobs/pdf-parse-deee42ba-bb95-4cc5-bdfc-824834ef4217/result,HTTPError('404 Client Error: Not Found for url: /api/pdf-parser/jobs/pdf-parse-deee42ba-bb95-4cc5-bdfc-824834ef4217/result'),1
GET,/api/pdf-parser/jobs/pdf-parse-12e819e7-f4a8-4029-8da4-380a4ad4e7fd/result,HTTPError('404 Client Error: Not Found for url: /api/pdf-parser/jobs/pdf-parse-12e819e7-f4a8-4029-8da4-380a4ad4e7fd/result'),1
GET,/api/pdf-parser/jobs/pdf-parse-85164db4-72f5-44c7-adac-372e62cf383c/result,HTTPError('404 Client Error: Not Found for url: /api/pdf-parser/jobs/pdf-parse-85164db4-72f5-44c7-adac-372e62cf383c/result'),1
GET,/api/pdf-parser/jobs/pdf-parse-4ddeb158-56dd-4176-9023-b68ed178e429/result,HTTPError('404 Client Error: Not Found for url: /api/pdf-parser/jobs/pdf-parse-4ddeb158-56dd-4176-9023-b68ed178e429/result'),1
GET,/api/pdf-parser/jobs/pdf-parse-b6fafc16-8df3-4f6a-b723-e92b8b94a918/result,HTTPError('404 Client Error: Not Found for url: /api/pdf-parser/jobs/pdf-parse-b6fafc16-8df3-4f6a-b723-e92b8b94a918/result'),1
GET,/api/pdf-parser/jobs/pdf-parse-8743b24a-8f58-4093-bb62-acb95c429b57/result,HTTPError('404 Client Error: Not Found for url: /api/pdf-parser/jobs/pdf-parse-8743b24a-8f58-4093-bb62-acb95c429b57/result'),4
GET,/api/pdf-parser/jobs/pdf-parse-73528462-a831-439b-a65f-3c0e6e7d313e/result,HTTPError('404 Client Error: Not Found for url: /api/pdf-parser/jobs/pdf-parse-73528462-a831-439b-a65f-3c0e6e7d313e/result'),1
GET,/api/pdf-parser/jobs/pdf-parse-40cede8a-0502-48e7-967f-0d1c0eff1dc0/result,HTTPError('404 Client Error: Not Found for url: /api/pdf-parser/jobs/pdf-parse-40cede8a-0502-48e7-967f-0d1c0eff1dc0/result'),2
GET,/api/pdf-parser/jobs/pdf-parse-be2d24e1-99cf-4c68-a03d-afca761e4e8f/result,HTTPError('404 Client Error: Not Found for url: /api/pdf-parser/jobs/pdf-parse-be2d24e1-99cf-4c68-a03d-afca761e4e8f/result'),3
GET,/api/pdf-parser/jobs/pdf-parse-02e6bfcd-3f38-41db-8b70-deb5d5fe8a24/result,HTTPError('404 Client Error: Not Found for url: /api/pdf-parser/jobs/pdf-parse-02e6bfcd-3f38-41db-8b70-deb5d5fe8a24/result'),3
GET,/api/pdf-parser/jobs/pdf-parse-b6e405ce-837b-4c98-937f-d3adfa2fe975/result,HTTPError('404 Client Error: Not Found for url: /api/pdf-parser/jobs/pdf-parse-b6e405ce-837b-4c98-937f-d3adfa2fe975/result'),1
GET,/api/pdf-parser/jobs/pdf-parse-ea78e4ca-752c-4ef3-8c5c-e20ef906925c/result,HTTPError('404 Client Error: Not Found for url: /api/pdf-parser/jobs/pdf-parse-ea78e4ca-752c-4ef3-8c5c-e20ef906925c/result'),2
GET,/api/pdf-parser/jobs/pdf-parse-e22464c3-0de8-4219-aa01-7d9108294f94/result,HTTPError('404 Client Error: Not Found for url: /api/pdf-parser/jobs/pdf-parse-e22464c3-0de8-4219-aa01-7d9108294f94/result'),3
GET,/api/pdf-parser/jobs/pdf-parse-6a1d523c-4024-4bc9-a0ad-562b8d681c9a/result,HTTPError('404 Client Error: Not Found for url: /api/pdf-parser/jobs/pdf-parse-6a1d523c-4024-4bc9-a0ad-562b8d681c9a/result'),3
GET,/api/pdf-parser/jobs/pdf-parse-b656feda-bd98-4f1b-b6e6-6a871ae0d294/result,HTTPError('404 Client Error: Not Found for url: /api/pdf-parser/jobs/pdf-parse-b656feda-bd98-4f1b-b6e6-6a871ae0d294/result'),4
GET,/api/pdf-parser/jobs/pdf-parse-d0c47f8a-c86b-468f-81d4-e71b65adebb9/result,HTTPError('404 Client Error: Not Found for url: /api/pdf-parser/jobs/pdf-parse-d0c47f8a-c86b-468f-81d4-e71b65adebb9/result'),1
GET,/api/pdf-parser/jobs/pdf-parse-ac31b00a-4bf3-4853-953b-6615a0b0f090/result,HTTPError('404 Client Error: Not Found for url: /api/pdf-parser/jobs/pdf-parse-ac31b00a-4bf3-4853-953b-6615a0b0f090/result'),2
GET,/api/pdf-parser/jobs/pdf-parse-bb404566-b2d9-425d-834c-a4c517ceebee/result,HTTPError('404 Client Error: Not Found for url: /api/pdf-parser/jobs/pdf-parse-bb404566-b2d9-425d-834c-a4c517ceebee/result'),1
GET,/api/pdf-parser/jobs/pdf-parse-580f6394-9a29-4285-a7e5-d747f1751f60/result,HTTPError('404 Client Error: Not Found for url: /api/pdf-parser/jobs/pdf-parse-580f6394-9a29-4285-a7e5-d747f1751f60/result'),3
GET,/api/pdf-parser/jobs/pdf-parse-52edf810-364f-4374-9480-f41cc2f2c089/result,HTTPError('404 Client Error: Not Found for url: /api/pdf-parser/jobs/pdf-parse-52edf810-364f-4374-9480-f41cc2f2c089/result'),1
GET,/api/pdf-parser/jobs/pdf-parse-19c8a2d6-526f-422f-9287-d07fc1a33702/result,HTTPError('404 Client Error: Not Found for url: /api/pdf-parser/jobs/pdf-parse-19c8a2d6-526f-422f-9287-d07fc1a33702/result'),1
GET,/api/pdf-parser/jobs/pdf-parse-26949655-fdae-4a25-b588-4527bf089e99/result,HTTPError('404 Client Error: Not Found for url: /api/pdf-parser/jobs/pdf-parse-26949655-fdae-4a25-b588-4527bf089e99/result'),5
GET,/api/pdf-parser/jobs/pdf-parse-06ef6fb1-d883-41eb-93a0-1ba86c995a4b/result,HTTPError('404 Client Error: Not Found for url: /api/pdf-parser/jobs/pdf-parse-06ef6fb1-d883-41eb-93a0-1ba86c995a4b/result'),4
GET,/api/pdf-parser/jobs/pdf-parse-3911e488-210d-4c2e-a844-e9e250e5ce22/result,HTTPError('404 Client Error: Not Found for url: /api/pdf-parser/jobs/pdf-parse-3911e488-210d-4c2e-a844-e9e250e5ce22/result'),1
GET,/api/pdf-parser/jobs/pdf-parse-2f4384fd-fd37-4885-a6e6-ce0403d65af2/result,HTTPError('404 Client Error: Not Found for url: /api/pdf-parser/jobs/pdf-parse-2f4384fd-fd37-4885-a6e6-ce0403d65af2/result'),3
GET,/api/pdf-parser/jobs/pdf-parse-818f8b65-80bd-4eef-9328-356551be4e40/result,HTTPError('404 Client Error: Not Found for url: /api/pdf-parser/jobs/pdf-parse-818f8b65-80bd-4eef-9328-356551be4e40/result'),3
GET,/api/pdf-parser/jobs/pdf-parse-9fb0aedb-7a2b-4526-92ee-478a09539426/result,HTTPError('404 Client Error: Not Found for url: /api/pdf-parser/jobs/pdf-parse-9fb0aedb-7a2b-4526-92ee-478a09539426/result'),3
GET,/api/pdf-parser/jobs/pdf-parse-0b68572e-0498-4dda-b372-09dc4c6d89dc/result,HTTPError('404 Client Error: Not Found for url: /api/pdf-parser/jobs/pdf-parse-0b68572e-0498-4dda-b372-09dc4c6d89dc/result'),1
GET,/api/pdf-parser/jobs/pdf-parse-55ecb01c-e5f5-43f3-86c5-058aebdb9d0b/result,HTTPError('404 Client Error: Not Found for url: /api/pdf-parser/jobs/pdf-parse-55ecb01c-e5f5-43f3-86c5-058aebdb9d0b/result'),1
GET,/api/pdf-parser/jobs/pdf-parse-ca5f78b3-bb42-4321-bf8a-71087b42f247/result,HTTPError('404 Client Error: Not Found for url: /api/pdf-parser/jobs/pdf-parse-ca5f78b3-bb42-4321-bf8a-71087b42f247/result'),1
GET,/api/pdf-parser/jobs/pdf-parse-4f52a2d6-8130-43d2-b311-b44b83de26d0/result,HTTPError('404 Client Error: Not Found for url: /api/pdf-parser/jobs/pdf-parse-4f52a2d6-8130-43d2-b311-b44b83de26d0/result'),1
GET,/api/pdf-parser/jobs/pdf-parse-1cb08c2c-4e8b-408c-aea8-a9b5e0038d41/result,HTTPError('404 Client Error: Not Found for url: /api/pdf-parser/jobs/pdf-parse-1cb08c2c-4e8b-408c-aea8-a9b5e0038d41/result'),1
GET,/api/pdf-parser/jobs/pdf-parse-325f8064-49f6-487c-8a59-64ffa93b5e45/result,HTTPError('404 Client Error: Not Found for url: /api/pdf-parser/jobs/pdf-parse-325f8064-49f6-487c-8a59-64ffa93b5e45/result'),1
GET,/api/pdf-parser/jobs/pdf-parse-8f60a1fe-a1fe-4303-a5ba-5322e21310e8/result,HTTPError('404 Client Error: Not Found for url: /api/pdf-parser/jobs/pdf-parse-8f60a1fe-a1fe-4303-a5ba-5322e21310e8/result'),3
GET,/api/pdf-parser/jobs/pdf-parse-6f6f6536-1ebc-4589-8e39-e9879bc9b7b0/result,HTTPError('404 Client Error: Not Found for url: /api/pdf-parser/jobs/pdf-parse-6f6f6536-1ebc-4589-8e39-e9879bc9b7b0/result'),1
GET,/api/pdf-parser/jobs/pdf-parse-b6343170-c8fa-4efb-b537-e45cc425401b/result,HTTPError('404 Client Error: Not Found for url: /api/pdf-parser/jobs/pdf-parse-b6343170-c8fa-4efb-b537-e45cc425401b/result'),2
GET,/api/pdf-parser/jobs/pdf-parse-566c24be-1afd-460d-bcf3-431b0aed19f2/result,HTTPError('404 Client Error: Not Found for url: /api/pdf-parser/jobs/pdf-parse-566c24be-1afd-460d-bcf3-431b0aed19f2/result'),5
GET,/api/pdf-parser/jobs/pdf-parse-89a689b9-53e4-4336-addc-6acd18984c75/result,HTTPError('404 Client Error: Not Found for url: /api/pdf-parser/jobs/pdf-parse-89a689b9-53e4-4336-addc-6acd18984c75/result'),1
GET,/api/pdf-parser/jobs/pdf-parse-6933bfbc-03c2-41dd-94d0-1fe15e179075/result,HTTPError('404 Client Error: Not Found for url: /api/pdf-parser/jobs/pdf-parse-6933bfbc-03c2-41dd-94d0-1fe15e179075/result'),1
GET,/api/pdf-parser/jobs/pdf-parse-4930185a-f305-4c47-a2db-7a4f31eb7c20/result,HTTPError('404 Client Error: Not Found for url: /api/pdf-parser/jobs/pdf-parse-4930185a-f305-4c47-a2db-7a4f31eb7c20/result'),1
GET,/api/pdf-parser/jobs/pdf-parse-a8f6151f-0317-48ed-855d-398ee228da25/result,HTTPError('404 Client Error: Not Found for url: /api/pdf-parser/jobs/pdf-parse-a8f6151f-0317-48ed-855d-398ee228da25/result'),1
GET,/api/pdf-parser/jobs/pdf-parse-8babb11a-c92f-437d-a764-885a95194d34/result,HTTPError('404 Client Error: Not Found for url: /api/pdf-parser/jobs/pdf-parse-8babb11a-c92f-437d-a764-885a95194d34/result'),1
GET,/api/pdf-parser/jobs/pdf-parse-dac83cc1-0b8f-4aec-aa19-3bdcfa17d643/result,HTTPError('404 Client Error: Not Found for url: /api/pdf-parser/jobs/pdf-parse-dac83cc1-0b8f-4aec-aa19-3bdcfa17d643/result'),1
GET,/api/pdf-parser/jobs/pdf-parse-242127f0-12bc-4cc6-82ec-7ba2e22c41cd/result,HTTPError('404 Client Error: Not Found for url: /api/pdf-parser/jobs/pdf-parse-242127f0-12bc-4cc6-82ec-7ba2e22c41cd/result'),1
GET,/api/pdf-parser/jobs/pdf-parse-09fc3b7d-9b08-4046-b847-da63563a858f/result,HTTPError('404 Client Error: Not Found for url: /api/pdf-parser/jobs/pdf-parse-09fc3b7d-9b08-4046-b847-da63563a858f/result'),1
GET,/api/pdf-parser/jobs/pdf-parse-f98906cb-d8ff-44c6-9ba6-9cae43243246/result,HTTPError('404 Client Error: Not Found for url: /api/pdf-parser/jobs/pdf-parse-f98906cb-d8ff-44c6-9ba6-9cae43243246/result'),3
GET,/api/pdf-parser/jobs/pdf-parse-79573e27-5bd8-44e1-9d2f-3ca873f58a95/result,HTTPError('404 Client Error: Not Found for url: /api/pdf-parser/jobs/pdf-parse-79573e27-5bd8-44e1-9d2f-3ca873f58a95/result'),1
GET,/api/pdf-parser/jobs/pdf-parse-566bbf2c-5bc3-47df-b494-0e3c8ff5c45e/result,HTTPError('404 Client Error: Not Found for url: /api/pdf-parser/jobs/pdf-parse-566bbf2c-5bc3-47df-b494-0e3c8ff5c45e/result'),1
GET,/api/pdf-parser/jobs/pdf-parse-6a417951-291d-4340-8a2f-b61d467df18a/result,HTTPError('404 Client Error: Not Found for url: /api/pdf-parser/jobs/pdf-parse-6a417951-291d-4340-8a2f-b61d467df18a/result'),2
GET,/api/pdf-parser/jobs/pdf-parse-41290873-0f95-4a75-9a5b-af658ecff62d/result,HTTPError('404 Client Error: Not Found for url: /api/pdf-parser/jobs/pdf-parse-41290873-0f95-4a75-9a5b-af658ecff62d/result'),1
GET,/api/pdf-parser/jobs/pdf-parse-bc90c2d0-9a22-4363-b42a-83a740d39b9c/result,HTTPError('404 Client Error: Not Found for url: /api/pdf-parser/jobs/pdf-parse-bc90c2d0-9a22-4363-b42a-83a740d39b9c/result'),1
GET,/api/pdf-parser/jobs/pdf-parse-bfd1761e-9325-4ad1-ac4d-d9a2ded56de4/result,HTTPError('404 Client Error: Not Found for url: /api/pdf-parser/jobs/pdf-parse-bfd1761e-9325-4ad1-ac4d-d9a2ded56de4/result'),1
GET,/api/pdf-parser/jobs/pdf-parse-e5407a5d-8e42-464b-a564-f7d94776e9f1/result,HTTPError('404 Client Error: Not Found for url: /api/pdf-parser/jobs/pdf-parse-e5407a5d-8e42-464b-a564-f7d94776e9f1/result'),3
GET,/api/pdf-parser/jobs/pdf-parse-41c7a5ce-fc62-45aa-8f31-ae0c63fc3b05/result,HTTPError('404 Client Error: Not Found for url: /api/pdf-parser/jobs/pdf-parse-41c7a5ce-fc62-45aa-8f31-ae0c63fc3b05/result'),1
GET,/api/pdf-parser/jobs/pdf-parse-f0a43a0c-6eba-485d-bf98-991340c0ce5a/result,HTTPError('404 Client Error: Not Found for url: /api/pdf-parser/jobs/pdf-parse-f0a43a0c-6eba-485d-bf98-991340c0ce5a/result'),5
GET,/api/pdf-parser/jobs/pdf-parse-ad75f292-23b8-4b50-baa6-5a1043833b90/result,HTTPError('404 Client Error: Not Found for url: /api/pdf-parser/jobs/pdf-parse-ad75f292-23b8-4b50-baa6-5a1043833b90/result'),3
GET,/api/pdf-parser/jobs/pdf-parse-f958f2a2-1349-4f64-8911-d322b1eb8e6e/result,HTTPError('404 Client Error: Not Found for url: /api/pdf-parser/jobs/pdf-parse-f958f2a2-1349-4f64-8911-d322b1eb8e6e/result'),1
GET,/api/pdf-parser/jobs/pdf-parse-a67f9dd9-5fd2-4866-82a8-155344fd3683/result,HTTPError('404 Client Error: Not Found for url: /api/pdf-parser/jobs/pdf-parse-a67f9dd9-5fd2-4866-82a8-155344fd3683/result'),1
GET,/api/pdf-parser/jobs/pdf-parse-2d7f9f66-a4ad-4380-8d52-2cc400a0fa7f/result,HTTPError('404 Client Error: Not Found for url: /api/pdf-parser/jobs/pdf-parse-2d7f9f66-a4ad-4380-8d52-2cc400a0fa7f/result'),1
GET,/api/pdf-parser/jobs/pdf-parse-c3b8ce48-adc3-42c6-97db-3c0ca925af5d/result,HTTPError('404 Client Error: Not Found for url: /api/pdf-parser/jobs/pdf-parse-c3b8ce48-adc3-42c6-97db-3c0ca925af5d/result'),2
GET,/api/pdf-parser/jobs/pdf-parse-5c414130-83b3-4e8e-8daa-e069501e819b/result,HTTPError('404 Client Error: Not Found for url: /api/pdf-parser/jobs/pdf-parse-5c414130-83b3-4e8e-8daa-e069501e819b/result'),1
GET,/api/pdf-parser/jobs/pdf-parse-f56622be-afa7-4e70-b700-5fff5095c6d7/result,HTTPError('404 Client Error: Not Found for url: /api/pdf-parser/jobs/pdf-parse-f56622be-afa7-4e70-b700-5fff5095c6d7/result'),1
GET,/api/pdf-parser/jobs/pdf-parse-95d9e3d5-48d8-4ca1-9d3f-8871073c8deb/result,HTTPError('404 Client Error: Not Found for url: /api/pdf-parser/jobs/pdf-parse-95d9e3d5-48d8-4ca1-9d3f-8871073c8deb/result'),1
GET,/api/pdf-parser/jobs/pdf-parse-2dc4c200-b50d-481d-b6d0-ddb81d3ff4e6/result,HTTPError('404 Client Error: Not Found for url: /api/pdf-parser/jobs/pdf-parse-2dc4c200-b50d-481d-b6d0-ddb81d3ff4e6/result'),1
GET,/api/pdf-parser/jobs/pdf-parse-76938cb5-15cc-448e-bdaa-4cd41553745a/result,HTTPError('404 Client Error: Not Found for url: /api/pdf-parser/jobs/pdf-parse-76938cb5-15cc-448e-bdaa-4cd41553745a/result'),1
GET,/api/pdf-parser/jobs/pdf-parse-9873f17a-64b5-439d-b4c2-2342165fc7da/result,HTTPError('404 Client Error: Not Found for url: /api/pdf-parser/jobs/pdf-parse-9873f17a-64b5-439d-b4c2-2342165fc7da/result'),3
GET,/api/pdf-parser/jobs/pdf-parse-c872dba8-a364-4778-9bed-77083212ff1a/result,HTTPError('404 Client Error: Not Found for url: /api/pdf-parser/jobs/pdf-parse-c872dba8-a364-4778-9bed-77083212ff1a/result'),1
GET,/api/pdf-parser/jobs/pdf-parse-8a535e70-88a4-41b1-80e4-24c7a69097b7/result,HTTPError('404 Client Error: Not Found for url: /api/pdf-parser/jobs/pdf-parse-8a535e70-88a4-41b1-80e4-24c7a69097b7/result'),6
GET,/api/pdf-parser/jobs/pdf-parse-f70d7816-b624-4f7a-95c0-67640cd916dc/result,HTTPError('404 Client Error: Not Found for url: /api/pdf-parser/jobs/pdf-parse-f70d7816-b624-4f7a-95c0-67640cd916dc/result'),1
GET,/api/pdf-parser/jobs/pdf-parse-a70ffa4d-ad57-4e7c-be4b-f770bc48dc0a/result,HTTPError('404 Client Error: Not Found for url: /api/pdf-parser/jobs/pdf-parse-a70ffa4d-ad57-4e7c-be4b-f770bc48dc0a/result'),1
GET,/api/pdf-parser/jobs/pdf-parse-3788ed02-5f7d-4ab2-8add-a11f65e61708/result,HTTPError('404 Client Error: Not Found for url: /api/pdf-parser/jobs/pdf-parse-3788ed02-5f7d-4ab2-8add-a11f65e61708/result'),2
GET,/api/pdf-parser/jobs/pdf-parse-2a487916-3207-4c27-8bed-a8abe52cc343/result,HTTPError('404 Client Error: Not Found for url: /api/pdf-parser/jobs/pdf-parse-2a487916-3207-4c27-8bed-a8abe52cc343/result'),1
GET,/api/pdf-parser/jobs/pdf-parse-0e606b51-ffe3-4b10-82be-9c977a1da4d6/result,HTTPError('404 Client Error: Not Found for url: /api/pdf-parser/jobs/pdf-parse-0e606b51-ffe3-4b10-82be-9c977a1da4d6/result'),3
GET,/api/pdf-parser/jobs/pdf-parse-fad029e5-5012-4f4e-997c-05bb144c55d6/result,HTTPError('404 Client Error: Not Found for url: /api/pdf-parser/jobs/pdf-parse-fad029e5-5012-4f4e-997c-05bb144c55d6/result'),1
GET,/api/pdf-parser/jobs/pdf-parse-2383c8e2-f20c-4861-b35e-02cd351999f6/result,HTTPError('404 Client Error: Not Found for url: /api/pdf-parser/jobs/pdf-parse-2383c8e2-f20c-4861-b35e-02cd351999f6/result'),1
GET,/api/pdf-parser/jobs/pdf-parse-a5f56022-3412-4eed-9b98-e81a8d77a342/result,HTTPError('404 Client Error: Not Found for url: /api/pdf-parser/jobs/pdf-parse-a5f56022-3412-4eed-9b98-e81a8d77a342/result'),2
GET,/api/pdf-parser/jobs/pdf-parse-4c12f56c-2961-48aa-9b75-e6ad90727d91/result,HTTPError('404 Client Error: Not Found for url: /api/pdf-parser/jobs/pdf-parse-4c12f56c-2961-48aa-9b75-e6ad90727d91/result'),3
GET,/api/pdf-parser/jobs/pdf-parse-c06c7914-9a06-41f8-9ed9-7f0b8781ef00/result,HTTPError('404 Client Error: Not Found for url: /api/pdf-parser/jobs/pdf-parse-c06c7914-9a06-41f8-9ed9-7f0b8781ef00/result'),2
GET,/api/pdf-parser/jobs/pdf-parse-bc13a632-a9fc-40dc-81ba-685af1e79a0a/result,HTTPError('404 Client Error: Not Found for url: /api/pdf-parser/jobs/pdf-parse-bc13a632-a9fc-40dc-81ba-685af1e79a0a/result'),4
GET,/api/pdf-parser/jobs/pdf-parse-325b8145-723b-43b6-afd9-1685089110d8/result,HTTPError('404 Client Error: Not Found for url: /api/pdf-parser/jobs/pdf-parse-325b8145-723b-43b6-afd9-1685089110d8/result'),1
GET,/api/pdf-parser/jobs/pdf-parse-fab4c50f-9590-49e4-9bbf-833da8e608f3/result,HTTPError('404 Client Error: Not Found for url: /api/pdf-parser/jobs/pdf-parse-fab4c50f-9590-49e4-9bbf-833da8e608f3/result'),1
GET,/api/pdf-parser/jobs/pdf-parse-30c2642b-4cef-445f-9781-57ca30a7562d/result,HTTPError('404 Client Error: Not Found for url: /api/pdf-parser/jobs/pdf-parse-30c2642b-4cef-445f-9781-57ca30a7562d/result'),2
GET,/api/pdf-parser/jobs/pdf-parse-7d1310bb-447a-4ac6-807d-90022fab9337/result,HTTPError('404 Client Error: Not Found for url: /api/pdf-parser/jobs/pdf-parse-7d1310bb-447a-4ac6-807d-90022fab9337/result'),2
GET,/api/pdf-parser/jobs/pdf-parse-a8bb6973-965c-4939-9d0d-f1cf058b2570/result,HTTPError('404 Client Error: Not Found for url: /api/pdf-parser/jobs/pdf-parse-a8bb6973-965c-4939-9d0d-f1cf058b2570/result'),1
GET,/api/pdf-parser/jobs/pdf-parse-4bae914e-711e-475b-94b9-7fae11e6cf08/result,HTTPError('404 Client Error: Not Found for url: /api/pdf-parser/jobs/pdf-parse-4bae914e-711e-475b-94b9-7fae11e6cf08/result'),1
GET,/api/pdf-parser/jobs/pdf-parse-90135e22-9174-48a3-8a83-c0b7d3756b5a/result,HTTPError('404 Client Error: Not Found for url: /api/pdf-parser/jobs/pdf-parse-90135e22-9174-48a3-8a83-c0b7d3756b5a/result'),1
GET,/api/pdf-parser/jobs/pdf-parse-9a5a6dea-baf2-48c0-8644-88c4eb0e9099/result,HTTPError('404 Client Error: Not Found for url: /api/pdf-parser/jobs/pdf-parse-9a5a6dea-baf2-48c0-8644-88c4eb0e9099/result'),1
GET,/api/pdf-parser/jobs/pdf-parse-d40cfe7a-a448-4c6c-b664-f35fb6e2fa75/result,HTTPError('404 Client Error: Not Found for url: /api/pdf-parser/jobs/pdf-parse-d40cfe7a-a448-4c6c-b664-f35fb6e2fa75/result'),2
GET,/api/pdf-parser/jobs/pdf-parse-0fcd0cf3-8da5-4c76-b360-7002460e61aa/result,HTTPError('404 Client Error: Not Found for url: /api/pdf-parser/jobs/pdf-parse-0fcd0cf3-8da5-4c76-b360-7002460e61aa/result'),1
GET,/api/pdf-parser/jobs/pdf-parse-ac236d6d-c848-4332-aa06-90395e990921/result,HTTPError('404 Client Error: Not Found for url: /api/pdf-parser/jobs/pdf-parse-ac236d6d-c848-4332-aa06-90395e990921/result'),1
GET,/api/pdf-parser/jobs/pdf-parse-368f6fcf-1a55-4c47-9bec-86c72250c030/result,HTTPError('404 Client Error: Not Found for url: /api/pdf-parser/jobs/pdf-parse-368f6fcf-1a55-4c47-9bec-86c72250c030/result'),2
GET,/api/pdf-parser/jobs/pdf-parse-fa9096f0-3631-4b89-9d4c-2cd57ed8a1b3/result,HTTPError('404 Client Error: Not Found for url: /api/pdf-parser/jobs/pdf-parse-fa9096f0-3631-4b89-9d4c-2cd57ed8a1b3/result'),1
GET,/api/pdf-parser/jobs/pdf-parse-d34ab63c-3037-4f4d-ba92-0d41a33659e8/result,HTTPError('404 Client Error: Not Found for url: /api/pdf-parser/jobs/pdf-parse-d34ab63c-3037-4f4d-ba92-0d41a33659e8/result'),1
GET,/api/pdf-parser/jobs/pdf-parse-c9e09833-78d6-4a1f-bd98-ba6572765363/result,HTTPError('404 Client Error: Not Found for url: /api/pdf-parser/jobs/pdf-parse-c9e09833-78d6-4a1f-bd98-ba6572765363/result'),1
GET,/api/pdf-parser/jobs/pdf-parse-0635a647-5baf-4947-aa7b-6d7aa0b4fcb9/result,HTTPError('404 Client Error: Not Found for url: /api/pdf-parser/jobs/pdf-parse-0635a647-5baf-4947-aa7b-6d7aa0b4fcb9/result'),1
GET,/api/pdf-parser/jobs/pdf-parse-f803b7ca-d502-452c-a8fe-178306138d86/result,HTTPError('404 Client Error: Not Found for url: /api/pdf-parser/jobs/pdf-parse-f803b7ca-d502-452c-a8fe-178306138d86/result'),1
GET,/api/pdf-parser/jobs/pdf-parse-86ec4d05-4b81-476f-9dbe-5c386cf6e0fb/result,HTTPError('404 Client Error: Not Found for url: /api/pdf-parser/jobs/pdf-parse-86ec4d05-4b81-476f-9dbe-5c386cf6e0fb/result'),1
GET,/api/pdf-parser/jobs/pdf-parse-8db27c3e-b95b-4e57-a43d-cf00906dd0b7/result,HTTPError('404 Client Error: Not Found for url: /api/pdf-parser/jobs/pdf-parse-8db27c3e-b95b-4e57-a43d-cf00906dd0b7/result'),1
GET,/api/pdf-parser/jobs/pdf-parse-7fce7642-75e9-41b8-8eca-ebc49f60d53e/result,HTTPError('404 Client Error: Not Found for url: /api/pdf-parser/jobs/pdf-parse-7fce7642-75e9-41b8-8eca-ebc49f60d53e/result'),6
GET,/api/pdf-parser/jobs/pdf-parse-31147e87-a0e0-4fc3-a6ca-b91368cd283c/result,HTTPError('404 Client Error: Not Found for url: /api/pdf-parser/jobs/pdf-parse-31147e87-a0e0-4fc3-a6ca-b91368cd283c/result'),1
GET,/api/pdf-parser/jobs/pdf-parse-6526f82d-d24f-4ed4-a5a5-44cb2311b790/result,HTTPError('404 Client Error: Not Found for url: /api/pdf-parser/jobs/pdf-parse-6526f82d-d24f-4ed4-a5a5-44cb2311b790/result'),1
GET,/api/pdf-parser/jobs/pdf-parse-c0d4647e-c46b-4174-bd32-7df6879a6d63/result,HTTPError('404 Client Error: Not Found for url: /api/pdf-parser/jobs/pdf-parse-c0d4647e-c46b-4174-bd32-7df6879a6d63/result'),2
GET,/api/pdf-parser/jobs/pdf-parse-01b7eb35-5305-41c0-80f2-d4850fe6cf00/result,HTTPError('404 Client Error: Not Found for url: /api/pdf-parser/jobs/pdf-parse-01b7eb35-5305-41c0-80f2-d4850fe6cf00/result'),1
GET,/api/pdf-parser/jobs/pdf-parse-4dfbefe5-dcfb-438d-8694-30887cdc0bc5/result,HTTPError('404 Client Error: Not Found for url: /api/pdf-parser/jobs/pdf-parse-4dfbefe5-dcfb-438d-8694-30887cdc0bc5/result'),2
GET,/api/pdf-parser/jobs/pdf-parse-df1a2a77-63ac-46c3-8a78-ca2de6c4e488/result,HTTPError('404 Client Error: Not Found for url: /api/pdf-parser/jobs/pdf-parse-df1a2a77-63ac-46c3-8a78-ca2de6c4e488/result'),1
GET,/api/pdf-parser/jobs/pdf-parse-be1d939e-7498-4c2e-a1ba-8af58da8bfcd/result,HTTPError('404 Client Error: Not Found for url: /api/pdf-parser/jobs/pdf-parse-be1d939e-7498-4c2e-a1ba-8af58da8bfcd/result'),1
GET,/api/pdf-parser/jobs/pdf-parse-edf5b00e-7629-4676-a732-ab62844d8dab/result,HTTPError('404 Client Error: Not Found for url: /api/pdf-parser/jobs/pdf-parse-edf5b00e-7629-4676-a732-ab62844d8dab/result'),1
GET,/api/pdf-parser/jobs/pdf-parse-cfa34c57-4bde-44e8-ab00-695fe8a10c11/result,HTTPError('404 Client Error: Not Found for url: /api/pdf-parser/jobs/pdf-parse-cfa34c57-4bde-44e8-ab00-695fe8a10c11/result'),2
GET,/api/pdf-parser/jobs/pdf-parse-e7bfc379-d992-42cc-b30b-ea554918c8a8/result,HTTPError('404 Client Error: Not Found for url: /api/pdf-parser/jobs/pdf-parse-e7bfc379-d992-42cc-b30b-ea554918c8a8/result'),2
GET,/api/pdf-parser/jobs/pdf-parse-cec9b5fc-5893-45ea-aeb1-fbc2e5a0b65f/result,HTTPError('404 Client Error: Not Found for url: /api/pdf-parser/jobs/pdf-parse-cec9b5fc-5893-45ea-aeb1-fbc2e5a0b65f/result'),2
GET,/api/pdf-parser/jobs/pdf-parse-e6856147-80b8-49f7-a703-81106b96feee/result,HTTPError('404 Client Error: Not Found for url: /api/pdf-parser/jobs/pdf-parse-e6856147-80b8-49f7-a703-81106b96feee/result'),3
GET,/api/pdf-parser/jobs/pdf-parse-86aeae92-d90b-449c-97c8-2278ffd22dd7/result,HTTPError('404 Client Error: Not Found for url: /api/pdf-parser/jobs/pdf-parse-86aeae92-d90b-449c-97c8-2278ffd22dd7/result'),1
GET,/api/pdf-parser/jobs/pdf-parse-0f1524f4-162d-494a-a7ef-0446b7bb1977/result,HTTPError('404 Client Error: Not Found for url: /api/pdf-parser/jobs/pdf-parse-0f1524f4-162d-494a-a7ef-0446b7bb1977/result'),1
GET,/api/pdf-parser/jobs/pdf-parse-adcead8f-a427-46bb-9862-e727632cdff0/result,HTTPError('404 Client Error: Not Found for url: /api/pdf-parser/jobs/pdf-parse-adcead8f-a427-46bb-9862-e727632cdff0/result'),1
GET,/api/pdf-parser/jobs/pdf-parse-eac3fdd0-086e-4e08-a923-19bd46fc7ca5/result,HTTPError('404 Client Error: Not Found for url: /api/pdf-parser/jobs/pdf-parse-eac3fdd0-086e-4e08-a923-19bd46fc7ca5/result'),2
GET,/api/pdf-parser/jobs/pdf-parse-12dcfd39-40f4-4f80-ba66-3e4d96feea8a/result,HTTPError('404 Client Error: Not Found for url: /api/pdf-parser/jobs/pdf-parse-12dcfd39-40f4-4f80-ba66-3e4d96feea8a/result'),1
GET,/api/pdf-parser/jobs/pdf-parse-7a92bea5-7e5f-4e66-a8de-121a89adfac0/result,HTTPError('404 Client Error: Not Found for url: /api/pdf-parser/jobs/pdf-parse-7a92bea5-7e5f-4e66-a8de-121a89adfac0/result'),1
GET,/api/pdf-parser/jobs/pdf-parse-5850f74f-55a8-4d7c-a4ab-d649e82cebd9/result,HTTPError('404 Client Error: Not Found for url: /api/pdf-parser/jobs/pdf-parse-5850f74f-55a8-4d7c-a4ab-d649e82cebd9/result'),1
GET,/api/pdf-parser/jobs/pdf-parse-a12e9cc5-1b65-4cce-b42e-ac409b19a8e0/result,HTTPError('404 Client Error: Not Found for url: /api/pdf-parser/jobs/pdf-parse-a12e9cc5-1b65-4cce-b42e-ac409b19a8e0/result'),1
GET,/api/pdf-parser/jobs/pdf-parse-3d7b6e0b-2c21-4ec5-9a33-e07be32fc13e/result,HTTPError('404 Client Error: Not Found for url: /api/pdf-parser/jobs/pdf-parse-3d7b6e0b-2c21-4ec5-9a33-e07be32fc13e/result'),1
GET,/api/pdf-parser/jobs/pdf-parse-a4236f56-7d6b-434e-bdfe-6864d126168f/result,HTTPError('404 Client Error: Not Found for url: /api/pdf-parser/jobs/pdf-parse-a4236f56-7d6b-434e-bdfe-6864d126168f/result'),6
GET,/api/pdf-parser/jobs/pdf-parse-a6ff8ad8-5f3b-4a03-ae3c-73c0d13d12ca/result,HTTPError('404 Client Error: Not Found for url: /api/pdf-parser/jobs/pdf-parse-a6ff8ad8-5f3b-4a03-ae3c-73c0d13d12ca/result'),4
GET,/api/pdf-parser/jobs/pdf-parse-afaca00c-2a9d-4505-9bc2-50ba6892ab3a/result,HTTPError('404 Client Error: Not Found for url: /api/pdf-parser/jobs/pdf-parse-afaca00c-2a9d-4505-9bc2-50ba6892ab3a/result'),2
GET,/api/pdf-parser/jobs/pdf-parse-327d0ddb-e370-4f2f-8a0d-d00cb79cc571/result,HTTPError('404 Client Error: Not Found for url: /api/pdf-parser/jobs/pdf-parse-327d0ddb-e370-4f2f-8a0d-d00cb79cc571/result'),2
GET,/api/pdf-parser/jobs/pdf-parse-810734b7-a848-4195-a0ce-a63f6a03702a/result,HTTPError('404 Client Error: Not Found for url: /api/pdf-parser/jobs/pdf-parse-810734b7-a848-4195-a0ce-a63f6a03702a/result'),1
GET,/api/pdf-parser/jobs/pdf-parse-4e4539b9-1c95-4dfb-82ad-ba184f5e6caa/result,HTTPError('404 Client Error: Not Found for url: /api/pdf-parser/jobs/pdf-parse-4e4539b9-1c95-4dfb-82ad-ba184f5e6caa/result'),2
GET,/api/pdf-parser/jobs/pdf-parse-d4355d9a-46ae-44fb-80b1-d42feb9f8010/result,HTTPError('404 Client Error: Not Found for url: /api/pdf-parser/jobs/pdf-parse-d4355d9a-46ae-44fb-80b1-d42feb9f8010/result'),2
GET,/api/pdf-parser/jobs/pdf-parse-e9ac288f-446a-40fe-89f1-9bea9c4280bf/result,HTTPError('404 Client Error: Not Found for url: /api/pdf-parser/jobs/pdf-parse-e9ac288f-446a-40fe-89f1-9bea9c4280bf/result'),4
GET,/api/pdf-parser/jobs/pdf-parse-1a91e74b-7158-4f55-b3b4-af4187e05f67/result,HTTPError('404 Client Error: Not Found for url: /api/pdf-parser/jobs/pdf-parse-1a91e74b-7158-4f55-b3b4-af4187e05f67/result'),3
GET,/api/pdf-parser/jobs/pdf-parse-2eb62175-0f87-4bac-9477-9dc4cec28671/result,HTTPError('404 Client Error: Not Found for url: /api/pdf-parser/jobs/pdf-parse-2eb62175-0f87-4bac-9477-9dc4cec28671/result'),4
GET,/api/pdf-parser/jobs/pdf-parse-a901d7cf-8d14-4782-8965-059deef5a777/result,HTTPError('404 Client Error: Not Found for url: /api/pdf-parser/jobs/pdf-parse-a901d7cf-8d14-4782-8965-059deef5a777/result'),1
GET,/api/pdf-parser/jobs/pdf-parse-eae6f57d-a4f4-4073-a924-0833ec6d3106/result,HTTPError('404 Client Error: Not Found for url: /api/pdf-parser/jobs/pdf-parse-eae6f57d-a4f4-4073-a924-0833ec6d3106/result'),2
GET,/api/pdf-parser/jobs/pdf-parse-485cb7f4-1ef0-4160-b77e-7a13c16ee7d2/result,HTTPError('404 Client Error: Not Found for url: /api/pdf-parser/jobs/pdf-parse-485cb7f4-1ef0-4160-b77e-7a13c16ee7d2/result'),2
GET,/api/pdf-parser/jobs/pdf-parse-2e216af8-89b6-45eb-af25-e076cdac0efc/result,HTTPError('404 Client Error: Not Found for url: /api/pdf-parser/jobs/pdf-parse-2e216af8-89b6-45eb-af25-e076cdac0efc/result'),3
GET,/api/pdf-parser/jobs/pdf-parse-54e19573-5188-4c85-8fec-47c4cd06026f/result,HTTPError('404 Client Error: Not Found for url: /api/pdf-parser/jobs/pdf-parse-54e19573-5188-4c85-8fec-47c4cd06026f/result'),3
GET,/api/pdf-parser/jobs/pdf-parse-91f23f1f-fe62-4eb3-90b7-77ec69ef5da6/result,HTTPError('404 Client Error: Not Found for url: /api/pdf-parser/jobs/pdf-parse-91f23f1f-fe62-4eb3-90b7-77ec69ef5da6/result'),1
GET,/api/pdf-parser/jobs/pdf-parse-a1c6ab3e-1fa2-44c4-8f58-3a2b00641109/result,HTTPError('404 Client Error: Not Found for url: /api/pdf-parser/jobs/pdf-parse-a1c6ab3e-1fa2-44c4-8f58-3a2b00641109/result'),2
GET,/api/pdf-parser/jobs/pdf-parse-96cbc3ed-646e-4a58-a185-1cb7b2d5486d/result,HTTPError('404 Client Error: Not Found for url: /api/pdf-parser/jobs/pdf-parse-96cbc3ed-646e-4a58-a185-1cb7b2d5486d/result'),1
GET,/api/pdf-parser/jobs/pdf-parse-faf39356-4898-41c2-b2e6-aa6c9c778a84/result,HTTPError('404 Client Error: Not Found for url: /api/pdf-parser/jobs/pdf-parse-faf39356-4898-41c2-b2e6-aa6c9c778a84/result'),1
GET,/api/pdf-parser/jobs/pdf-parse-2b7b860a-118b-4323-ae50-e50a5f7b4ef5/result,HTTPError('404 Client Error: Not Found for url: /api/pdf-parser/jobs/pdf-parse-2b7b860a-118b-4323-ae50-e50a5f7b4ef5/result'),1
GET,/api/pdf-parser/jobs/pdf-parse-78005631-2682-4388-8030-13b2407d6656/result,HTTPError('404 Client Error: Not Found for url: /api/pdf-parser/jobs/pdf-parse-78005631-2682-4388-8030-13b2407d6656/result'),2
GET,/api/pdf-parser/jobs/pdf-parse-5c6bfdd4-4d5a-45b0-b0e4-45892c485e5d/result,HTTPError('404 Client Error: Not Found for url: /api/pdf-parser/jobs/pdf-parse-5c6bfdd4-4d5a-45b0-b0e4-45892c485e5d/result'),1
GET,/api/pdf-parser/jobs/pdf-parse-033a0eb2-e65e-4ddc-bbd4-8851d227375b/result,HTTPError('404 Client Error: Not Found for url: /api/pdf-parser/jobs/pdf-parse-033a0eb2-e65e-4ddc-bbd4-8851d227375b/result'),5
GET,/api/pdf-parser/jobs/pdf-parse-d036e043-7ef1-424d-a142-7b4b4ecb6855/result,HTTPError('404 Client Error: Not Found for url: /api/pdf-parser/jobs/pdf-parse-d036e043-7ef1-424d-a142-7b4b4ecb6855/result'),1
GET,/api/pdf-parser/jobs/pdf-parse-a1139973-aba2-4457-999d-ca624f527da7/result,HTTPError('404 Client Error: Not Found for url: /api/pdf-parser/jobs/pdf-parse-a1139973-aba2-4457-999d-ca624f527da7/result'),4
GET,/api/pdf-parser/jobs/pdf-parse-c2275f0b-fcaf-4ef2-b8d5-a25c0a65a134/result,HTTPError('404 Client Error: Not Found for url: /api/pdf-parser/jobs/pdf-parse-c2275f0b-fcaf-4ef2-b8d5-a25c0a65a134/result'),2
GET,/api/pdf-parser/jobs/pdf-parse-f54b199f-808b-46bf-b600-e2172640fa05/result,HTTPError('404 Client Error: Not Found for url: /api/pdf-parser/jobs/pdf-parse-f54b199f-808b-46bf-b600-e2172640fa05/result'),1
GET,/api/pdf-parser/jobs/pdf-parse-84da05c2-38ad-4fc1-87c8-6628e53f88b6/result,HTTPError('404 Client Error: Not Found for url: /api/pdf-parser/jobs/pdf-parse-84da05c2-38ad-4fc1-87c8-6628e53f88b6/result'),1
GET,/api/pdf-parser/jobs/pdf-parse-8acce974-9263-4d18-9833-79a062af6163/result,HTTPError('404 Client Error: Not Found for url: /api/pdf-parser/jobs/pdf-parse-8acce974-9263-4d18-9833-79a062af6163/result'),1
GET,/api/pdf-parser/jobs/pdf-parse-15d2168c-6c76-446e-8757-520ac23c9e62/result,HTTPError('404 Client Error: Not Found for url: /api/pdf-parser/jobs/pdf-parse-15d2168c-6c76-446e-8757-520ac23c9e62/result'),1
GET,/api/pdf-parser/jobs/pdf-parse-d813137a-4106-4ef7-98eb-f3cc45cfd97a/result,HTTPError('404 Client Error: Not Found for url: /api/pdf-parser/jobs/pdf-parse-d813137a-4106-4ef7-98eb-f3cc45cfd97a/result'),1
GET,/api/pdf-parser/jobs/pdf-parse-310ef001-c253-490f-9abe-298e8d5eac97/result,HTTPError('404 Client Error: Not Found for url: /api/pdf-parser/jobs/pdf-parse-310ef001-c253-490f-9abe-298e8d5eac97/result'),1
GET,/api/pdf-parser/jobs/pdf-parse-c6587255-6554-4732-8439-cf8b584d54a1/result,HTTPError('404 Client Error: Not Found for url: /api/pdf-parser/jobs/pdf-parse-c6587255-6554-4732-8439-cf8b584d54a1/result'),3
GET,/api/pdf-parser/jobs/pdf-parse-585acce4-46d7-4718-8027-9545d286db9a/result,HTTPError('404 Client Error: Not Found for url: /api/pdf-parser/jobs/pdf-parse-585acce4-46d7-4718-8027-9545d286db9a/result'),3
GET,/api/pdf-parser/jobs/pdf-parse-c5492b6e-8e65-4e79-9282-990099392cd3/result,HTTPError('404 Client Error: Not Found for url: /api/pdf-parser/jobs/pdf-parse-c5492b6e-8e65-4e79-9282-990099392cd3/result'),4
GET,/api/pdf-parser/jobs/pdf-parse-e37429d9-fb64-48b7-87d7-86d727ad7ee8/result,HTTPError('404 Client Error: Not Found for url: /api/pdf-parser/jobs/pdf-parse-e37429d9-fb64-48b7-87d7-86d727ad7ee8/result'),3
GET,/api/pdf-parser/jobs/pdf-parse-07fd79b2-1e8f-4875-b355-c3c30dcf1dcf/result,HTTPError('404 Client Error: Not Found for url: /api/pdf-parser/jobs/pdf-parse-07fd79b2-1e8f-4875-b355-c3c30dcf1dcf/result'),3
GET,/api/pdf-parser/jobs/pdf-parse-f89c1c73-5d1a-4e08-9099-024c17a9664e/result,HTTPError('404 Client Error: Not Found for url: /api/pdf-parser/jobs/pdf-parse-f89c1c73-5d1a-4e08-9099-024c17a9664e/result'),2
GET,/api/pdf-parser/jobs/pdf-parse-b183c4aa-4a3c-4a5c-a265-b4c0f6eca16e/result,HTTPError('404 Client Error: Not Found for url: /api/pdf-parser/jobs/pdf-parse-b183c4aa-4a3c-4a5c-a265-b4c0f6eca16e/result'),1
GET,/api/pdf-parser/jobs/pdf-parse-582efc8d-a21e-4a29-b688-c447c3326615/result,HTTPError('404 Client Error: Not Found for url: /api/pdf-parser/jobs/pdf-parse-582efc8d-a21e-4a29-b688-c447c3326615/result'),1
GET,/api/pdf-parser/jobs/pdf-parse-c3867a81-14bd-436d-82e3-e1dd63abaa0d/result,HTTPError('404 Client Error: Not Found for url: /api/pdf-parser/jobs/pdf-parse-c3867a81-14bd-436d-82e3-e1dd63abaa0d/result'),3
GET,/api/pdf-parser/jobs/pdf-parse-dab7c573-a28e-4bd2-8fdd-f1facc2727da/result,HTTPError('404 Client Error: Not Found for url: /api/pdf-parser/jobs/pdf-parse-dab7c573-a28e-4bd2-8fdd-f1facc2727da/result'),2
GET,/api/pdf-parser/jobs/pdf-parse-26cafa30-baa1-4328-8cf1-8ddcfec07583/result,HTTPError('404 Client Error: Not Found for url: /api/pdf-parser/jobs/pdf-parse-26cafa30-baa1-4328-8cf1-8ddcfec07583/result'),1
GET,/api/pdf-parser/jobs/pdf-parse-1f063d9c-ec26-4699-9767-92aa3ad85fca/result,HTTPError('404 Client Error: Not Found for url: /api/pdf-parser/jobs/pdf-parse-1f063d9c-ec26-4699-9767-92aa3ad85fca/result'),2
GET,/api/pdf-parser/jobs/pdf-parse-2c003872-268b-4b52-b590-ce3d43bdd318/result,HTTPError('404 Client Error: Not Found for url: /api/pdf-parser/jobs/pdf-parse-2c003872-268b-4b52-b590-ce3d43bdd318/result'),3
GET,/api/pdf-parser/jobs/pdf-parse-fc43972a-1ef9-4daf-8960-cff8abde1f7b/result,HTTPError('404 Client Error: Not Found for url: /api/pdf-parser/jobs/pdf-parse-fc43972a-1ef9-4daf-8960-cff8abde1f7b/result'),1
GET,/api/pdf-parser/jobs/pdf-parse-8743dc10-128a-4c4e-b46e-04fca4f11970/result,HTTPError('404 Client Error: Not Found for url: /api/pdf-parser/jobs/pdf-parse-8743dc10-128a-4c4e-b46e-04fca4f11970/result'),4
GET,/api/pdf-parser/jobs/pdf-parse-4b488a8c-c581-4994-850f-3d254270a27b/result,HTTPError('404 Client Error: Not Found for url: /api/pdf-parser/jobs/pdf-parse-4b488a8c-c581-4994-850f-3d254270a27b/result'),2
GET,/api/pdf-parser/jobs/pdf-parse-c1976024-f57e-4bcd-830a-cb04566d2efc/result,HTTPError('404 Client Error: Not Found for url: /api/pdf-parser/jobs/pdf-parse-c1976024-f57e-4bcd-830a-cb04566d2efc/result'),2
GET,/api/pdf-parser/jobs/pdf-parse-644f9923-87dd-4de3-8173-9db865c2cbab/result,HTTPError('404 Client Error: Not Found for url: /api/pdf-parser/jobs/pdf-parse-644f9923-87dd-4de3-8173-9db865c2cbab/result'),1
GET,/api/pdf-parser/jobs/pdf-parse-b4be0c89-a17a-40e0-b306-e9461223cbc0/result,HTTPError('404 Client Error: Not Found for url: /api/pdf-parser/jobs/pdf-parse-b4be0c89-a17a-40e0-b306-e9461223cbc0/result'),1
GET,/api/pdf-parser/jobs/pdf-parse-744ea79d-8753-452c-8054-b21af79ee4eb/result,HTTPError('404 Client Error: Not Found for url: /api/pdf-parser/jobs/pdf-parse-744ea79d-8753-452c-8054-b21af79ee4eb/result'),3
GET,/api/pdf-parser/jobs/pdf-parse-c365a85f-fde0-433b-900d-9778339dc5a4/result,HTTPError('404 Client Error: Not Found for url: /api/pdf-parser/jobs/pdf-parse-c365a85f-fde0-433b-900d-9778339dc5a4/result'),1
GET,/api/pdf-parser/jobs/pdf-parse-4b9f7037-a453-49fb-9ab9-9eb6a86fa80c/result,HTTPError('404 Client Error: Not Found for url: /api/pdf-parser/jobs/pdf-parse-4b9f7037-a453-49fb-9ab9-9eb6a86fa80c/result'),1
GET,/api/pdf-parser/jobs/pdf-parse-c54afc19-b5ff-439a-ac98-5f606d368e1f/result,HTTPError('404 Client Error: Not Found for url: /api/pdf-parser/jobs/pdf-parse-c54afc19-b5ff-439a-ac98-5f606d368e1f/result'),3
GET,/api/pdf-parser/jobs/pdf-parse-eeb7a837-e398-42d3-913e-61bea895199a/result,HTTPError('404 Client Error: Not Found for url: /api/pdf-parser/jobs/pdf-parse-eeb7a837-e398-42d3-913e-61bea895199a/result'),1
GET,/api/pdf-parser/jobs/pdf-parse-f89a9d5b-16ea-4176-8474-78e05fc178eb/result,HTTPError('404 Client Error: Not Found for url: /api/pdf-parser/jobs/pdf-parse-f89a9d5b-16ea-4176-8474-78e05fc178eb/result'),1
GET,/api/pdf-parser/jobs/pdf-parse-fbb61232-bf48-44ec-8dff-e840f1979fc3/result,HTTPError('404 Client Error: Not Found for url: /api/pdf-parser/jobs/pdf-parse-fbb61232-bf48-44ec-8dff-e840f1979fc3/result'),1
GET,/api/pdf-parser/jobs/pdf-parse-5cb89f1a-6276-42d3-ab40-6f113fd5a5fe/result,HTTPError('404 Client Error: Not Found for url: /api/pdf-parser/jobs/pdf-parse-5cb89f1a-6276-42d3-ab40-6f113fd5a5fe/result'),2
GET,/api/pdf-parser/jobs/pdf-parse-93c0b409-a2a8-48c4-98cc-4cf8b13722a0/result,HTTPError('404 Client Error: Not Found for url: /api/pdf-parser/jobs/pdf-parse-93c0b409-a2a8-48c4-98cc-4cf8b13722a0/result'),1
GET,/api/pdf-parser/jobs/pdf-parse-4757b99a-6e11-4bfd-bd58-8ad6aaae9349/result,HTTPError('404 Client Error: Not Found for url: /api/pdf-parser/jobs/pdf-parse-4757b99a-6e11-4bfd-bd58-8ad6aaae9349/result'),1
GET,/api/pdf-parser/jobs/pdf-parse-0bcf2aa3-b492-473f-8482-1248d31eeff0/result,HTTPError('404 Client Error: Not Found for url: /api/pdf-parser/jobs/pdf-parse-0bcf2aa3-b492-473f-8482-1248d31eeff0/result'),1
GET,/api/pdf-parser/jobs/pdf-parse-f71be405-3c18-44e3-a712-35fb664f677c/result,HTTPError('404 Client Error: Not Found for url: /api/pdf-parser/jobs/pdf-parse-f71be405-3c18-44e3-a712-35fb664f677c/result'),1
GET,/api/pdf-parser/jobs/pdf-parse-ac4530de-b64c-4b23-9c2c-3ece1c24aabb/result,HTTPError('404 Client Error: Not Found for url: /api/pdf-parser/jobs/pdf-parse-ac4530de-b64c-4b23-9c2c-3ece1c24aabb/result'),3
GET,/api/pdf-parser/jobs/pdf-parse-91f104aa-c5e9-4bf8-8c3d-ab691d1257bb/result,HTTPError('404 Client Error: Not Found for url: /api/pdf-parser/jobs/pdf-parse-91f104aa-c5e9-4bf8-8c3d-ab691d1257bb/result'),1
GET,/api/pdf-parser/jobs/pdf-parse-0d27e01d-b879-4da9-9915-c81cea47cd5c/result,HTTPError('404 Client Error: Not Found for url: /api/pdf-parser/jobs/pdf-parse-0d27e01d-b879-4da9-9915-c81cea47cd5c/result'),1
GET,/api/pdf-parser/jobs/pdf-parse-11753041-f435-440c-88fd-4b6d295e4bd1/result,HTTPError('404 Client Error: Not Found for url: /api/pdf-parser/jobs/pdf-parse-11753041-f435-440c-88fd-4b6d295e4bd1/result'),1
GET,/api/pdf-parser/jobs/pdf-parse-5bafa601-64c0-4782-9842-8deff8183195/result,HTTPError('404 Client Error: Not Found for url: /api/pdf-parser/jobs/pdf-parse-5bafa601-64c0-4782-9842-8deff8183195/result'),2
GET,/api/pdf-parser/jobs/pdf-parse-ef17a026-0b65-4cb5-b713-07e1620c04c9/result,HTTPError('404 Client Error: Not Found for url: /api/pdf-parser/jobs/pdf-parse-ef17a026-0b65-4cb5-b713-07e1620c04c9/result'),1
GET,/api/pdf-parser/jobs/pdf-parse-56688296-5fb5-4b46-8a3b-410b9fc8fb90/result,HTTPError('404 Client Error: Not Found for url: /api/pdf-parser/jobs/pdf-parse-56688296-5fb5-4b46-8a3b-410b9fc8fb90/result'),2
GET,/api/pdf-parser/jobs/pdf-parse-8ab7beea-d99e-4d0e-87c2-4c86db0779c5/result,HTTPError('404 Client Error: Not Found for url: /api/pdf-parser/jobs/pdf-parse-8ab7beea-d99e-4d0e-87c2-4c86db0779c5/result'),1
GET,/api/pdf-parser/jobs/pdf-parse-7ae2b5ee-b78f-46af-b999-a1cf3699ac08/result,HTTPError('404 Client Error: Not Found for url: /api/pdf-parser/jobs/pdf-parse-7ae2b5ee-b78f-46af-b999-a1cf3699ac08/result'),2
GET,/api/pdf-parser/jobs/pdf-parse-a1de4dcd-9737-4366-bcc6-3cbea198cba4/result,HTTPError('404 Client Error: Not Found for url: /api/pdf-parser/jobs/pdf-parse-a1de4dcd-9737-4366-bcc6-3cbea198cba4/result'),1
GET,/api/pdf-parser/jobs/pdf-parse-08fe993c-fdbb-4632-a518-fa3665b39712/result,HTTPError('404 Client Error: Not Found for url: /api/pdf-parser/jobs/pdf-parse-08fe993c-fdbb-4632-a518-fa3665b39712/result'),1
GET,/api/pdf-parser/jobs/pdf-parse-6a15482e-43f7-4732-9449-5cea62fce375/result,HTTPError('404 Client Error: Not Found for url: /api/pdf-parser/jobs/pdf-parse-6a15482e-43f7-4732-9449-5cea62fce375/result'),3
GET,/api/pdf-parser/jobs/pdf-parse-97d80a74-e70d-4723-bf40-789e23579a7f/result,HTTPError('404 Client Error: Not Found for url: /api/pdf-parser/jobs/pdf-parse-97d80a74-e70d-4723-bf40-789e23579a7f/result'),1
GET,/api/pdf-parser/jobs/pdf-parse-2c0fa7c4-620c-4f80-8541-4d102c36cd7a/result,HTTPError('404 Client Error: Not Found for url: /api/pdf-parser/jobs/pdf-parse-2c0fa7c4-620c-4f80-8541-4d102c36cd7a/result'),1
GET,/api/pdf-parser/jobs/pdf-parse-32bb47f3-4a7c-4228-898c-9032d08c57b7/result,HTTPError('404 Client Error: Not Found for url: /api/pdf-parser/jobs/pdf-parse-32bb47f3-4a7c-4228-898c-9032d08c57b7/result'),2
GET,/api/pdf-parser/jobs/pdf-parse-c1f84aaa-26b5-4a6f-9df5-5cb98b670dc0/result,HTTPError('404 Client Error: Not Found for url: /api/pdf-parser/jobs/pdf-parse-c1f84aaa-26b5-4a6f-9df5-5cb98b670dc0/result'),1
GET,/api/pdf-parser/jobs/pdf-parse-65096e64-6c76-4980-88bb-5c8c998cebf3/result,HTTPError('404 Client Error: Not Found for url: /api/pdf-parser/jobs/pdf-parse-65096e64-6c76-4980-88bb-5c8c998cebf3/result'),1
GET,/api/pdf-parser/jobs/pdf-parse-18ebe906-09f7-4009-9358-766d38be00d2/result,HTTPError('404 Client Error: Not Found for url: /api/pdf-parser/jobs/pdf-parse-18ebe906-09f7-4009-9358-766d38be00d2/result'),3
GET,/api/pdf-parser/jobs/pdf-parse-2c55e982-a3eb-4b0e-a113-5623e214315d/result,HTTPError('404 Client Error: Not Found for url: /api/pdf-parser/jobs/pdf-parse-2c55e982-a3eb-4b0e-a113-5623e214315d/result'),1
GET,/api/pdf-parser/jobs/pdf-parse-15d3ebb4-7be8-48da-8e24-f5824c3f3a9d/result,HTTPError('404 Client Error: Not Found for url: /api/pdf-parser/jobs/pdf-parse-15d3ebb4-7be8-48da-8e24-f5824c3f3a9d/result'),1
GET,/api/pdf-parser/jobs/pdf-parse-4f459766-65cb-4d0f-a19b-192ed9ee5a6c/result,HTTPError('404 Client Error: Not Found for url: /api/pdf-parser/jobs/pdf-parse-4f459766-65cb-4d0f-a19b-192ed9ee5a6c/result'),1
GET,/api/pdf-parser/jobs/pdf-parse-a1ada527-bfc5-4ebe-9c88-3fe40c4b8028/result,HTTPError('404 Client Error: Not Found for url: /api/pdf-parser/jobs/pdf-parse-a1ada527-bfc5-4ebe-9c88-3fe40c4b8028/result'),3
GET,/api/pdf-parser/jobs/pdf-parse-6b15011a-99d3-48bb-967d-a67e84324e9b/result,HTTPError('404 Client Error: Not Found for url: /api/pdf-parser/jobs/pdf-parse-6b15011a-99d3-48bb-967d-a67e84324e9b/result'),1
GET,/api/pdf-parser/jobs/pdf-parse-f93c6323-496f-4fa2-9550-1da2871edb4d/result,HTTPError('404 Client Error: Not Found for url: /api/pdf-parser/jobs/pdf-parse-f93c6323-496f-4fa2-9550-1da2871edb4d/result'),2
GET,/api/pdf-parser/jobs/pdf-parse-660514c6-3e21-4bdb-b300-d577c59f4e48/result,HTTPError('404 Client Error: Not Found for url: /api/pdf-parser/jobs/pdf-parse-660514c6-3e21-4bdb-b300-d577c59f4e48/result'),2
GET,/api/pdf-parser/jobs/pdf-parse-c70b74b5-3184-43eb-8bc1-3938d09f982b/result,HTTPError('404 Client Error: Not Found for url: /api/pdf-parser/jobs/pdf-parse-c70b74b5-3184-43eb-8bc1-3938d09f982b/result'),1
GET,/api/pdf-parser/jobs/pdf-parse-f1bc8563-ce94-49d8-8b3f-82d6b24274e9/result,HTTPError('404 Client Error: Not Found for url: /api/pdf-parser/jobs/pdf-parse-f1bc8563-ce94-49d8-8b3f-82d6b24274e9/result'),2
GET,/api/pdf-parser/jobs/pdf-parse-4bc5249e-50fd-41ea-b5ea-21d15a606ac5/result,HTTPError('404 Client Error: Not Found for url: /api/pdf-parser/jobs/pdf-parse-4bc5249e-50fd-41ea-b5ea-21d15a606ac5/result'),1
GET,/api/pdf-parser/jobs/pdf-parse-d044af41-7299-4aaa-b3bc-078422ff7fbb/result,HTTPError('404 Client Error: Not Found for url: /api/pdf-parser/jobs/pdf-parse-d044af41-7299-4aaa-b3bc-078422ff7fbb/result'),1
GET,/api/pdf-parser/jobs/pdf-parse-c29822b1-6160-4fc2-a0e0-c2b352a3eb9c/result,HTTPError('404 Client Error: Not Found for url: /api/pdf-parser/jobs/pdf-parse-c29822b1-6160-4fc2-a0e0-c2b352a3eb9c/result'),1
GET,/api/pdf-parser/jobs/pdf-parse-0eccf645-96c8-4565-9a07-899055fffda6/result,HTTPError('404 Client Error: Not Found for url: /api/pdf-parser/jobs/pdf-parse-0eccf645-96c8-4565-9a07-899055fffda6/result'),1
GET,/api/pdf-parser/jobs/pdf-parse-461e38af-e003-4980-8fdf-42cba2f97b6b/result,HTTPError('404 Client Error: Not Found for url: /api/pdf-parser/jobs/pdf-parse-461e38af-e003-4980-8fdf-42cba2f97b6b/result'),3
GET,/api/pdf-parser/jobs/pdf-parse-f8d8c56f-c69b-467b-8ea0-638d6e4978fe/result,HTTPError('404 Client Error: Not Found for url: /api/pdf-parser/jobs/pdf-parse-f8d8c56f-c69b-467b-8ea0-638d6e4978fe/result'),1
GET,/api/pdf-parser/jobs/pdf-parse-45056af0-c7a4-4730-a6d8-8ef1cf414e59/result,HTTPError('404 Client Error: Not Found for url: /api/pdf-parser/jobs/pdf-parse-45056af0-c7a4-4730-a6d8-8ef1cf414e59/result'),1
GET,/api/pdf-parser/jobs/pdf-parse-df048dea-54cd-4f24-ab81-9bb81312ddb4/result,HTTPError('404 Client Error: Not Found for url: /api/pdf-parser/jobs/pdf-parse-df048dea-54cd-4f24-ab81-9bb81312ddb4/result'),1
GET,/api/pdf-parser/jobs/pdf-parse-2e5b72c3-c9a2-44cd-ba76-da8532f37347/result,HTTPError('404 Client Error: Not Found for url: /api/pdf-parser/jobs/pdf-parse-2e5b72c3-c9a2-44cd-ba76-da8532f37347/result'),2
GET,/api/pdf-parser/jobs/pdf-parse-add58bad-d357-4ba6-90ad-6696e4aafc98/result,HTTPError('404 Client Error: Not Found for url: /api/pdf-parser/jobs/pdf-parse-add58bad-d357-4ba6-90ad-6696e4aafc98/result'),1
GET,/api/pdf-parser/jobs/pdf-parse-d3a82a5e-904d-4daf-9021-7ee68b105217/result,HTTPError('404 Client Error: Not Found for url: /api/pdf-parser/jobs/pdf-parse-d3a82a5e-904d-4daf-9021-7ee68b105217/result'),2
GET,/api/pdf-parser/jobs/pdf-parse-b73a5a1c-f34c-4d5b-bbfe-9d9e77d69ce7/result,HTTPError('404 Client Error: Not Found for url: /api/pdf-parser/jobs/pdf-parse-b73a5a1c-f34c-4d5b-bbfe-9d9e77d69ce7/result'),1
GET,/api/pdf-parser/jobs/pdf-parse-d023813b-ae29-4b0c-a976-8ec29409d5a8/result,HTTPError('404 Client Error: Not Found for url: /api/pdf-parser/jobs/pdf-parse-d023813b-ae29-4b0c-a976-8ec29409d5a8/result'),1
GET,/api/pdf-parser/jobs/pdf-parse-56685766-e2ec-4a90-8fb7-07f2c79fa246/result,HTTPError('404 Client Error: Not Found for url: /api/pdf-parser/jobs/pdf-parse-56685766-e2ec-4a90-8fb7-07f2c79fa246/result'),1
GET,/api/pdf-parser/jobs/pdf-parse-f9770298-7181-4981-b4df-7d13356a65a0/result,HTTPError('404 Client Error: Not Found for url: /api/pdf-parser/jobs/pdf-parse-f9770298-7181-4981-b4df-7d13356a65a0/result'),1
GET,/api/pdf-parser/jobs/pdf-parse-c7dc3620-7842-4782-88f6-72e9fb86c2aa/result,HTTPError('404 Client Error: Not Found for url: /api/pdf-parser/jobs/pdf-parse-c7dc3620-7842-4782-88f6-72e9fb86c2aa/result'),2
GET,/api/pdf-parser/jobs/pdf-parse-f9f505c4-e5aa-42a1-b60e-95b82958c13d/result,HTTPError('404 Client Error: Not Found for url: /api/pdf-parser/jobs/pdf-parse-f9f505c4-e5aa-42a1-b60e-95b82958c13d/result'),2
GET,/api/pdf-parser/jobs/pdf-parse-bd24bce4-a345-439f-b27e-6fd31359ad87/result,HTTPError('404 Client Error: Not Found for url: /api/pdf-parser/jobs/pdf-parse-bd24bce4-a345-439f-b27e-6fd31359ad87/result'),3
GET,/api/pdf-parser/jobs/pdf-parse-26af1e7c-ed6d-4b2d-987c-64b038fd84ef/result,HTTPError('404 Client Error: Not Found for url: /api/pdf-parser/jobs/pdf-parse-26af1e7c-ed6d-4b2d-987c-64b038fd84ef/result'),1
GET,/api/pdf-parser/jobs/pdf-parse-9eb40e3f-59ed-48dd-be50-bcf40568b817/result,HTTPError('404 Client Error: Not Found for url: /api/pdf-parser/jobs/pdf-parse-9eb40e3f-59ed-48dd-be50-bcf40568b817/result'),1
GET,/api/pdf-parser/jobs/pdf-parse-78dddf99-8d57-4f27-91b4-bfb9f1e89f88/result,HTTPError('404 Client Error: Not Found for url: /api/pdf-parser/jobs/pdf-parse-78dddf99-8d57-4f27-91b4-bfb9f1e89f88/result'),1
GET,/api/pdf-parser/jobs/pdf-parse-a5b5349f-bb15-4861-a96f-3cf53249f8c8/result,HTTPError('404 Client Error: Not Found for url: /api/pdf-parser/jobs/pdf-parse-a5b5349f-bb15-4861-a96f-3cf53249f8c8/result'),2
GET,/api/pdf-parser/jobs/pdf-parse-40c3f309-a52e-4a49-bf93-f3bd19d44186/result,HTTPError('404 Client Error: Not Found for url: /api/pdf-parser/jobs/pdf-parse-40c3f309-a52e-4a49-bf93-f3bd19d44186/result'),2
GET,/api/pdf-parser/jobs/pdf-parse-ff15fae8-8ad3-4ee3-a9cd-74bcbc7d20be/result,HTTPError('404 Client Error: Not Found for url: /api/pdf-parser/jobs/pdf-parse-ff15fae8-8ad3-4ee3-a9cd-74bcbc7d20be/result'),1
GET,/api/pdf-parser/jobs/pdf-parse-de0db86f-fc74-4a98-923d-d8bf8a99c628/result,HTTPError('404 Client Error: Not Found for url: /api/pdf-parser/jobs/pdf-parse-de0db86f-fc74-4a98-923d-d8bf8a99c628/result'),2
GET,/api/pdf-parser/jobs/pdf-parse-2dd28306-cbbf-4366-92a8-8b6e45396d1a/result,HTTPError('404 Client Error: Not Found for url: /api/pdf-parser/jobs/pdf-parse-2dd28306-cbbf-4366-92a8-8b6e45396d1a/result'),2
GET,/api/pdf-parser/jobs/pdf-parse-48ba62bd-1d65-42c2-a0a6-8912958d9d8a/result,HTTPError('404 Client Error: Not Found for url: /api/pdf-parser/jobs/pdf-parse-48ba62bd-1d65-42c2-a0a6-8912958d9d8a/result'),2
GET,/api/pdf-parser/jobs/pdf-parse-2404d6bc-b9ec-4fae-a2c0-617ee00cd908/result,HTTPError('404 Client Error: Not Found for url: /api/pdf-parser/jobs/pdf-parse-2404d6bc-b9ec-4fae-a2c0-617ee00cd908/result'),2
GET,/api/pdf-parser/jobs/pdf-parse-620345ab-e539-4de4-aef9-26f6eaef00c7/result,HTTPError('404 Client Error: Not Found for url: /api/pdf-parser/jobs/pdf-parse-620345ab-e539-4de4-aef9-26f6eaef00c7/result'),3
GET,/api/pdf-parser/jobs/pdf-parse-46599178-9fcd-4cfd-bd56-c974e73a8b08/result,HTTPError('404 Client Error: Not Found for url: /api/pdf-parser/jobs/pdf-parse-46599178-9fcd-4cfd-bd56-c974e73a8b08/result'),3
GET,/api/pdf-parser/jobs/pdf-parse-b81b1510-37af-4370-91f9-c36a70a26d9e/result,HTTPError('404 Client Error: Not Found for url: /api/pdf-parser/jobs/pdf-parse-b81b1510-37af-4370-91f9-c36a70a26d9e/result'),2
GET,/api/pdf-parser/jobs/pdf-parse-f837c6a2-b9a8-4617-b50c-a6e290b93849/result,HTTPError('404 Client Error: Not Found for url: /api/pdf-parser/jobs/pdf-parse-f837c6a2-b9a8-4617-b50c-a6e290b93849/result'),1
GET,/api/pdf-parser/jobs/pdf-parse-5f71ac3e-c409-4ab8-8f5e-c83852e7aa05/result,HTTPError('404 Client Error: Not Found for url: /api/pdf-parser/jobs/pdf-parse-5f71ac3e-c409-4ab8-8f5e-c83852e7aa05/result'),2
GET,/api/pdf-parser/jobs/pdf-parse-6bafa240-21ad-47a0-92da-3d61790a861d/result,HTTPError('404 Client Error: Not Found for url: /api/pdf-parser/jobs/pdf-parse-6bafa240-21ad-47a0-92da-3d61790a861d/result'),1
GET,/api/pdf-parser/jobs/pdf-parse-1022f4da-4d20-4d75-b9a9-004b69240a8c/result,HTTPError('404 Client Error: Not Found for url: /api/pdf-parser/jobs/pdf-parse-1022f4da-4d20-4d75-b9a9-004b69240a8c/result'),2
GET,/api/pdf-parser/jobs/pdf-parse-300e9706-7bd8-41c2-8496-0a53daaf2f64/result,HTTPError('404 Client Error: Not Found for url: /api/pdf-parser/jobs/pdf-parse-300e9706-7bd8-41c2-8496-0a53daaf2f64/result'),3
GET,/api/pdf-parser/jobs/pdf-parse-8e0e47a5-86cc-479a-8bfe-b41025d7cadc/result,HTTPError('404 Client Error: Not Found for url: /api/pdf-parser/jobs/pdf-parse-8e0e47a5-86cc-479a-8bfe-b41025d7cadc/result'),1
GET,/api/pdf-parser/jobs/pdf-parse-b2e0ee14-476c-4fb0-bc74-47363432c225/result,HTTPError('404 Client Error: Not Found for url: /api/pdf-parser/jobs/pdf-parse-b2e0ee14-476c-4fb0-bc74-47363432c225/result'),1
GET,/api/pdf-parser/jobs/pdf-parse-55f6835b-856e-4681-9172-6ed5a8cc17c3/result,HTTPError('404 Client Error: Not Found for url: /api/pdf-parser/jobs/pdf-parse-55f6835b-856e-4681-9172-6ed5a8cc17c3/result'),3
GET,/api/pdf-parser/jobs/pdf-parse-925823e2-baf5-421d-a3db-7f17bc4914e8/result,HTTPError('404 Client Error: Not Found for url: /api/pdf-parser/jobs/pdf-parse-925823e2-baf5-421d-a3db-7f17bc4914e8/result'),3
GET,/api/pdf-parser/jobs/pdf-parse-dcc61446-f872-4667-8ed2-37291af99166/result,HTTPError('404 Client Error: Not Found for url: /api/pdf-parser/jobs/pdf-parse-dcc61446-f872-4667-8ed2-37291af99166/result'),2
GET,/api/pdf-parser/jobs/pdf-parse-f4254266-fd4e-4849-9418-2280b1b85524/result,HTTPError('404 Client Error: Not Found for url: /api/pdf-parser/jobs/pdf-parse-f4254266-fd4e-4849-9418-2280b1b85524/result'),1
GET,/api/pdf-parser/jobs/pdf-parse-7738708f-07dc-4427-928a-2179593629f5/result,HTTPError('404 Client Error: Not Found for url: /api/pdf-parser/jobs/pdf-parse-7738708f-07dc-4427-928a-2179593629f5/result'),1
GET,/api/pdf-parser/jobs/pdf-parse-69ff2dc2-ae36-4623-8baf-f9d0fae7c7f8/result,HTTPError('404 Client Error: Not Found for url: /api/pdf-parser/jobs/pdf-parse-69ff2dc2-ae36-4623-8baf-f9d0fae7c7f8/result'),1
GET,/api/pdf-parser/jobs/pdf-parse-df9297c3-07b4-43d8-ab41-35c35ef97052/result,HTTPError('404 Client Error: Not Found for url: /api/pdf-parser/jobs/pdf-parse-df9297c3-07b4-43d8-ab41-35c35ef97052/result'),2
GET,/api/pdf-parser/jobs/pdf-parse-76890fc7-0482-4334-bc70-f2e7c3c1306c/result,HTTPError('404 Client Error: Not Found for url: /api/pdf-parser/jobs/pdf-parse-76890fc7-0482-4334-bc70-f2e7c3c1306c/result'),1
GET,/api/pdf-parser/jobs/pdf-parse-a3708c6b-5a65-46df-a706-60bb7ed2be78/result,HTTPError('404 Client Error: Not Found for url: /api/pdf-parser/jobs/pdf-parse-a3708c6b-5a65-46df-a706-60bb7ed2be78/result'),4
GET,/api/pdf-parser/jobs/pdf-parse-0a9d137e-70e8-49f8-9841-29579ff345ba/result,HTTPError('404 Client Error: Not Found for url: /api/pdf-parser/jobs/pdf-parse-0a9d137e-70e8-49f8-9841-29579ff345ba/result'),3
GET,/api/pdf-parser/jobs/pdf-parse-522021d6-b2a9-4edf-a8c6-4413e9476f11/result,HTTPError('404 Client Error: Not Found for url: /api/pdf-parser/jobs/pdf-parse-522021d6-b2a9-4edf-a8c6-4413e9476f11/result'),2
GET,/api/pdf-parser/jobs/pdf-parse-4a56b058-6c1d-4ed1-939d-cead0e7cbda1/result,HTTPError('404 Client Error: Not Found for url: /api/pdf-parser/jobs/pdf-parse-4a56b058-6c1d-4ed1-939d-cead0e7cbda1/result'),1
GET,/api/pdf-parser/jobs/pdf-parse-ae8507d1-b7c4-4066-9842-ecd8465746d3/result,HTTPError('404 Client Error: Not Found for url: /api/pdf-parser/jobs/pdf-parse-ae8507d1-b7c4-4066-9842-ecd8465746d3/result'),2
GET,/api/pdf-parser/jobs/pdf-parse-053561bc-461a-42c8-9d35-bce0790ad634/result,HTTPError('404 Client Error: Not Found for url: /api/pdf-parser/jobs/pdf-parse-053561bc-461a-42c8-9d35-bce0790ad634/result'),3
GET,/api/pdf-parser/jobs/pdf-parse-083c0312-1e92-435c-8450-5630aa239bac/result,HTTPError('404 Client Error: Not Found for url: /api/pdf-parser/jobs/pdf-parse-083c0312-1e92-435c-8450-5630aa239bac/result'),1
GET,/api/pdf-parser/jobs/pdf-parse-07e99543-fec4-4f9f-b735-5f9abb2516a2/result,HTTPError('404 Client Error: Not Found for url: /api/pdf-parser/jobs/pdf-parse-07e99543-fec4-4f9f-b735-5f9abb2516a2/result'),1
GET,/api/pdf-parser/jobs/pdf-parse-2220fb04-ae8d-4991-ad87-ef1432b99262/result,HTTPError('404 Client Error: Not Found for url: /api/pdf-parser/jobs/pdf-parse-2220fb04-ae8d-4991-ad87-ef1432b99262/result'),2
GET,/api/pdf-parser/jobs/pdf-parse-7f47f413-a847-49dd-9076-287695a8ed7b/result,HTTPError('404 Client Error: Not Found for url: /api/pdf-parser/jobs/pdf-parse-7f47f413-a847-49dd-9076-287695a8ed7b/result'),1
GET,/api/pdf-parser/jobs/pdf-parse-f78337b0-8796-4ca8-807b-408941b2d198/result,HTTPError('404 Client Error: Not Found for url: /api/pdf-parser/jobs/pdf-parse-f78337b0-8796-4ca8-807b-408941b2d198/result'),1
GET,/api/pdf-parser/jobs/pdf-parse-cd6eec05-1553-4f7d-ad2a-ba459191b62b/result,HTTPError('404 Client Error: Not Found for url: /api/pdf-parser/jobs/pdf-parse-cd6eec05-1553-4f7d-ad2a-ba459191b62b/result'),1
GET,/api/pdf-parser/jobs/pdf-parse-f5b8fef2-ba75-4ca4-9e19-e4e2ee080024/result,HTTPError('404 Client Error: Not Found for url: /api/pdf-parser/jobs/pdf-parse-f5b8fef2-ba75-4ca4-9e19-e4e2ee080024/result'),1
GET,/api/pdf-parser/jobs/pdf-parse-6dfb4950-175c-4a76-ad77-ebc88ef3cc53/result,HTTPError('404 Client Error: Not Found for url: /api/pdf-parser/jobs/pdf-parse-6dfb4950-175c-4a76-ad77-ebc88ef3cc53/result'),2
GET,/api/pdf-parser/jobs/pdf-parse-266b0fd0-0547-4b65-a705-23a35cdb640f/result,HTTPError('404 Client Error: Not Found for url: /api/pdf-parser/jobs/pdf-parse-266b0fd0-0547-4b65-a705-23a35cdb640f/result'),1
GET,/api/pdf-parser/jobs/pdf-parse-591c3a60-18f2-4360-97dd-12b93cdd918e/result,HTTPError('404 Client Error: Not Found for url: /api/pdf-parser/jobs/pdf-parse-591c3a60-18f2-4360-97dd-12b93cdd918e/result'),1
GET,/api/pdf-parser/jobs/pdf-parse-430b850f-1205-482d-90c1-6e9533992071/result,HTTPError('404 Client Error: Not Found for url: /api/pdf-parser/jobs/pdf-parse-430b850f-1205-482d-90c1-6e9533992071/result'),1
GET,/api/pdf-parser/jobs/pdf-parse-b415c6ee-c796-402f-9f9e-b303f8319ff2/result,HTTPError('404 Client Error: Not Found for url: /api/pdf-parser/jobs/pdf-parse-b415c6ee-c796-402f-9f9e-b303f8319ff2/result'),1
GET,/api/pdf-parser/jobs/pdf-parse-c9faf4e6-cf71-4688-9e6f-25e266accebc/result,HTTPError('404 Client Error: Not Found for url: /api/pdf-parser/jobs/pdf-parse-c9faf4e6-cf71-4688-9e6f-25e266accebc/result'),4
GET,/api/pdf-parser/jobs/pdf-parse-57393733-b1fa-4fcf-b63d-bbdbcc79c68a/result,HTTPError('404 Client Error: Not Found for url: /api/pdf-parser/jobs/pdf-parse-57393733-b1fa-4fcf-b63d-bbdbcc79c68a/result'),3
GET,/api/pdf-parser/jobs/pdf-parse-90cfb092-30a0-4a23-b949-f00f8fa161b3/result,HTTPError('404 Client Error: Not Found for url: /api/pdf-parser/jobs/pdf-parse-90cfb092-30a0-4a23-b949-f00f8fa161b3/result'),1
GET,/api/pdf-parser/jobs/pdf-parse-7629e5d0-9b53-49ca-b056-ca451a7f1309/result,HTTPError('404 Client Error: Not Found for url: /api/pdf-parser/jobs/pdf-parse-7629e5d0-9b53-49ca-b056-ca451a7f1309/result'),2
GET,/api/pdf-parser/jobs/pdf-parse-2017f86b-b61c-4537-88d9-d8b2f23a87c9/result,HTTPError('404 Client Error: Not Found for url: /api/pdf-parser/jobs/pdf-parse-2017f86b-b61c-4537-88d9-d8b2f23a87c9/result'),1
GET,/api/pdf-parser/jobs/pdf-parse-17fee8dd-af6b-411f-aa21-0868cc6c136b/result,HTTPError('404 Client Error: Not Found for url: /api/pdf-parser/jobs/pdf-parse-17fee8dd-af6b-411f-aa21-0868cc6c136b/result'),1
GET,/api/pdf-parser/jobs/pdf-parse-0c95b2c8-7e22-4486-9b6f-9347acd62c12/result,HTTPError('404 Client Error: Not Found for url: /api/pdf-parser/jobs/pdf-parse-0c95b2c8-7e22-4486-9b6f-9347acd62c12/result'),2
GET,/api/pdf-parser/jobs/pdf-parse-7667a571-2507-49ca-a8f0-2c62c6e10474/result,HTTPError('404 Client Error: Not Found for url: /api/pdf-parser/jobs/pdf-parse-7667a571-2507-49ca-a8f0-2c62c6e10474/result'),3
GET,/api/pdf-parser/jobs/pdf-parse-d6703c54-c711-4914-b5fe-e82e58e32b67/result,HTTPError('404 Client Error: Not Found for url: /api/pdf-parser/jobs/pdf-parse-d6703c54-c711-4914-b5fe-e82e58e32b67/result'),1
GET,/api/pdf-parser/jobs/pdf-parse-a6c2ec1c-b9ae-4021-9214-1fa01ce0c43a/result,HTTPError('404 Client Error: Not Found for url: /api/pdf-parser/jobs/pdf-parse-a6c2ec1c-b9ae-4021-9214-1fa01ce0c43a/result'),3
GET,/api/pdf-parser/jobs/pdf-parse-5f111681-8a8c-4ad0-be20-78b5e1084787/result,HTTPError('404 Client Error: Not Found for url: /api/pdf-parser/jobs/pdf-parse-5f111681-8a8c-4ad0-be20-78b5e1084787/result'),1
GET,/api/pdf-parser/jobs/pdf-parse-28a2b173-d2f4-4474-94d0-53af3d7d8b70/result,HTTPError('404 Client Error: Not Found for url: /api/pdf-parser/jobs/pdf-parse-28a2b173-d2f4-4474-94d0-53af3d7d8b70/result'),5
GET,/api/pdf-parser/jobs/pdf-parse-b576ce50-e348-44b4-a626-1b0c817dc79e/result,HTTPError('404 Client Error: Not Found for url: /api/pdf-parser/jobs/pdf-parse-b576ce50-e348-44b4-a626-1b0c817dc79e/result'),1
GET,/api/pdf-parser/jobs/pdf-parse-3854aadb-56e6-4c3d-a018-8b766e5abe0e/result,HTTPError('404 Client Error: Not Found for url: /api/pdf-parser/jobs/pdf-parse-3854aadb-56e6-4c3d-a018-8b766e5abe0e/result'),1
GET,/api/pdf-parser/jobs/pdf-parse-65641c19-adaa-4618-9608-b3780ed0e244/result,HTTPError('404 Client Error: Not Found for url: /api/pdf-parser/jobs/pdf-parse-65641c19-adaa-4618-9608-b3780ed0e244/result'),1
GET,/api/pdf-parser/jobs/pdf-parse-6689be83-5753-49b5-9bb3-e4d63e16f543/result,HTTPError('404 Client Error: Not Found for url: /api/pdf-parser/jobs/pdf-parse-6689be83-5753-49b5-9bb3-e4d63e16f543/result'),1
GET,/api/pdf-parser/jobs/pdf-parse-8bed08ab-93e8-4879-921b-dae04c10a198/result,HTTPError('404 Client Error: Not Found for url: /api/pdf-parser/jobs/pdf-parse-8bed08ab-93e8-4879-921b-dae04c10a198/result'),9
GET,/api/pdf-parser/jobs/pdf-parse-13243f63-4369-4fb5-bd0d-cf27981b6556/result,HTTPError('404 Client Error: Not Found for url: /api/pdf-parser/jobs/pdf-parse-13243f63-4369-4fb5-bd0d-cf27981b6556/result'),1
GET,/api/pdf-parser/jobs/pdf-parse-47e33736-9a7b-48fe-a8fd-43dd99280112/result,HTTPError('404 Client Error: Not Found for url: /api/pdf-parser/jobs/pdf-parse-47e33736-9a7b-48fe-a8fd-43dd99280112/result'),1
GET,/api/pdf-parser/jobs/pdf-parse-22b29f04-8a3c-4f74-a922-5b87dfdf22c5/result,HTTPError('404 Client Error: Not Found for url: /api/pdf-parser/jobs/pdf-parse-22b29f04-8a3c-4f74-a922-5b87dfdf22c5/result'),1
GET,/api/pdf-parser/jobs/pdf-parse-ea6d192d-b9c2-4add-acd4-ddc7b5237dc2/result,HTTPError('404 Client Error: Not Found for url: /api/pdf-parser/jobs/pdf-parse-ea6d192d-b9c2-4add-acd4-ddc7b5237dc2/result'),2
GET,/api/pdf-parser/jobs/pdf-parse-e19fe0f6-de71-458e-b203-3ae377199260/result,HTTPError('404 Client Error: Not Found for url: /api/pdf-parser/jobs/pdf-parse-e19fe0f6-de71-458e-b203-3ae377199260/result'),2
GET,/api/pdf-parser/jobs/pdf-parse-0519adcd-fd3c-4d13-9f48-e3ed8a31398d/result,HTTPError('404 Client Error: Not Found for url: /api/pdf-parser/jobs/pdf-parse-0519adcd-fd3c-4d13-9f48-e3ed8a31398d/result'),1
GET,/api/pdf-parser/jobs/pdf-parse-24b45442-3117-48f9-85c4-8fde1ec4f099/result,HTTPError('404 Client Error: Not Found for url: /api/pdf-parser/jobs/pdf-parse-24b45442-3117-48f9-85c4-8fde1ec4f099/result'),1
GET,/api/pdf-parser/jobs/pdf-parse-d8471a06-24d6-416d-85a3-0c77072259be/result,HTTPError('404 Client Error: Not Found for url: /api/pdf-parser/jobs/pdf-parse-d8471a06-24d6-416d-85a3-0c77072259be/result'),3
GET,/api/pdf-parser/jobs/pdf-parse-40fd1610-2547-475e-a35f-39464fadef52/result,HTTPError('404 Client Error: Not Found for url: /api/pdf-parser/jobs/pdf-parse-40fd1610-2547-475e-a35f-39464fadef52/result'),1
GET,/api/pdf-parser/jobs/pdf-parse-06c5b876-6a7b-4605-be7e-ab2e4e401460/result,HTTPError('404 Client Error: Not Found for url: /api/pdf-parser/jobs/pdf-parse-06c5b876-6a7b-4605-be7e-ab2e4e401460/result'),1
GET,/api/pdf-parser/jobs/pdf-parse-0dafa5ca-4d56-4eec-a9bc-f6fdc088f4ad/result,HTTPError('404 Client Error: Not Found for url: /api/pdf-parser/jobs/pdf-parse-0dafa5ca-4d56-4eec-a9bc-f6fdc088f4ad/result'),1
GET,/api/pdf-parser/jobs/pdf-parse-36ef9cc9-e5bb-49c0-b3ca-cf2a69ac05ff/result,HTTPError('404 Client Error: Not Found for url: /api/pdf-parser/jobs/pdf-parse-36ef9cc9-e5bb-49c0-b3ca-cf2a69ac05ff/result'),2
GET,/api/pdf-parser/jobs/pdf-parse-4f9cac1c-968a-4152-8d66-402eedc16033/result,HTTPError('404 Client Error: Not Found for url: /api/pdf-parser/jobs/pdf-parse-4f9cac1c-968a-4152-8d66-402eedc16033/result'),1
GET,/api/pdf-parser/jobs/pdf-parse-df952431-8efb-4090-ad30-d8d0d78d5698/result,HTTPError('404 Client Error: Not Found for url: /api/pdf-parser/jobs/pdf-parse-df952431-8efb-4090-ad30-d8d0d78d5698/result'),1
GET,/api/pdf-parser/jobs/pdf-parse-43cede77-04c3-40f9-a8c4-b2fc6423ad29/result,HTTPError('404 Client Error: Not Found for url: /api/pdf-parser/jobs/pdf-parse-43cede77-04c3-40f9-a8c4-b2fc6423ad29/result'),1
GET,/api/pdf-parser/jobs/pdf-parse-c84202ef-fef7-4736-9866-f5027313d80e/result,HTTPError('404 Client Error: Not Found for url: /api/pdf-parser/jobs/pdf-parse-c84202ef-fef7-4736-9866-f5027313d80e/result'),2
GET,/api/pdf-parser/jobs/pdf-parse-280cc82b-f1c0-4e3e-9581-92f12b2f9700/result,HTTPError('404 Client Error: Not Found for url: /api/pdf-parser/jobs/pdf-parse-280cc82b-f1c0-4e3e-9581-92f12b2f9700/result'),2
GET,/api/pdf-parser/jobs/pdf-parse-051b05db-90df-40b4-b875-0df11822a6ec/result,HTTPError('404 Client Error: Not Found for url: /api/pdf-parser/jobs/pdf-parse-051b05db-90df-40b4-b875-0df11822a6ec/result'),3
GET,/api/pdf-parser/jobs/pdf-parse-879c4c2c-0bbb-44be-89c7-64b12412d661/result,HTTPError('404 Client Error: Not Found for url: /api/pdf-parser/jobs/pdf-parse-879c4c2c-0bbb-44be-89c7-64b12412d661/result'),3
GET,/api/pdf-parser/jobs/pdf-parse-7119ef7b-6766-4cab-a89c-51cd7c705867/result,HTTPError('404 Client Error: Not Found for url: /api/pdf-parser/jobs/pdf-parse-7119ef7b-6766-4cab-a89c-51cd7c705867/result'),1
GET,/api/pdf-parser/jobs/pdf-parse-9a08561d-7a01-4426-9f18-a01241d148ff/result,HTTPError('404 Client Error: Not Found for url: /api/pdf-parser/jobs/pdf-parse-9a08561d-7a01-4426-9f18-a01241d148ff/result'),1
GET,/api/pdf-parser/jobs/pdf-parse-c4ea5e29-0713-4428-aa4c-731d847a2442/result,HTTPError('404 Client Error: Not Found for url: /api/pdf-parser/jobs/pdf-parse-c4ea5e29-0713-4428-aa4c-731d847a2442/result'),3
GET,/api/pdf-parser/jobs/pdf-parse-aa54c0c5-eb9b-4f41-af2c-bf5bc1712e88/result,HTTPError('404 Client Error: Not Found for url: /api/pdf-parser/jobs/pdf-parse-aa54c0c5-eb9b-4f41-af2c-bf5bc1712e88/result'),2
GET,/api/pdf-parser/jobs/pdf-parse-e4455748-570f-407a-83c6-2c7806f61529/result,HTTPError('404 Client Error: Not Found for url: /api/pdf-parser/jobs/pdf-parse-e4455748-570f-407a-83c6-2c7806f61529/result'),1
GET,/api/pdf-parser/jobs/pdf-parse-4be6ba26-2d82-43eb-b43c-9eb585a4b62e/result,HTTPError('404 Client Error: Not Found for url: /api/pdf-parser/jobs/pdf-parse-4be6ba26-2d82-43eb-b43c-9eb585a4b62e/result'),1
GET,/api/pdf-parser/jobs/pdf-parse-e492240e-de7a-467b-8cb9-b4f4bc0fd3d3/result,HTTPError('404 Client Error: Not Found for url: /api/pdf-parser/jobs/pdf-parse-e492240e-de7a-467b-8cb9-b4f4bc0fd3d3/result'),1
GET,/api/pdf-parser/jobs/pdf-parse-5f32cef9-3d3c-482d-bea2-0375892f2a98/result,HTTPError('404 Client Error: Not Found for url: /api/pdf-parser/jobs/pdf-parse-5f32cef9-3d3c-482d-bea2-0375892f2a98/result'),3
GET,/api/pdf-parser/jobs/pdf-parse-c7986d2f-8b0a-410b-a559-cee53e8cf5ef/result,HTTPError('404 Client Error: Not Found for url: /api/pdf-parser/jobs/pdf-parse-c7986d2f-8b0a-410b-a559-cee53e8cf5ef/result'),1
GET,/api/pdf-parser/jobs/pdf-parse-f479f7b7-6680-463c-a564-6033ee723053/result,HTTPError('404 Client Error: Not Found for url: /api/pdf-parser/jobs/pdf-parse-f479f7b7-6680-463c-a564-6033ee723053/result'),2
GET,/api/pdf-parser/jobs/pdf-parse-afd8c62a-8b3f-4cc8-83c5-0b34ad51a57d/result,HTTPError('404 Client Error: Not Found for url: /api/pdf-parser/jobs/pdf-parse-afd8c62a-8b3f-4cc8-83c5-0b34ad51a57d/result'),3
GET,/api/pdf-parser/jobs/pdf-parse-1c37f7a1-5d56-46ec-8c92-22476c5f8839/result,HTTPError('404 Client Error: Not Found for url: /api/pdf-parser/jobs/pdf-parse-1c37f7a1-5d56-46ec-8c92-22476c5f8839/result'),3
GET,/api/pdf-parser/jobs/pdf-parse-566a3f10-8bf4-4c77-b5e9-35f0a6bbf60a/result,HTTPError('404 Client Error: Not Found for url: /api/pdf-parser/jobs/pdf-parse-566a3f10-8bf4-4c77-b5e9-35f0a6bbf60a/result'),1
GET,/api/pdf-parser/jobs/pdf-parse-b0e492cd-d5f7-4ae4-b76e-578ebb9ef33c/result,HTTPError('404 Client Error: Not Found for url: /api/pdf-parser/jobs/pdf-parse-b0e492cd-d5f7-4ae4-b76e-578ebb9ef33c/result'),1
GET,/api/pdf-parser/jobs/pdf-parse-645fda1c-b5e6-4af5-9d9e-59116e5996ef/result,HTTPError('404 Client Error: Not Found for url: /api/pdf-parser/jobs/pdf-parse-645fda1c-b5e6-4af5-9d9e-59116e5996ef/result'),2
GET,/api/pdf-parser/jobs/pdf-parse-c6a2a957-b341-4090-aa79-81ecc576a62c/result,HTTPError('404 Client Error: Not Found for url: /api/pdf-parser/jobs/pdf-parse-c6a2a957-b341-4090-aa79-81ecc576a62c/result'),3
GET,/api/pdf-parser/jobs/pdf-parse-606aa8a9-4386-4714-85a1-e491cc536a16/result,HTTPError('404 Client Error: Not Found for url: /api/pdf-parser/jobs/pdf-parse-606aa8a9-4386-4714-85a1-e491cc536a16/result'),1
GET,/api/pdf-parser/jobs/pdf-parse-5afe5c65-1d23-498b-a89a-20e627d854c8/result,HTTPError('404 Client Error: Not Found for url: /api/pdf-parser/jobs/pdf-parse-5afe5c65-1d23-498b-a89a-20e627d854c8/result'),3
GET,/api/pdf-parser/jobs/pdf-parse-18b4b4d3-c0e8-4e2c-bea2-13482ebbb27f/result,HTTPError('404 Client Error: Not Found for url: /api/pdf-parser/jobs/pdf-parse-18b4b4d3-c0e8-4e2c-bea2-13482ebbb27f/result'),5
GET,/api/pdf-parser/jobs/pdf-parse-8b913c06-2cb6-4466-9d18-2bba695cd685/result,HTTPError('404 Client Error: Not Found for url: /api/pdf-parser/jobs/pdf-parse-8b913c06-2cb6-4466-9d18-2bba695cd685/result'),1
GET,/api/pdf-parser/jobs/pdf-parse-6e5e7c66-0e87-4084-ae59-0480f26a07d8/result,HTTPError('404 Client Error: Not Found for url: /api/pdf-parser/jobs/pdf-parse-6e5e7c66-0e87-4084-ae59-0480f26a07d8/result'),1
GET,/api/pdf-parser/jobs/pdf-parse-3974e776-5a85-4d3c-a720-f155cc6cba2b/result,HTTPError('404 Client Error: Not Found for url: /api/pdf-parser/jobs/pdf-parse-3974e776-5a85-4d3c-a720-f155cc6cba2b/result'),2
GET,/api/pdf-parser/jobs/pdf-parse-850dd622-0344-42ff-bc6e-e4652bd75127/result,HTTPError('404 Client Error: Not Found for url: /api/pdf-parser/jobs/pdf-parse-850dd622-0344-42ff-bc6e-e4652bd75127/result'),2
GET,/api/pdf-parser/jobs/pdf-parse-43617a90-a63b-40d1-8d6e-9b58e6eb2a55/result,HTTPError('404 Client Error: Not Found for url: /api/pdf-parser/jobs/pdf-parse-43617a90-a63b-40d1-8d6e-9b58e6eb2a55/result'),2
GET,/api/pdf-parser/jobs/pdf-parse-d4cf27b1-7fe6-4fa5-9e82-1f8ba2d4494e/result,HTTPError('404 Client Error: Not Found for url: /api/pdf-parser/jobs/pdf-parse-d4cf27b1-7fe6-4fa5-9e82-1f8ba2d4494e/result'),2
GET,/api/pdf-parser/jobs/pdf-parse-d1bbf3de-2079-4dab-923d-f690f1dafbda/result,HTTPError('404 Client Error: Not Found for url: /api/pdf-parser/jobs/pdf-parse-d1bbf3de-2079-4dab-923d-f690f1dafbda/result'),1
GET,/api/pdf-parser/jobs/pdf-parse-d77d9180-c7cc-40ea-ab83-9d23f795955b/result,HTTPError('404 Client Error: Not Found for url: /api/pdf-parser/jobs/pdf-parse-d77d9180-c7cc-40ea-ab83-9d23f795955b/result'),2
GET,/api/pdf-parser/jobs/pdf-parse-8f337a7b-75a0-448f-9e37-120694545a38/result,HTTPError('404 Client Error: Not Found for url: /api/pdf-parser/jobs/pdf-parse-8f337a7b-75a0-448f-9e37-120694545a38/result'),1
GET,/api/pdf-parser/jobs/pdf-parse-2fe833de-acf4-4d60-8b01-1e81f5fcd0f6/result,HTTPError('404 Client Error: Not Found for url: /api/pdf-parser/jobs/pdf-parse-2fe833de-acf4-4d60-8b01-1e81f5fcd0f6/result'),1
GET,/api/pdf-parser/jobs/pdf-parse-d5020091-319c-4375-9027-97f66e9739dd/result,HTTPError('404 Client Error: Not Found for url: /api/pdf-parser/jobs/pdf-parse-d5020091-319c-4375-9027-97f66e9739dd/result'),2
GET,/api/pdf-parser/jobs/pdf-parse-163a5f2f-2544-4337-8194-f615708642ef/result,HTTPError('404 Client Error: Not Found for url: /api/pdf-parser/jobs/pdf-parse-163a5f2f-2544-4337-8194-f615708642ef/result'),1
GET,/api/pdf-parser/jobs/pdf-parse-2087e30e-dc15-465a-8f1c-1595259911c0/result,HTTPError('404 Client Error: Not Found for url: /api/pdf-parser/jobs/pdf-parse-2087e30e-dc15-465a-8f1c-1595259911c0/result'),2
GET,/api/pdf-parser/jobs/pdf-parse-5d62b377-3244-40dc-9762-5fc359acb60d/result,HTTPError('404 Client Error: Not Found for url: /api/pdf-parser/jobs/pdf-parse-5d62b377-3244-40dc-9762-5fc359acb60d/result'),1
GET,/api/pdf-parser/jobs/pdf-parse-67c5861b-0ede-47f9-8536-e190674290cd/result,HTTPError('404 Client Error: Not Found for url: /api/pdf-parser/jobs/pdf-parse-67c5861b-0ede-47f9-8536-e190674290cd/result'),1
GET,/api/pdf-parser/jobs/pdf-parse-ac7fd5ac-66cc-410e-a125-7bb25c337415/result,HTTPError('404 Client Error: Not Found for url: /api/pdf-parser/jobs/pdf-parse-ac7fd5ac-66cc-410e-a125-7bb25c337415/result'),4
GET,/api/pdf-parser/jobs/pdf-parse-780acea7-9dda-4f9e-932e-48b69a5f77fd/result,HTTPError('404 Client Error: Not Found for url: /api/pdf-parser/jobs/pdf-parse-780acea7-9dda-4f9e-932e-48b69a5f77fd/result'),3
GET,/api/pdf-parser/jobs/pdf-parse-36b1bf4e-f74b-4a61-b5a7-707597e61749/result,HTTPError('404 Client Error: Not Found for url: /api/pdf-parser/jobs/pdf-parse-36b1bf4e-f74b-4a61-b5a7-707597e61749/result'),4
GET,/api/pdf-parser/jobs/pdf-parse-82aa2fcb-260d-42c3-8c22-5e1e3c8bcd8d/result,HTTPError('404 Client Error: Not Found for url: /api/pdf-parser/jobs/pdf-parse-82aa2fcb-260d-42c3-8c22-5e1e3c8bcd8d/result'),1
GET,/api/pdf-parser/jobs/pdf-parse-295accac-cca4-40e9-91c2-486fa792b357/result,HTTPError('404 Client Error: Not Found for url: /api/pdf-parser/jobs/pdf-parse-295accac-cca4-40e9-91c2-486fa792b357/result'),1
GET,/api/pdf-parser/jobs/pdf-parse-de5c1ca3-cbf1-4ec5-a78a-cfef1f348bc7/result,HTTPError('404 Client Error: Not Found for url: /api/pdf-parser/jobs/pdf-parse-de5c1ca3-cbf1-4ec5-a78a-cfef1f348bc7/result'),2
GET,/api/pdf-parser/jobs/pdf-parse-48836060-f197-46a8-a741-5159a982ff22/result,HTTPError('404 Client Error: Not Found for url: /api/pdf-parser/jobs/pdf-parse-48836060-f197-46a8-a741-5159a982ff22/result'),2
GET,/api/pdf-parser/jobs/pdf-parse-b40b0f00-b2f6-487f-a13f-79aa89716b75/result,HTTPError('404 Client Error: Not Found for url: /api/pdf-parser/jobs/pdf-parse-b40b0f00-b2f6-487f-a13f-79aa89716b75/result'),1
GET,/api/pdf-parser/jobs/pdf-parse-9b869ce8-c55d-4be1-acf8-169eefc9ba98/result,HTTPError('404 Client Error: Not Found for url: /api/pdf-parser/jobs/pdf-parse-9b869ce8-c55d-4be1-acf8-169eefc9ba98/result'),2
GET,/api/pdf-parser/jobs/pdf-parse-4a308fa1-066b-40a4-a198-e7a041353496/result,HTTPError('404 Client Error: Not Found for url: /api/pdf-parser/jobs/pdf-parse-4a308fa1-066b-40a4-a198-e7a041353496/result'),3
GET,/api/pdf-parser/jobs/pdf-parse-ac6b96bf-be3b-4d16-b31e-343d810d2bee/result,HTTPError('404 Client Error: Not Found for url: /api/pdf-parser/jobs/pdf-parse-ac6b96bf-be3b-4d16-b31e-343d810d2bee/result'),1
GET,/api/pdf-parser/jobs/pdf-parse-7450a9b6-f2b7-4875-8e69-b47caa6d1e77/result,HTTPError('404 Client Error: Not Found for url: /api/pdf-parser/jobs/pdf-parse-7450a9b6-f2b7-4875-8e69-b47caa6d1e77/result'),2
GET,/api/pdf-parser/jobs/pdf-parse-983c04d4-ddc0-4b0d-ade3-251e513fc7b5/result,HTTPError('404 Client Error: Not Found for url: /api/pdf-parser/jobs/pdf-parse-983c04d4-ddc0-4b0d-ade3-251e513fc7b5/result'),3
GET,/api/pdf-parser/jobs/pdf-parse-3ee30c09-06ea-497d-b196-24a8986eeec5/result,HTTPError('404 Client Error: Not Found for url: /api/pdf-parser/jobs/pdf-parse-3ee30c09-06ea-497d-b196-24a8986eeec5/result'),2
GET,/api/pdf-parser/jobs/pdf-parse-206dde37-3c4d-4b1b-a049-4fefb31130a7/result,HTTPError('404 Client Error: Not Found for url: /api/pdf-parser/jobs/pdf-parse-206dde37-3c4d-4b1b-a049-4fefb31130a7/result'),2
GET,/api/pdf-parser/jobs/pdf-parse-72d11d56-8dbc-4e1e-a4a5-c3f26b888ead/result,HTTPError('404 Client Error: Not Found for url: /api/pdf-parser/jobs/pdf-parse-72d11d56-8dbc-4e1e-a4a5-c3f26b888ead/result'),2
GET,/api/pdf-parser/jobs/pdf-parse-fdc54c3b-2d69-4db9-9315-a964b5518d26/result,HTTPError('404 Client Error: Not Found for url: /api/pdf-parser/jobs/pdf-parse-fdc54c3b-2d69-4db9-9315-a964b5518d26/result'),2
GET,/api/pdf-parser/jobs/pdf-parse-6eaa98d5-9040-47b4-9108-df520d74aa1a/result,HTTPError('404 Client Error: Not Found for url: /api/pdf-parser/jobs/pdf-parse-6eaa98d5-9040-47b4-9108-df520d74aa1a/result'),1
GET,/api/pdf-parser/jobs/pdf-parse-9239277b-05b5-4514-8bd0-724f024d874a/result,HTTPError('404 Client Error: Not Found for url: /api/pdf-parser/jobs/pdf-parse-9239277b-05b5-4514-8bd0-724f024d874a/result'),1
GET,/api/pdf-parser/jobs/pdf-parse-ceccbabc-1c4b-4b0b-9ed5-267fa63f6990/result,HTTPError('404 Client Error: Not Found for url: /api/pdf-parser/jobs/pdf-parse-ceccbabc-1c4b-4b0b-9ed5-267fa63f6990/result'),2
GET,/api/pdf-parser/jobs/pdf-parse-6c3174f4-606e-4f57-96e0-c2c40c51e0f5/result,HTTPError('404 Client Error: Not Found for url: /api/pdf-parser/jobs/pdf-parse-6c3174f4-606e-4f57-96e0-c2c40c51e0f5/result'),1
GET,/api/pdf-parser/jobs/pdf-parse-68d43beb-647c-4995-acd4-6cd1e26ea427/result,HTTPError('404 Client Error: Not Found for url: /api/pdf-parser/jobs/pdf-parse-68d43beb-647c-4995-acd4-6cd1e26ea427/result'),8
GET,/api/pdf-parser/jobs/pdf-parse-a0bf64cf-4876-4ff7-856c-33c669df0bb0/result,HTTPError('404 Client Error: Not Found for url: /api/pdf-parser/jobs/pdf-parse-a0bf64cf-4876-4ff7-856c-33c669df0bb0/result'),2
GET,/api/pdf-parser/jobs/pdf-parse-7da34f6c-7eb0-406c-a810-8f7d4ecbae23/result,HTTPError('404 Client Error: Not Found for url: /api/pdf-parser/jobs/pdf-parse-7da34f6c-7eb0-406c-a810-8f7d4ecbae23/result'),1
GET,/api/pdf-parser/jobs/pdf-parse-d5d48b9a-6d59-41b5-ac2d-150dd4fa9ea5/result,HTTPError('404 Client Error: Not Found for url: /api/pdf-parser/jobs/pdf-parse-d5d48b9a-6d59-41b5-ac2d-150dd4fa9ea5/result'),4
GET,/api/pdf-parser/jobs/pdf-parse-111d72d7-a55e-4da7-899e-90ff4128dafe/result,HTTPError('404 Client Error: Not Found for url: /api/pdf-parser/jobs/pdf-parse-111d72d7-a55e-4da7-899e-90ff4128dafe/result'),1
GET,/api/pdf-parser/jobs/pdf-parse-97008cf0-9231-482a-b227-61d2659a940d/result,HTTPError('404 Client Error: Not Found for url: /api/pdf-parser/jobs/pdf-parse-97008cf0-9231-482a-b227-61d2659a940d/result'),1
GET,/api/pdf-parser/jobs/pdf-parse-68544e78-bcc2-4d1c-8c28-9b66a1ac7945/result,HTTPError('404 Client Error: Not Found for url: /api/pdf-parser/jobs/pdf-parse-68544e78-bcc2-4d1c-8c28-9b66a1ac7945/result'),1
GET,/api/pdf-parser/jobs/pdf-parse-46a3f761-0e4d-4d68-8001-10266e4b00cc/result,HTTPError('404 Client Error: Not Found for url: /api/pdf-parser/jobs/pdf-parse-46a3f761-0e4d-4d68-8001-10266e4b00cc/result'),2
GET,/api/pdf-parser/jobs/pdf-parse-77be2528-f652-4aaa-80a2-f9910d0cd643/result,HTTPError('404 Client Error: Not Found for url: /api/pdf-parser/jobs/pdf-parse-77be2528-f652-4aaa-80a2-f9910d0cd643/result'),1
GET,/api/pdf-parser/jobs/pdf-parse-4d0b4b93-4a34-4c2e-8c22-215e016f715f/result,HTTPError('404 Client Error: Not Found for url: /api/pdf-parser/jobs/pdf-parse-4d0b4b93-4a34-4c2e-8c22-215e016f715f/result'),1
GET,/api/pdf-parser/jobs/pdf-parse-fc4de596-f05d-4563-afa3-6496cf061d6c/result,HTTPError('404 Client Error: Not Found for url: /api/pdf-parser/jobs/pdf-parse-fc4de596-f05d-4563-afa3-6496cf061d6c/result'),1
GET,/api/pdf-parser/jobs/pdf-parse-e15b3f8e-5727-4423-a85c-5dc2621ab5ce/result,HTTPError('404 Client Error: Not Found for url: /api/pdf-parser/jobs/pdf-parse-e15b3f8e-5727-4423-a85c-5dc2621ab5ce/result'),1
GET,/api/pdf-parser/jobs/pdf-parse-7c10289e-3934-4cfc-88da-41f10820d744/result,HTTPError('404 Client Error: Not Found for url: /api/pdf-parser/jobs/pdf-parse-7c10289e-3934-4cfc-88da-41f10820d744/result'),4
GET,/api/pdf-parser/jobs/pdf-parse-a6e89546-849e-43f7-87a3-ff7241b51132/result,HTTPError('404 Client Error: Not Found for url: /api/pdf-parser/jobs/pdf-parse-a6e89546-849e-43f7-87a3-ff7241b51132/result'),2
GET,/api/pdf-parser/jobs/pdf-parse-bca3f8b7-bbe2-45cd-9450-98d2c53ec23d/result,HTTPError('404 Client Error: Not Found for url: /api/pdf-parser/jobs/pdf-parse-bca3f8b7-bbe2-45cd-9450-98d2c53ec23d/result'),2
GET,/api/pdf-parser/jobs/pdf-parse-2486e869-6d85-4de4-a8c2-75cd7f35f1d0/result,HTTPError('404 Client Error: Not Found for url: /api/pdf-parser/jobs/pdf-parse-2486e869-6d85-4de4-a8c2-75cd7f35f1d0/result'),4
GET,/api/pdf-parser/jobs/pdf-parse-870bbbaf-cffc-4f62-8628-5a52589390bf/result,HTTPError('404 Client Error: Not Found for url: /api/pdf-parser/jobs/pdf-parse-870bbbaf-cffc-4f62-8628-5a52589390bf/result'),1
GET,/api/pdf-parser/jobs/pdf-parse-3531b775-07fe-4256-98a8-7fad86d3bbf1/result,HTTPError('404 Client Error: Not Found for url: /api/pdf-parser/jobs/pdf-parse-3531b775-07fe-4256-98a8-7fad86d3bbf1/result'),1
GET,/api/pdf-parser/jobs/pdf-parse-608224f2-346f-4586-bdaf-c02df3d31dcc/result,HTTPError('404 Client Error: Not Found for url: /api/pdf-parser/jobs/pdf-parse-608224f2-346f-4586-bdaf-c02df3d31dcc/result'),1
GET,/api/pdf-parser/jobs/pdf-parse-b031b037-043b-44c6-a5f3-7be7a3bca721/result,HTTPError('404 Client Error: Not Found for url: /api/pdf-parser/jobs/pdf-parse-b031b037-043b-44c6-a5f3-7be7a3bca721/result'),3
GET,/api/pdf-parser/jobs/pdf-parse-4343bfb0-25ff-4716-a537-13bc87032819/result,HTTPError('404 Client Error: Not Found for url: /api/pdf-parser/jobs/pdf-parse-4343bfb0-25ff-4716-a537-13bc87032819/result'),2
GET,/api/pdf-parser/jobs/pdf-parse-23df68b5-ace3-44ca-9d04-9cb428cf5a2b/result,HTTPError('404 Client Error: Not Found for url: /api/pdf-parser/jobs/pdf-parse-23df68b5-ace3-44ca-9d04-9cb428cf5a2b/result'),2
GET,/api/pdf-parser/jobs/pdf-parse-7be0cb6f-2f68-447f-93b2-3f12da725492/result,HTTPError('404 Client Error: Not Found for url: /api/pdf-parser/jobs/pdf-parse-7be0cb6f-2f68-447f-93b2-3f12da725492/result'),1
GET,/api/pdf-parser/jobs/pdf-parse-7ee5e16a-16ce-446e-90ff-9de8e29d90db/result,HTTPError('404 Client Error: Not Found for url: /api/pdf-parser/jobs/pdf-parse-7ee5e16a-16ce-446e-90ff-9de8e29d90db/result'),5
GET,/api/pdf-parser/jobs/pdf-parse-9cdf85e0-8be1-4907-9fb8-ecb4e4bcf048/result,HTTPError('404 Client Error: Not Found for url: /api/pdf-parser/jobs/pdf-parse-9cdf85e0-8be1-4907-9fb8-ecb4e4bcf048/result'),2
GET,/api/pdf-parser/jobs/pdf-parse-7e0f6466-65a0-47b1-bb47-49e65a9072ce/result,HTTPError('404 Client Error: Not Found for url: /api/pdf-parser/jobs/pdf-parse-7e0f6466-65a0-47b1-bb47-49e65a9072ce/result'),3
GET,/api/pdf-parser/jobs/pdf-parse-7ee3f276-4c3b-409e-aacf-b8c197c0227d/result,HTTPError('404 Client Error: Not Found for url: /api/pdf-parser/jobs/pdf-parse-7ee3f276-4c3b-409e-aacf-b8c197c0227d/result'),1
GET,/api/pdf-parser/jobs/pdf-parse-5335b08f-c6f1-4ab6-a4bc-50aca78786d8/result,HTTPError('404 Client Error: Not Found for url: /api/pdf-parser/jobs/pdf-parse-5335b08f-c6f1-4ab6-a4bc-50aca78786d8/result'),1
GET,/api/pdf-parser/jobs/pdf-parse-4075d5a8-fc68-46d9-9dac-f7068a51885d/result,HTTPError('404 Client Error: Not Found for url: /api/pdf-parser/jobs/pdf-parse-4075d5a8-fc68-46d9-9dac-f7068a51885d/result'),1
GET,/api/pdf-parser/jobs/pdf-parse-d9622988-913b-4c9e-b7a8-46d27742c5c4/result,HTTPError('404 Client Error: Not Found for url: /api/pdf-parser/jobs/pdf-parse-d9622988-913b-4c9e-b7a8-46d27742c5c4/result'),2
GET,/api/pdf-parser/jobs/pdf-parse-337de952-d3ef-4f94-bc1c-a0e74b69550f/result,HTTPError('404 Client Error: Not Found for url: /api/pdf-parser/jobs/pdf-parse-337de952-d3ef-4f94-bc1c-a0e74b69550f/result'),2
GET,/api/pdf-parser/jobs/pdf-parse-9864decc-a06f-49b8-9bef-e50fdf06c59a/result,HTTPError('404 Client Error: Not Found for url: /api/pdf-parser/jobs/pdf-parse-9864decc-a06f-49b8-9bef-e50fdf06c59a/result'),1
GET,/api/pdf-parser/jobs/pdf-parse-b958c12d-235d-49c5-81c1-d7f6e0d130e5/result,HTTPError('404 Client Error: Not Found for url: /api/pdf-parser/jobs/pdf-parse-b958c12d-235d-49c5-81c1-d7f6e0d130e5/result'),1
GET,/api/pdf-parser/jobs/pdf-parse-303787af-1c0b-4093-bede-5dec3e62f474/result,HTTPError('404 Client Error: Not Found for url: /api/pdf-parser/jobs/pdf-parse-303787af-1c0b-4093-bede-5dec3e62f474/result'),3
GET,/api/pdf-parser/jobs/pdf-parse-c2e7b96a-8f8d-4813-95ea-41174b54eff9/result,HTTPError('404 Client Error: Not Found for url: /api/pdf-parser/jobs/pdf-parse-c2e7b96a-8f8d-4813-95ea-41174b54eff9/result'),1
GET,/api/pdf-parser/jobs/pdf-parse-97c270e2-74f8-4804-b4d2-0fc7442c010c/result,HTTPError('404 Client Error: Not Found for url: /api/pdf-parser/jobs/pdf-parse-97c270e2-74f8-4804-b4d2-0fc7442c010c/result'),1
GET,/api/pdf-parser/jobs/pdf-parse-343680ef-9478-4579-b2e4-ddf7f1155f62/result,HTTPError('404 Client Error: Not Found for url: /api/pdf-parser/jobs/pdf-parse-343680ef-9478-4579-b2e4-ddf7f1155f62/result'),1
GET,/api/pdf-parser/jobs/pdf-parse-826ac112-0c8e-4dea-a8cd-15a7a220321f/result,HTTPError('404 Client Error: Not Found for url: /api/pdf-parser/jobs/pdf-parse-826ac112-0c8e-4dea-a8cd-15a7a220321f/result'),1
GET,/api/pdf-parser/jobs/pdf-parse-ad3a5d17-a8c8-454f-8e23-a810f681c010/result,HTTPError('404 Client Error: Not Found for url: /api/pdf-parser/jobs/pdf-parse-ad3a5d17-a8c8-454f-8e23-a810f681c010/result'),2
GET,/api/pdf-parser/jobs/pdf-parse-6df0422d-59e3-426c-8b63-41d8e463b346/result,HTTPError('404 Client Error: Not Found for url: /api/pdf-parser/jobs/pdf-parse-6df0422d-59e3-426c-8b63-41d8e463b346/result'),2
GET,/api/pdf-parser/jobs/pdf-parse-d957d34d-8002-4c56-a8ae-4ec538bf780f/result,HTTPError('404 Client Error: Not Found for url: /api/pdf-parser/jobs/pdf-parse-d957d34d-8002-4c56-a8ae-4ec538bf780f/result'),1
GET,/api/pdf-parser/jobs/pdf-parse-ce14110a-0f23-4ce9-b5dd-baa07cd61c47/result,HTTPError('404 Client Error: Not Found for url: /api/pdf-parser/jobs/pdf-parse-ce14110a-0f23-4ce9-b5dd-baa07cd61c47/result'),1
GET,/api/pdf-parser/jobs/pdf-parse-c94303fb-7894-4e86-9a6e-bf9345931145/result,HTTPError('404 Client Error: Not Found for url: /api/pdf-parser/jobs/pdf-parse-c94303fb-7894-4e86-9a6e-bf9345931145/result'),1
GET,/api/pdf-parser/jobs/pdf-parse-ae57f130-98e6-425d-a365-484bf0b804ca/result,HTTPError('404 Client Error: Not Found for url: /api/pdf-parser/jobs/pdf-parse-ae57f130-98e6-425d-a365-484bf0b804ca/result'),2
GET,/api/pdf-parser/jobs/pdf-parse-fd5e4cdb-6ad4-4cda-99e7-890b04fd4dc9/result,HTTPError('404 Client Error: Not Found for url: /api/pdf-parser/jobs/pdf-parse-fd5e4cdb-6ad4-4cda-99e7-890b04fd4dc9/result'),1
GET,/api/pdf-parser/jobs/pdf-parse-d1a6d14c-4ff0-493a-9e65-7070ff162e17/result,HTTPError('404 Client Error: Not Found for url: /api/pdf-parser/jobs/pdf-parse-d1a6d14c-4ff0-493a-9e65-7070ff162e17/result'),1
GET,/api/pdf-parser/jobs/pdf-parse-5f7db6d5-570d-4011-80f2-e96e1af32578/result,HTTPError('404 Client Error: Not Found for url: /api/pdf-parser/jobs/pdf-parse-5f7db6d5-570d-4011-80f2-e96e1af32578/result'),3
GET,/api/pdf-parser/jobs/pdf-parse-5567bc1b-aacf-454c-bb0a-2ba869087217/result,HTTPError('404 Client Error: Not Found for url: /api/pdf-parser/jobs/pdf-parse-5567bc1b-aacf-454c-bb0a-2ba869087217/result'),2
GET,/api/pdf-parser/jobs/pdf-parse-e9d456fd-b1d2-48e8-a6ef-9fb4628061d1/result,HTTPError('404 Client Error: Not Found for url: /api/pdf-parser/jobs/pdf-parse-e9d456fd-b1d2-48e8-a6ef-9fb4628061d1/result'),2
GET,/api/pdf-parser/jobs/pdf-parse-68b92980-ab28-4172-b1d1-1aacf7bc1731/result,HTTPError('404 Client Error: Not Found for url: /api/pdf-parser/jobs/pdf-parse-68b92980-ab28-4172-b1d1-1aacf7bc1731/result'),1
GET,/api/pdf-parser/jobs/pdf-parse-5ff1c458-6d13-41a0-8b2c-c6f35c4f2429/result,HTTPError('404 Client Error: Not Found for url: /api/pdf-parser/jobs/pdf-parse-5ff1c458-6d13-41a0-8b2c-c6f35c4f2429/result'),2
GET,/api/pdf-parser/jobs/pdf-parse-3df05b68-3713-4f9d-843f-dd80702d1fa4/result,HTTPError('404 Client Error: Not Found for url: /api/pdf-parser/jobs/pdf-parse-3df05b68-3713-4f9d-843f-dd80702d1fa4/result'),2
GET,/api/pdf-parser/jobs/pdf-parse-a10e8a07-d726-43ec-b106-e6454e716ac7/result,HTTPError('404 Client Error: Not Found for url: /api/pdf-parser/jobs/pdf-parse-a10e8a07-d726-43ec-b106-e6454e716ac7/result'),2
GET,/api/pdf-parser/jobs/pdf-parse-66596f29-d4ca-4299-bd61-2dbe4ddf1768/result,HTTPError('404 Client Error: Not Found for url: /api/pdf-parser/jobs/pdf-parse-66596f29-d4ca-4299-bd61-2dbe4ddf1768/result'),1
GET,/api/pdf-parser/jobs/pdf-parse-7b2f3885-3bf7-4611-be74-4cef24974008/result,HTTPError('404 Client Error: Not Found for url: /api/pdf-parser/jobs/pdf-parse-7b2f3885-3bf7-4611-be74-4cef24974008/result'),4
GET,/api/pdf-parser/jobs/pdf-parse-524d85d0-ebca-4ee0-bce6-269d8e16f7f3/result,HTTPError('404 Client Error: Not Found for url: /api/pdf-parser/jobs/pdf-parse-524d85d0-ebca-4ee0-bce6-269d8e16f7f3/result'),1
GET,/api/pdf-parser/jobs/pdf-parse-6fa0f180-0afc-4a5d-adee-a3cd773e3cae/result,HTTPError('404 Client Error: Not Found for url: /api/pdf-parser/jobs/pdf-parse-6fa0f180-0afc-4a5d-adee-a3cd773e3cae/result'),4
GET,/api/pdf-parser/jobs/pdf-parse-b7f55541-5110-474d-9266-7cbc1a49043d/result,HTTPError('404 Client Error: Not Found for url: /api/pdf-parser/jobs/pdf-parse-b7f55541-5110-474d-9266-7cbc1a49043d/result'),4
GET,/api/pdf-parser/jobs/pdf-parse-796bbb3b-12c9-4604-8b43-33e90667309e/result,HTTPError('404 Client Error: Not Found for url: /api/pdf-parser/jobs/pdf-parse-796bbb3b-12c9-4604-8b43-33e90667309e/result'),3
GET,/api/pdf-parser/jobs/pdf-parse-f14f295c-2d49-4602-b4e7-37b2f41179ef/result,HTTPError('404 Client Error: Not Found for url: /api/pdf-parser/jobs/pdf-parse-f14f295c-2d49-4602-b4e7-37b2f41179ef/result'),1
GET,/api/pdf-parser/jobs/pdf-parse-9e6b5f4b-41f6-450b-8e9b-f129a5858cce/result,HTTPError('404 Client Error: Not Found for url: /api/pdf-parser/jobs/pdf-parse-9e6b5f4b-41f6-450b-8e9b-f129a5858cce/result'),2
GET,/api/pdf-parser/jobs/pdf-parse-de689bd5-f805-453e-a3db-16e86662927e/result,HTTPError('404 Client Error: Not Found for url: /api/pdf-parser/jobs/pdf-parse-de689bd5-f805-453e-a3db-16e86662927e/result'),1
GET,/api/pdf-parser/jobs/pdf-parse-e6640c0b-3bb8-40cd-8aa5-faa970a48ee6/result,HTTPError('404 Client Error: Not Found for url: /api/pdf-parser/jobs/pdf-parse-e6640c0b-3bb8-40cd-8aa5-faa970a48ee6/result'),1
GET,/api/pdf-parser/jobs/pdf-parse-6818230b-e83a-4859-8b35-496266a6f68f/result,HTTPError('404 Client Error: Not Found for url: /api/pdf-parser/jobs/pdf-parse-6818230b-e83a-4859-8b35-496266a6f68f/result'),1
GET,/api/pdf-parser/jobs/pdf-parse-b2f4d27b-75d5-4c67-ae31-57452a744aa5/result,HTTPError('404 Client Error: Not Found for url: /api/pdf-parser/jobs/pdf-parse-b2f4d27b-75d5-4c67-ae31-57452a744aa5/result'),1
GET,/api/pdf-parser/jobs/pdf-parse-3ee983ec-9a8b-4917-8d37-4d21dc80196f/result,HTTPError('404 Client Error: Not Found for url: /api/pdf-parser/jobs/pdf-parse-3ee983ec-9a8b-4917-8d37-4d21dc80196f/result'),1
GET,/api/pdf-parser/jobs/pdf-parse-4f70cbbe-d923-4896-a0cd-aae72e0e2eec/result,HTTPError('404 Client Error: Not Found for url: /api/pdf-parser/jobs/pdf-parse-4f70cbbe-d923-4896-a0cd-aae72e0e2eec/result'),1
GET,/api/pdf-parser/jobs/pdf-parse-3bdca02a-3195-4e9e-821c-3addc27d4c5f/result,HTTPError('404 Client Error: Not Found for url: /api/pdf-parser/jobs/pdf-parse-3bdca02a-3195-4e9e-821c-3addc27d4c5f/result'),2
GET,/api/pdf-parser/jobs/pdf-parse-e721cfe3-998e-44d8-b6da-2bb718a5affc/result,HTTPError('404 Client Error: Not Found for url: /api/pdf-parser/jobs/pdf-parse-e721cfe3-998e-44d8-b6da-2bb718a5affc/result'),2
GET,/api/pdf-parser/jobs/pdf-parse-9add946d-1227-4ae4-81a7-56632b3cbfa1/result,HTTPError('404 Client Error: Not Found for url: /api/pdf-parser/jobs/pdf-parse-9add946d-1227-4ae4-81a7-56632b3cbfa1/result'),2
GET,/api/pdf-parser/jobs/pdf-parse-b27c352d-e593-4e8f-a942-7e7ee36bb2ce/result,HTTPError('404 Client Error: Not Found for url: /api/pdf-parser/jobs/pdf-parse-b27c352d-e593-4e8f-a942-7e7ee36bb2ce/result'),1
GET,/api/pdf-parser/jobs/pdf-parse-6909c379-e702-4deb-97bc-4db66235688e/result,HTTPError('404 Client Error: Not Found for url: /api/pdf-parser/jobs/pdf-parse-6909c379-e702-4deb-97bc-4db66235688e/result'),1
GET,/api/pdf-parser/jobs/pdf-parse-e2e0c929-9aa1-423c-b4bc-f828b5fb1c45/result,HTTPError('404 Client Error: Not Found for url: /api/pdf-parser/jobs/pdf-parse-e2e0c929-9aa1-423c-b4bc-f828b5fb1c45/result'),2
GET,/api/pdf-parser/jobs/pdf-parse-33415707-4fb9-4f94-ad9a-232cd5561fcf/result,HTTPError('404 Client Error: Not Found for url: /api/pdf-parser/jobs/pdf-parse-33415707-4fb9-4f94-ad9a-232cd5561fcf/result'),2
GET,/api/pdf-parser/jobs/pdf-parse-caeef343-ad5a-4376-8c41-1b80dc089643/result,HTTPError('404 Client Error: Not Found for url: /api/pdf-parser/jobs/pdf-parse-caeef343-ad5a-4376-8c41-1b80dc089643/result'),2
GET,/api/pdf-parser/jobs/pdf-parse-27d4c206-81b1-41f6-b923-b7b0a37a0d1d/result,HTTPError('404 Client Error: Not Found for url: /api/pdf-parser/jobs/pdf-parse-27d4c206-81b1-41f6-b923-b7b0a37a0d1d/result'),2
GET,/api/pdf-parser/jobs/pdf-parse-722fea10-5235-4189-ba16-bb8d9c24dcc7/result,HTTPError('404 Client Error: Not Found for url: /api/pdf-parser/jobs/pdf-parse-722fea10-5235-4189-ba16-bb8d9c24dcc7/result'),1
GET,/api/pdf-parser/jobs/pdf-parse-0db62d58-72b5-4bc3-8371-e6ca4a3405e5/result,HTTPError('404 Client Error: Not Found for url: /api/pdf-parser/jobs/pdf-parse-0db62d58-72b5-4bc3-8371-e6ca4a3405e5/result'),2
GET,/api/pdf-parser/jobs/pdf-parse-eaf3ebc2-d2af-4ea3-8dc1-c31db874afb7/result,HTTPError('404 Client Error: Not Found for url: /api/pdf-parser/jobs/pdf-parse-eaf3ebc2-d2af-4ea3-8dc1-c31db874afb7/result'),1
GET,/api/pdf-parser/jobs/pdf-parse-f3513c2c-856f-47c9-a2b0-c95c63b549d7/result,HTTPError('404 Client Error: Not Found for url: /api/pdf-parser/jobs/pdf-parse-f3513c2c-856f-47c9-a2b0-c95c63b549d7/result'),2
GET,/api/pdf-parser/jobs/pdf-parse-6a2722d4-fb48-4af0-916d-3015c81addc6/result,HTTPError('404 Client Error: Not Found for url: /api/pdf-parser/jobs/pdf-parse-6a2722d4-fb48-4af0-916d-3015c81addc6/result'),4
GET,/api/pdf-parser/jobs/pdf-parse-3ac3d728-efe2-4060-89c6-c02fa3b2c3f9/result,HTTPError('404 Client Error: Not Found for url: /api/pdf-parser/jobs/pdf-parse-3ac3d728-efe2-4060-89c6-c02fa3b2c3f9/result'),4
GET,/api/pdf-parser/jobs/pdf-parse-745c8c92-ecc4-4dd0-9e59-34a8d904ec8e/result,HTTPError('404 Client Error: Not Found for url: /api/pdf-parser/jobs/pdf-parse-745c8c92-ecc4-4dd0-9e59-34a8d904ec8e/result'),2
GET,/api/pdf-parser/jobs/pdf-parse-1f7efc17-3371-4acd-bde8-e16401c2d79d/result,HTTPError('404 Client Error: Not Found for url: /api/pdf-parser/jobs/pdf-parse-1f7efc17-3371-4acd-bde8-e16401c2d79d/result'),1
GET,/api/pdf-parser/jobs/pdf-parse-d3e71601-bf7f-4f95-a639-e306495d95d0/result,HTTPError('404 Client Error: Not Found for url: /api/pdf-parser/jobs/pdf-parse-d3e71601-bf7f-4f95-a639-e306495d95d0/result'),1
GET,/api/pdf-parser/jobs/pdf-parse-0330a38d-80e2-4343-9736-c0e5a3d87048/result,HTTPError('404 Client Error: Not Found for url: /api/pdf-parser/jobs/pdf-parse-0330a38d-80e2-4343-9736-c0e5a3d87048/result'),2
GET,/api/pdf-parser/jobs/pdf-parse-4e3d3ceb-ab72-42e9-a659-7087e7b9f575/result,HTTPError('404 Client Error: Not Found for url: /api/pdf-parser/jobs/pdf-parse-4e3d3ceb-ab72-42e9-a659-7087e7b9f575/result'),1
GET,/api/pdf-parser/jobs/pdf-parse-dd21e6e2-dc28-47e8-8be6-148ab4cc8d4d/result,HTTPError('404 Client Error: Not Found for url: /api/pdf-parser/jobs/pdf-parse-dd21e6e2-dc28-47e8-8be6-148ab4cc8d4d/result'),2
GET,/api/pdf-parser/jobs/pdf-parse-29444b06-cd3c-4c6c-be2c-f1ba3bf69f62/result,HTTPError('404 Client Error: Not Found for url: /api/pdf-parser/jobs/pdf-parse-29444b06-cd3c-4c6c-be2c-f1ba3bf69f62/result'),2
GET,/api/pdf-parser/jobs/pdf-parse-8b06d017-b913-49af-babf-a902639f3b28/result,HTTPError('404 Client Error: Not Found for url: /api/pdf-parser/jobs/pdf-parse-8b06d017-b913-49af-babf-a902639f3b28/result'),1
GET,/api/pdf-parser/jobs/pdf-parse-26574b8a-db09-481d-8074-962b3e7c8e8b/result,HTTPError('404 Client Error: Not Found for url: /api/pdf-parser/jobs/pdf-parse-26574b8a-db09-481d-8074-962b3e7c8e8b/result'),1
GET,/api/pdf-parser/jobs/pdf-parse-6c5f6ed5-3fdf-406a-861e-179084b24ef7/result,HTTPError('404 Client Error: Not Found for url: /api/pdf-parser/jobs/pdf-parse-6c5f6ed5-3fdf-406a-861e-179084b24ef7/result'),2
GET,/api/pdf-parser/jobs/pdf-parse-094330e8-2d31-47e0-a97f-03dfc25d4cec/result,HTTPError('404 Client Error: Not Found for url: /api/pdf-parser/jobs/pdf-parse-094330e8-2d31-47e0-a97f-03dfc25d4cec/result'),2
GET,/api/pdf-parser/jobs/pdf-parse-9d8f5730-ba98-4bf5-9a9d-9fb156ef37dd/result,HTTPError('404 Client Error: Not Found for url: /api/pdf-parser/jobs/pdf-parse-9d8f5730-ba98-4bf5-9a9d-9fb156ef37dd/result'),2
GET,/api/pdf-parser/jobs/pdf-parse-a6761fac-57af-47e9-93f0-3bdf91f123de/result,HTTPError('404 Client Error: Not Found for url: /api/pdf-parser/jobs/pdf-parse-a6761fac-57af-47e9-93f0-3bdf91f123de/result'),3
GET,/api/pdf-parser/jobs/pdf-parse-83318aae-1bf2-47e0-bf02-e6c11c4635f1/result,HTTPError('404 Client Error: Not Found for url: /api/pdf-parser/jobs/pdf-parse-83318aae-1bf2-47e0-bf02-e6c11c4635f1/result'),2
GET,/api/pdf-parser/jobs/pdf-parse-241cf0f2-5689-4826-a1b5-e22fb08e9402/result,HTTPError('404 Client Error: Not Found for url: /api/pdf-parser/jobs/pdf-parse-241cf0f2-5689-4826-a1b5-e22fb08e9402/result'),2
GET,/api/pdf-parser/jobs/pdf-parse-b1769ee6-0f1b-437a-971c-9227bded6160/result,HTTPError('404 Client Error: Not Found for url: /api/pdf-parser/jobs/pdf-parse-b1769ee6-0f1b-437a-971c-9227bded6160/result'),1
GET,/api/pdf-parser/jobs/pdf-parse-17c426de-8477-44be-847d-1d47f6e9771a/result,HTTPError('404 Client Error: Not Found for url: /api/pdf-parser/jobs/pdf-parse-17c426de-8477-44be-847d-1d47f6e9771a/result'),3
GET,/api/pdf-parser/jobs/pdf-parse-327e26e8-a972-44da-8b28-cabd5eef0fd7/result,HTTPError('404 Client Error: Not Found for url: /api/pdf-parser/jobs/pdf-parse-327e26e8-a972-44da-8b28-cabd5eef0fd7/result'),1
GET,/api/pdf-parser/jobs/pdf-parse-96c38b4b-6dc1-490f-b298-d5bef8cff191/result,HTTPError('404 Client Error: Not Found for url: /api/pdf-parser/jobs/pdf-parse-96c38b4b-6dc1-490f-b298-d5bef8cff191/result'),1
GET,/api/pdf-parser/jobs/pdf-parse-a433d2f7-a385-4c8c-b023-3fc5395eb2fa/result,HTTPError('404 Client Error: Not Found for url: /api/pdf-parser/jobs/pdf-parse-a433d2f7-a385-4c8c-b023-3fc5395eb2fa/result'),1
GET,/api/pdf-parser/jobs/pdf-parse-2e261acd-6a11-4455-9344-97452623b3df/result,HTTPError('404 Client Error: Not Found for url: /api/pdf-parser/jobs/pdf-parse-2e261acd-6a11-4455-9344-97452623b3df/result'),1
GET,/api/pdf-parser/jobs/pdf-parse-a264900d-31c9-4f57-a16f-014a7dd85a4b/result,HTTPError('404 Client Error: Not Found for url: /api/pdf-parser/jobs/pdf-parse-a264900d-31c9-4f57-a16f-014a7dd85a4b/result'),2
GET,/api/pdf-parser/jobs/pdf-parse-4bb296a0-46ac-4510-af0a-b7614d321842/result,HTTPError('404 Client Error: Not Found for url: /api/pdf-parser/jobs/pdf-parse-4bb296a0-46ac-4510-af0a-b7614d321842/result'),1
GET,/api/pdf-parser/jobs/pdf-parse-dd41bcfa-6b31-45ea-b545-28f95a702889/result,HTTPError('404 Client Error: Not Found for url: /api/pdf-parser/jobs/pdf-parse-dd41bcfa-6b31-45ea-b545-28f95a702889/result'),1
GET,/api/pdf-parser/jobs/pdf-parse-88f01678-7e43-4983-bd0d-1032da4cf34c/result,HTTPError('404 Client Error: Not Found for url: /api/pdf-parser/jobs/pdf-parse-88f01678-7e43-4983-bd0d-1032da4cf34c/result'),1
GET,/api/pdf-parser/jobs/pdf-parse-01062d3d-d844-4654-9b28-7c0d6c9684e7/result,HTTPError('404 Client Error: Not Found for url: /api/pdf-parser/jobs/pdf-parse-01062d3d-d844-4654-9b28-7c0d6c9684e7/result'),2
GET,/api/pdf-parser/jobs/pdf-parse-2419b384-625b-43a3-bb4c-bf7026243abf/result,HTTPError('404 Client Error: Not Found for url: /api/pdf-parser/jobs/pdf-parse-2419b384-625b-43a3-bb4c-bf7026243abf/result'),2
GET,/api/pdf-parser/jobs/pdf-parse-fa7db829-670c-46ef-98aa-fffa9191a2f5/result,HTTPError('404 Client Error: Not Found for url: /api/pdf-parser/jobs/pdf-parse-fa7db829-670c-46ef-98aa-fffa9191a2f5/result'),1
GET,/api/pdf-parser/jobs/pdf-parse-68bb4648-53fd-4284-aebe-d0b64229f01e/result,HTTPError('404 Client Error: Not Found for url: /api/pdf-parser/jobs/pdf-parse-68bb4648-53fd-4284-aebe-d0b64229f01e/result'),1
GET,/api/pdf-parser/jobs/pdf-parse-809b3a3a-b968-4290-9ec9-a94aeba78086/result,HTTPError('404 Client Error: Not Found for url: /api/pdf-parser/jobs/pdf-parse-809b3a3a-b968-4290-9ec9-a94aeba78086/result'),3
GET,/api/pdf-parser/jobs/pdf-parse-589b73fd-e235-470f-8570-5cee0016b3b5/result,HTTPError('404 Client Error: Not Found for url: /api/pdf-parser/jobs/pdf-parse-589b73fd-e235-470f-8570-5cee0016b3b5/result'),1
GET,/api/pdf-parser/jobs/pdf-parse-ab142f17-f5a9-4a05-b5c3-1d5973b8c789/result,HTTPError('404 Client Error: Not Found for url: /api/pdf-parser/jobs/pdf-parse-ab142f17-f5a9-4a05-b5c3-1d5973b8c789/result'),5
GET,/api/pdf-parser/jobs/pdf-parse-2e9373a9-33e0-48a0-8678-99661b9e78d7/result,HTTPError('404 Client Error: Not Found for url: /api/pdf-parser/jobs/pdf-parse-2e9373a9-33e0-48a0-8678-99661b9e78d7/result'),3
GET,/api/pdf-parser/jobs/pdf-parse-6d407412-39d0-4041-8d23-89ce8d344226/result,HTTPError('404 Client Error: Not Found for url: /api/pdf-parser/jobs/pdf-parse-6d407412-39d0-4041-8d23-89ce8d344226/result'),2
GET,/api/pdf-parser/jobs/pdf-parse-bb5effda-f2cb-43e5-9a0e-63ee218029b4/result,HTTPError('404 Client Error: Not Found for url: /api/pdf-parser/jobs/pdf-parse-bb5effda-f2cb-43e5-9a0e-63ee218029b4/result'),1
GET,/api/pdf-parser/jobs/pdf-parse-1128420a-c550-4fb0-8792-e083dd19f6b3/result,HTTPError('404 Client Error: Not Found for url: /api/pdf-parser/jobs/pdf-parse-1128420a-c550-4fb0-8792-e083dd19f6b3/result'),2
GET,/api/pdf-parser/jobs/pdf-parse-66129cf2-6a01-4853-9049-fd3916f0301a/result,HTTPError('404 Client Error: Not Found for url: /api/pdf-parser/jobs/pdf-parse-66129cf2-6a01-4853-9049-fd3916f0301a/result'),1
GET,/api/pdf-parser/jobs/pdf-parse-b156256c-eb7a-4936-9c80-169e9eff818f/result,HTTPError('404 Client Error: Not Found for url: /api/pdf-parser/jobs/pdf-parse-b156256c-eb7a-4936-9c80-169e9eff818f/result'),2
GET,/api/pdf-parser/jobs/pdf-parse-de4c4775-c293-4bdc-8850-83f94c416398/result,HTTPError('404 Client Error: Not Found for url: /api/pdf-parser/jobs/pdf-parse-de4c4775-c293-4bdc-8850-83f94c416398/result'),1
GET,/api/pdf-parser/jobs/pdf-parse-d03e830d-874f-4d98-877d-0add8293517d/result,HTTPError('404 Client Error: Not Found for url: /api/pdf-parser/jobs/pdf-parse-d03e830d-874f-4d98-877d-0add8293517d/result'),3
GET,/api/pdf-parser/jobs/pdf-parse-fb2f887d-aac1-44dc-81d5-d3e72280710a/result,HTTPError('404 Client Error: Not Found for url: /api/pdf-parser/jobs/pdf-parse-fb2f887d-aac1-44dc-81d5-d3e72280710a/result'),2
GET,/api/pdf-parser/jobs/pdf-parse-1ce6f438-3bd6-425e-ab8e-23cee05c2bc7/result,HTTPError('404 Client Error: Not Found for url: /api/pdf-parser/jobs/pdf-parse-1ce6f438-3bd6-425e-ab8e-23cee05c2bc7/result'),1
GET,/api/pdf-parser/jobs/pdf-parse-0b890229-e230-4e51-b044-476bd8bcc05c/result,HTTPError('404 Client Error: Not Found for url: /api/pdf-parser/jobs/pdf-parse-0b890229-e230-4e51-b044-476bd8bcc05c/result'),2
GET,/api/pdf-parser/jobs/pdf-parse-89bad719-41d9-424c-a504-8c0f29525136/result,HTTPError('404 Client Error: Not Found for url: /api/pdf-parser/jobs/pdf-parse-89bad719-41d9-424c-a504-8c0f29525136/result'),1
GET,/api/pdf-parser/jobs/pdf-parse-732f3736-50ed-49a8-93ac-b2dc59d4dd31/result,HTTPError('404 Client Error: Not Found for url: /api/pdf-parser/jobs/pdf-parse-732f3736-50ed-49a8-93ac-b2dc59d4dd31/result'),1
GET,/api/pdf-parser/jobs/pdf-parse-0600d39b-dc3b-4c5d-bec3-8fd7aa048b4b/result,HTTPError('404 Client Error: Not Found for url: /api/pdf-parser/jobs/pdf-parse-0600d39b-dc3b-4c5d-bec3-8fd7aa048b4b/result'),1
GET,/api/pdf-parser/jobs/pdf-parse-6febfc7a-0454-49ff-8ed8-bfcbac7465a3/result,HTTPError('404 Client Error: Not Found for url: /api/pdf-parser/jobs/pdf-parse-6febfc7a-0454-49ff-8ed8-bfcbac7465a3/result'),1
GET,/api/pdf-parser/jobs/pdf-parse-4d0e4801-2f9e-4a20-91c7-20db1e36fd68/result,HTTPError('404 Client Error: Not Found for url: /api/pdf-parser/jobs/pdf-parse-4d0e4801-2f9e-4a20-91c7-20db1e36fd68/result'),1
GET,/api/pdf-parser/jobs/pdf-parse-56166987-583f-41a7-baac-fe4ea91e8980/result,HTTPError('404 Client Error: Not Found for url: /api/pdf-parser/jobs/pdf-parse-56166987-583f-41a7-baac-fe4ea91e8980/result'),1
GET,/api/pdf-parser/jobs/pdf-parse-732d37c1-198b-438a-94b2-334cb9aae80f/result,HTTPError('404 Client Error: Not Found for url: /api/pdf-parser/jobs/pdf-parse-732d37c1-198b-438a-94b2-334cb9aae80f/result'),1
GET,/api/pdf-parser/jobs/pdf-parse-37d99726-bc33-4a14-9609-83fda12db9e3/result,HTTPError('404 Client Error: Not Found for url: /api/pdf-parser/jobs/pdf-parse-37d99726-bc33-4a14-9609-83fda12db9e3/result'),1
GET,/api/pdf-parser/jobs/pdf-parse-778a5ca3-2699-4d1b-beb4-b03722a2a648/result,HTTPError('404 Client Error: Not Found for url: /api/pdf-parser/jobs/pdf-parse-778a5ca3-2699-4d1b-beb4-b03722a2a648/result'),4
GET,/api/pdf-parser/jobs/pdf-parse-a9308275-2b33-44b4-8e4b-5090be241348/result,HTTPError('404 Client Error: Not Found for url: /api/pdf-parser/jobs/pdf-parse-a9308275-2b33-44b4-8e4b-5090be241348/result'),1
GET,/api/pdf-parser/jobs/pdf-parse-255910a6-719c-42a5-882b-23478d419c9e/result,HTTPError('404 Client Error: Not Found for url: /api/pdf-parser/jobs/pdf-parse-255910a6-719c-42a5-882b-23478d419c9e/result'),1
GET,/api/pdf-parser/jobs/pdf-parse-027d26d3-142e-49af-bb5b-521e1627b139/result,HTTPError('404 Client Error: Not Found for url: /api/pdf-parser/jobs/pdf-parse-027d26d3-142e-49af-bb5b-521e1627b139/result'),2
GET,/api/pdf-parser/jobs/pdf-parse-ccc53fd1-5a32-4128-9034-c838aa9b2772/result,HTTPError('404 Client Error: Not Found for url: /api/pdf-parser/jobs/pdf-parse-ccc53fd1-5a32-4128-9034-c838aa9b2772/result'),1
GET,/api/pdf-parser/jobs/pdf-parse-26553d9b-c62c-452a-af60-53391b91d02c/result,HTTPError('404 Client Error: Not Found for url: /api/pdf-parser/jobs/pdf-parse-26553d9b-c62c-452a-af60-53391b91d02c/result'),2
GET,/api/pdf-parser/jobs/pdf-parse-52bdf8f2-bab2-471e-b47e-62c9f6a304c2/result,HTTPError('404 Client Error: Not Found for url: /api/pdf-parser/jobs/pdf-parse-52bdf8f2-bab2-471e-b47e-62c9f6a304c2/result'),1
GET,/api/pdf-parser/jobs/pdf-parse-c6cc49a1-6fe1-49a3-898b-b720b0612ae1/result,HTTPError('404 Client Error: Not Found for url: /api/pdf-parser/jobs/pdf-parse-c6cc49a1-6fe1-49a3-898b-b720b0612ae1/result'),1
GET,/api/pdf-parser/jobs/pdf-parse-d3f4dd36-5a2e-48b1-bd8d-419bc9fb3431/result,HTTPError('404 Client Error: Not Found for url: /api/pdf-parser/jobs/pdf-parse-d3f4dd36-5a2e-48b1-bd8d-419bc9fb3431/result'),1
GET,/api/pdf-parser/jobs/pdf-parse-b36bf9fa-182b-40f3-97ca-2217ddd260e0/result,HTTPError('404 Client Error: Not Found for url: /api/pdf-parser/jobs/pdf-parse-b36bf9fa-182b-40f3-97ca-2217ddd260e0/result'),2
GET,/api/pdf-parser/jobs/pdf-parse-8719faae-3b6a-47c7-872e-7c985db2d6ef/result,HTTPError('404 Client Error: Not Found for url: /api/pdf-parser/jobs/pdf-parse-8719faae-3b6a-47c7-872e-7c985db2d6ef/result'),3
GET,/api/pdf-parser/jobs/pdf-parse-839f23d7-c817-454e-b096-d28cb609fadc/result,HTTPError('404 Client Error: Not Found for url: /api/pdf-parser/jobs/pdf-parse-839f23d7-c817-454e-b096-d28cb609fadc/result'),2
GET,/api/pdf-parser/jobs/pdf-parse-4cb71eb8-6268-4de6-b427-5c518a4ded3b/result,HTTPError('404 Client Error: Not Found for url: /api/pdf-parser/jobs/pdf-parse-4cb71eb8-6268-4de6-b427-5c518a4ded3b/result'),2
GET,/api/pdf-parser/jobs/pdf-parse-f48e14b1-b579-4543-bb10-74ffbb732d8a/result,HTTPError('404 Client Error: Not Found for url: /api/pdf-parser/jobs/pdf-parse-f48e14b1-b579-4543-bb10-74ffbb732d8a/result'),4
GET,/api/pdf-parser/jobs/pdf-parse-73f61973-6d99-4729-a452-ea9c1991ef4a/result,HTTPError('404 Client Error: Not Found for url: /api/pdf-parser/jobs/pdf-parse-73f61973-6d99-4729-a452-ea9c1991ef4a/result'),1
GET,/api/pdf-parser/jobs/pdf-parse-29d620a1-cfdc-476b-b7f5-8b0fda292438/result,HTTPError('404 Client Error: Not Found for url: /api/pdf-parser/jobs/pdf-parse-29d620a1-cfdc-476b-b7f5-8b0fda292438/result'),1
GET,/api/pdf-parser/jobs/pdf-parse-02bc32a8-eadf-41ed-920e-35bc8fd3fccb/result,HTTPError('404 Client Error: Not Found for url: /api/pdf-parser/jobs/pdf-parse-02bc32a8-eadf-41ed-920e-35bc8fd3fccb/result'),2
GET,/api/pdf-parser/jobs/pdf-parse-1a2ac2fa-c5dc-4ed4-9edc-67ba35bb78e7/result,HTTPError('404 Client Error: Not Found for url: /api/pdf-parser/jobs/pdf-parse-1a2ac2fa-c5dc-4ed4-9edc-67ba35bb78e7/result'),2
GET,/api/pdf-parser/jobs/pdf-parse-65e821a8-15df-41a2-beff-6eb7da3772ec/result,HTTPError('404 Client Error: Not Found for url: /api/pdf-parser/jobs/pdf-parse-65e821a8-15df-41a2-beff-6eb7da3772ec/result'),1
GET,/api/pdf-parser/jobs/pdf-parse-f8eb9f79-eadb-4e51-be5e-b6d3e1bc2065/result,HTTPError('404 Client Error: Not Found for url: /api/pdf-parser/jobs/pdf-parse-f8eb9f79-eadb-4e51-be5e-b6d3e1bc2065/result'),1
GET,/api/pdf-parser/jobs/pdf-parse-56c15466-64ce-4f66-ba3c-e791c00a7f50/result,HTTPError('404 Client Error: Not Found for url: /api/pdf-parser/jobs/pdf-parse-56c15466-64ce-4f66-ba3c-e791c00a7f50/result'),2
GET,/api/pdf-parser/jobs/pdf-parse-20f7a0c0-31e4-464f-968a-ea89f684f9e6/result,HTTPError('404 Client Error: Not Found for url: /api/pdf-parser/jobs/pdf-parse-20f7a0c0-31e4-464f-968a-ea89f684f9e6/result'),2
GET,/api/pdf-parser/jobs/pdf-parse-2cd41784-75b5-4252-b06e-4b27d4ade630/result,HTTPError('404 Client Error: Not Found for url: /api/pdf-parser/jobs/pdf-parse-2cd41784-75b5-4252-b06e-4b27d4ade630/result'),2
GET,/api/pdf-parser/jobs/pdf-parse-52ff45d8-83e4-4ac3-a083-d0eb64a875a6/result,HTTPError('404 Client Error: Not Found for url: /api/pdf-parser/jobs/pdf-parse-52ff45d8-83e4-4ac3-a083-d0eb64a875a6/result'),4
GET,/api/pdf-parser/jobs/pdf-parse-3411be4c-0cfd-447c-8a87-5491d2a7d4e8/result,HTTPError('404 Client Error: Not Found for url: /api/pdf-parser/jobs/pdf-parse-3411be4c-0cfd-447c-8a87-5491d2a7d4e8/result'),5
GET,/api/pdf-parser/jobs/pdf-parse-7a425c67-107e-4302-ab83-6140fc2ce7cc/result,HTTPError('404 Client Error: Not Found for url: /api/pdf-parser/jobs/pdf-parse-7a425c67-107e-4302-ab83-6140fc2ce7cc/result'),1
GET,/api/pdf-parser/jobs/pdf-parse-216bd239-3bb9-4f3b-8844-a7437fa75b90/result,HTTPError('404 Client Error: Not Found for url: /api/pdf-parser/jobs/pdf-parse-216bd239-3bb9-4f3b-8844-a7437fa75b90/result'),1
GET,/api/pdf-parser/jobs/pdf-parse-832c784d-6caa-46ae-ad3a-ca0c2a632398/result,HTTPError('404 Client Error: Not Found for url: /api/pdf-parser/jobs/pdf-parse-832c784d-6caa-46ae-ad3a-ca0c2a632398/result'),1
GET,/api/pdf-parser/jobs/pdf-parse-7c482095-620d-432f-8b75-53c556b8a355/result,HTTPError('404 Client Error: Not Found for url: /api/pdf-parser/jobs/pdf-parse-7c482095-620d-432f-8b75-53c556b8a355/result'),1
GET,/api/pdf-parser/jobs/pdf-parse-c5a8413e-ce10-460d-b03b-6e38031fff71/result,HTTPError('404 Client Error: Not Found for url: /api/pdf-parser/jobs/pdf-parse-c5a8413e-ce10-460d-b03b-6e38031fff71/result'),2
GET,/api/pdf-parser/jobs/pdf-parse-2ead9e2e-e723-4113-bf63-1ed38f98aa55/result,HTTPError('404 Client Error: Not Found for url: /api/pdf-parser/jobs/pdf-parse-2ead9e2e-e723-4113-bf63-1ed38f98aa55/result'),3
GET,/api/pdf-parser/jobs/pdf-parse-0d5ae892-6a74-48d0-8a83-3b959924c41f/result,HTTPError('404 Client Error: Not Found for url: /api/pdf-parser/jobs/pdf-parse-0d5ae892-6a74-48d0-8a83-3b959924c41f/result'),1
GET,/api/pdf-parser/jobs/pdf-parse-0537f873-2c7d-4562-af91-21f7ee0cf19d/result,HTTPError('404 Client Error: Not Found for url: /api/pdf-parser/jobs/pdf-parse-0537f873-2c7d-4562-af91-21f7ee0cf19d/result'),2
GET,/api/pdf-parser/jobs/pdf-parse-69754af9-76a3-49d2-82d8-ab21a0b34daa/result,HTTPError('404 Client Error: Not Found for url: /api/pdf-parser/jobs/pdf-parse-69754af9-76a3-49d2-82d8-ab21a0b34daa/result'),3
GET,/api/pdf-parser/jobs/pdf-parse-e8a69d32-3623-4340-981b-c9ef271706ba/result,HTTPError('404 Client Error: Not Found for url: /api/pdf-parser/jobs/pdf-parse-e8a69d32-3623-4340-981b-c9ef271706ba/result'),1
GET,/api/pdf-parser/jobs/pdf-parse-4b6d5419-e3a6-4523-9d3c-33798f02674b/result,HTTPError('404 Client Error: Not Found for url: /api/pdf-parser/jobs/pdf-parse-4b6d5419-e3a6-4523-9d3c-33798f02674b/result'),1
GET,/api/pdf-parser/jobs/pdf-parse-59340c0c-60e2-438a-916e-f014938a984f/result,HTTPError('404 Client Error: Not Found for url: /api/pdf-parser/jobs/pdf-parse-59340c0c-60e2-438a-916e-f014938a984f/result'),1
GET,/api/pdf-parser/jobs/pdf-parse-12749995-da4c-4ab8-9ff3-fc3ad4bdbde0/result,HTTPError('404 Client Error: Not Found for url: /api/pdf-parser/jobs/pdf-parse-12749995-da4c-4ab8-9ff3-fc3ad4bdbde0/result'),3
GET,/api/pdf-parser/jobs/pdf-parse-6720206b-36a7-44a5-9b06-27b958557c22/result,HTTPError('404 Client Error: Not Found for url: /api/pdf-parser/jobs/pdf-parse-6720206b-36a7-44a5-9b06-27b958557c22/result'),1
GET,/api/pdf-parser/jobs/pdf-parse-92545144-6511-4857-8dee-b916dde7f7e2/result,HTTPError('404 Client Error: Not Found for url: /api/pdf-parser/jobs/pdf-parse-92545144-6511-4857-8dee-b916dde7f7e2/result'),1
GET,/api/pdf-parser/jobs/pdf-parse-cc4a1bb6-a19b-4ba1-8b30-1cb60f390810/result,HTTPError('404 Client Error: Not Found for url: /api/pdf-parser/jobs/pdf-parse-cc4a1bb6-a19b-4ba1-8b30-1cb60f390810/result'),1
GET,/api/pdf-parser/jobs/pdf-parse-4eca37ce-6a0f-4df5-8961-2946e54dee79/result,HTTPError('404 Client Error: Not Found for url: /api/pdf-parser/jobs/pdf-parse-4eca37ce-6a0f-4df5-8961-2946e54dee79/result'),3
GET,/api/pdf-parser/jobs/pdf-parse-999c232e-c466-47f9-8476-980c12cb7462/result,HTTPError('404 Client Error: Not Found for url: /api/pdf-parser/jobs/pdf-parse-999c232e-c466-47f9-8476-980c12cb7462/result'),1
GET,/api/pdf-parser/jobs/pdf-parse-8e032a17-1cf4-476d-9911-4c59f9470abd/result,HTTPError('404 Client Error: Not Found for url: /api/pdf-parser/jobs/pdf-parse-8e032a17-1cf4-476d-9911-4c59f9470abd/result'),1
GET,/api/pdf-parser/jobs/pdf-parse-0003262f-5e0c-41bc-bf26-ec1593cf1a60/result,HTTPError('404 Client Error: Not Found for url: /api/pdf-parser/jobs/pdf-parse-0003262f-5e0c-41bc-bf26-ec1593cf1a60/result'),1
GET,/api/pdf-parser/jobs/pdf-parse-df9f8781-0ad8-4fd1-a491-58bd85c4e353/result,HTTPError('404 Client Error: Not Found for url: /api/pdf-parser/jobs/pdf-parse-df9f8781-0ad8-4fd1-a491-58bd85c4e353/result'),1
GET,/api/pdf-parser/jobs/pdf-parse-ca57d1fb-f1b7-4ee7-b7d3-001d8b599180/result,HTTPError('404 Client Error: Not Found for url: /api/pdf-parser/jobs/pdf-parse-ca57d1fb-f1b7-4ee7-b7d3-001d8b599180/result'),2
GET,/api/pdf-parser/jobs/pdf-parse-26f22cfa-e333-4a82-83d2-dcf8b43478e2/result,HTTPError('404 Client Error: Not Found for url: /api/pdf-parser/jobs/pdf-parse-26f22cfa-e333-4a82-83d2-dcf8b43478e2/result'),1
GET,/api/pdf-parser/jobs/pdf-parse-96f7f37e-abd5-47f1-bec4-dac065b668d5/result,HTTPError('404 Client Error: Not Found for url: /api/pdf-parser/jobs/pdf-parse-96f7f37e-abd5-47f1-bec4-dac065b668d5/result'),1
GET,/api/pdf-parser/jobs/pdf-parse-3b5b6f54-20ee-4050-9c51-1537851e0a61/result,HTTPError('404 Client Error: Not Found for url: /api/pdf-parser/jobs/pdf-parse-3b5b6f54-20ee-4050-9c51-1537851e0a61/result'),1
GET,/api/pdf-parser/jobs/pdf-parse-9b34b99e-56ed-41d3-b94d-66c7c8d586b4/result,HTTPError('404 Client Error: Not Found for url: /api/pdf-parser/jobs/pdf-parse-9b34b99e-56ed-41d3-b94d-66c7c8d586b4/result'),2
GET,/api/pdf-parser/jobs/pdf-parse-e6e897fe-a6cb-49df-b064-e62256681fdc/result,HTTPError('404 Client Error: Not Found for url: /api/pdf-parser/jobs/pdf-parse-e6e897fe-a6cb-49df-b064-e62256681fdc/result'),5
GET,/api/pdf-parser/jobs/pdf-parse-77909c7b-0d93-4844-b340-0b039d3525bd/result,HTTPError('404 Client Error: Not Found for url: /api/pdf-parser/jobs/pdf-parse-77909c7b-0d93-4844-b340-0b039d3525bd/result'),4
GET,/api/pdf-parser/jobs/pdf-parse-708a4cfa-e561-444a-9ab3-5db3f063d15e/result,HTTPError('404 Client Error: Not Found for url: /api/pdf-parser/jobs/pdf-parse-708a4cfa-e561-444a-9ab3-5db3f063d15e/result'),1
GET,/api/pdf-parser/jobs/pdf-parse-71133cee-820b-40eb-8daf-b1f02fcb14eb/result,HTTPError('404 Client Error: Not Found for url: /api/pdf-parser/jobs/pdf-parse-71133cee-820b-40eb-8daf-b1f02fcb14eb/result'),2
GET,/api/pdf-parser/jobs/pdf-parse-4a6683ae-1888-4afb-8f09-019ff2fa7b07/result,HTTPError('404 Client Error: Not Found for url: /api/pdf-parser/jobs/pdf-parse-4a6683ae-1888-4afb-8f09-019ff2fa7b07/result'),1
GET,/api/pdf-parser/jobs/pdf-parse-40edbbc2-9ee2-49af-8832-47a52d0bfd57/result,HTTPError('404 Client Error: Not Found for url: /api/pdf-parser/jobs/pdf-parse-40edbbc2-9ee2-49af-8832-47a52d0bfd57/result'),1
GET,/api/pdf-parser/jobs/pdf-parse-1b12779f-c19a-4cfc-a764-1a4183ef7303/result,HTTPError('404 Client Error: Not Found for url: /api/pdf-parser/jobs/pdf-parse-1b12779f-c19a-4cfc-a764-1a4183ef7303/result'),2
GET,/api/pdf-parser/jobs/pdf-parse-902c4189-cbd2-4a1a-9e99-85e519645437/result,HTTPError('404 Client Error: Not Found for url: /api/pdf-parser/jobs/pdf-parse-902c4189-cbd2-4a1a-9e99-85e519645437/result'),3
GET,/api/pdf-parser/jobs/pdf-parse-e9cecc94-6fd4-48ed-95d3-4af9b47116ff/result,HTTPError('404 Client Error: Not Found for url: /api/pdf-parser/jobs/pdf-parse-e9cecc94-6fd4-48ed-95d3-4af9b47116ff/result'),1
GET,/api/pdf-parser/jobs/pdf-parse-a89b32d1-1aff-4ae1-8848-43aa321167f8/result,HTTPError('404 Client Error: Not Found for url: /api/pdf-parser/jobs/pdf-parse-a89b32d1-1aff-4ae1-8848-43aa321167f8/result'),2
GET,/api/pdf-parser/jobs/pdf-parse-9a3efb7f-64eb-4910-8089-be2f5ab11bb1/result,HTTPError('404 Client Error: Not Found for url: /api/pdf-parser/jobs/pdf-parse-9a3efb7f-64eb-4910-8089-be2f5ab11bb1/result'),2
GET,/api/pdf-parser/jobs/pdf-parse-a29ff7f7-5128-4f48-82d6-58e0580cfd31/result,HTTPError('404 Client Error: Not Found for url: /api/pdf-parser/jobs/pdf-parse-a29ff7f7-5128-4f48-82d6-58e0580cfd31/result'),1
GET,/api/pdf-parser/jobs/pdf-parse-f4c676bd-5c5f-40af-8634-bb156d5f2c3d/result,HTTPError('404 Client Error: Not Found for url: /api/pdf-parser/jobs/pdf-parse-f4c676bd-5c5f-40af-8634-bb156d5f2c3d/result'),1
GET,/api/pdf-parser/jobs/pdf-parse-638256e5-d965-4dc6-a5ab-a5b0a7771cbb/result,HTTPError('404 Client Error: Not Found for url: /api/pdf-parser/jobs/pdf-parse-638256e5-d965-4dc6-a5ab-a5b0a7771cbb/result'),1
GET,/api/pdf-parser/jobs/pdf-parse-7c137c1e-095e-48b4-8948-4b6b0bdde73a/result,HTTPError('404 Client Error: Not Found for url: /api/pdf-parser/jobs/pdf-parse-7c137c1e-095e-48b4-8948-4b6b0bdde73a/result'),1
GET,/api/pdf-parser/jobs/pdf-parse-9b11d01f-01cc-49d4-8f8d-363b808eaacd/result,HTTPError('404 Client Error: Not Found for url: /api/pdf-parser/jobs/pdf-parse-9b11d01f-01cc-49d4-8f8d-363b808eaacd/result'),2
GET,/api/pdf-parser/jobs/pdf-parse-a015ab5e-1c48-45cb-914b-4b8191798c7d/result,HTTPError('404 Client Error: Not Found for url: /api/pdf-parser/jobs/pdf-parse-a015ab5e-1c48-45cb-914b-4b8191798c7d/result'),1
GET,/api/pdf-parser/jobs/pdf-parse-2094f6d5-f551-49a5-b495-ec9c51f9fb44/result,HTTPError('404 Client Error: Not Found for url: /api/pdf-parser/jobs/pdf-parse-2094f6d5-f551-49a5-b495-ec9c51f9fb44/result'),1
GET,/api/pdf-parser/jobs/pdf-parse-078baff6-f774-422d-9662-dd0aa370fdd3/result,HTTPError('404 Client Error: Not Found for url: /api/pdf-parser/jobs/pdf-parse-078baff6-f774-422d-9662-dd0aa370fdd3/result'),4
GET,/api/pdf-parser/jobs/pdf-parse-a0ecacf6-c74d-456c-b90e-78616fb86372/result,HTTPError('404 Client Error: Not Found for url: /api/pdf-parser/jobs/pdf-parse-a0ecacf6-c74d-456c-b90e-78616fb86372/result'),1
GET,/api/pdf-parser/jobs/pdf-parse-d1d68f38-db89-45f1-a99f-8772a9193585/result,HTTPError('404 Client Error: Not Found for url: /api/pdf-parser/jobs/pdf-parse-d1d68f38-db89-45f1-a99f-8772a9193585/result'),3
GET,/api/pdf-parser/jobs/pdf-parse-f97d7256-6337-484b-93f6-6076c482d18f/result,HTTPError('404 Client Error: Not Found for url: /api/pdf-parser/jobs/pdf-parse-f97d7256-6337-484b-93f6-6076c482d18f/result'),1
GET,/api/pdf-parser/jobs/pdf-parse-dc680089-d086-47a2-9943-13bfb1b5d777/result,HTTPError('404 Client Error: Not Found for url: /api/pdf-parser/jobs/pdf-parse-dc680089-d086-47a2-9943-13bfb1b5d777/result'),1
GET,/api/pdf-parser/jobs/pdf-parse-edb11301-af2d-498a-a5da-c8104664f744/result,HTTPError('404 Client Error: Not Found for url: /api/pdf-parser/jobs/pdf-parse-edb11301-af2d-498a-a5da-c8104664f744/result'),1
GET,/api/pdf-parser/jobs/pdf-parse-8bfc8a2e-ab29-4f88-a545-8b45db1ca279/result,HTTPError('404 Client Error: Not Found for url: /api/pdf-parser/jobs/pdf-parse-8bfc8a2e-ab29-4f88-a545-8b45db1ca279/result'),1
GET,/api/pdf-parser/jobs/pdf-parse-09fd7dd0-6f16-46ed-82f8-6eed88ea5ca0/result,HTTPError('404 Client Error: Not Found for url: /api/pdf-parser/jobs/pdf-parse-09fd7dd0-6f16-46ed-82f8-6eed88ea5ca0/result'),2
GET,/api/pdf-parser/jobs/pdf-parse-2b6b063b-979c-405a-9a4c-3c7d93ae64c8/result,HTTPError('404 Client Error: Not Found for url: /api/pdf-parser/jobs/pdf-parse-2b6b063b-979c-405a-9a4c-3c7d93ae64c8/result'),1
GET,/api/pdf-parser/jobs/pdf-parse-999bb479-72f9-4f00-bad4-efdc772391a8/result,HTTPError('404 Client Error: Not Found for url: /api/pdf-parser/jobs/pdf-parse-999bb479-72f9-4f00-bad4-efdc772391a8/result'),4
GET,/api/pdf-parser/jobs/pdf-parse-6efacc2f-6efd-493f-adf2-cd56280d276f/result,HTTPError('404 Client Error: Not Found for url: /api/pdf-parser/jobs/pdf-parse-6efacc2f-6efd-493f-adf2-cd56280d276f/result'),2
GET,/api/pdf-parser/jobs/pdf-parse-4bf4eecf-f5bd-481d-bd1f-50da549cd78f/result,HTTPError('404 Client Error: Not Found for url: /api/pdf-parser/jobs/pdf-parse-4bf4eecf-f5bd-481d-bd1f-50da549cd78f/result'),5
GET,/api/pdf-parser/jobs/pdf-parse-94aa9aaf-9243-4c1f-bbb7-e576c6623160/result,HTTPError('404 Client Error: Not Found for url: /api/pdf-parser/jobs/pdf-parse-94aa9aaf-9243-4c1f-bbb7-e576c6623160/result'),3
GET,/api/pdf-parser/jobs/pdf-parse-8c1d31df-9b03-4292-8f1a-87191dc19563/result,HTTPError('404 Client Error: Not Found for url: /api/pdf-parser/jobs/pdf-parse-8c1d31df-9b03-4292-8f1a-87191dc19563/result'),2
GET,/api/pdf-parser/jobs/pdf-parse-e4b88e93-eedc-4e08-b60b-44cb5a0ba81c/result,HTTPError('404 Client Error: Not Found for url: /api/pdf-parser/jobs/pdf-parse-e4b88e93-eedc-4e08-b60b-44cb5a0ba81c/result'),2
GET,/api/pdf-parser/jobs/pdf-parse-e43b1a2f-21ed-4261-890c-2836b5102889/result,HTTPError('404 Client Error: Not Found for url: /api/pdf-parser/jobs/pdf-parse-e43b1a2f-21ed-4261-890c-2836b5102889/result'),1
GET,/api/pdf-parser/jobs/pdf-parse-930a47fa-0ee7-48c5-b57f-ded0fb1818b9/result,HTTPError('404 Client Error: Not Found for url: /api/pdf-parser/jobs/pdf-parse-930a47fa-0ee7-48c5-b57f-ded0fb1818b9/result'),1
GET,/api/pdf-parser/jobs/pdf-parse-76541084-d222-4126-9460-6a922184a831/result,HTTPError('404 Client Error: Not Found for url: /api/pdf-parser/jobs/pdf-parse-76541084-d222-4126-9460-6a922184a831/result'),1
GET,/api/pdf-parser/jobs/pdf-parse-fa000b30-ffc9-40e4-babd-dcf60e53aa60/result,HTTPError('404 Client Error: Not Found for url: /api/pdf-parser/jobs/pdf-parse-fa000b30-ffc9-40e4-babd-dcf60e53aa60/result'),1
GET,/api/pdf-parser/jobs/pdf-parse-1701c382-c99e-4fd3-b895-d66e0f64d2d1/result,HTTPError('404 Client Error: Not Found for url: /api/pdf-parser/jobs/pdf-parse-1701c382-c99e-4fd3-b895-d66e0f64d2d1/result'),3
GET,/api/pdf-parser/jobs/pdf-parse-61aa5e74-32d6-4717-9ef3-f4ebc3442be6/result,HTTPError('404 Client Error: Not Found for url: /api/pdf-parser/jobs/pdf-parse-61aa5e74-32d6-4717-9ef3-f4ebc3442be6/result'),1
GET,/api/pdf-parser/jobs/pdf-parse-935e3329-21ce-4650-ad8c-9b8f2311b419/result,HTTPError('404 Client Error: Not Found for url: /api/pdf-parser/jobs/pdf-parse-935e3329-21ce-4650-ad8c-9b8f2311b419/result'),1
GET,/api/pdf-parser/jobs/pdf-parse-a7d6891a-f37d-49d9-b75e-ca7f2f2b3344/result,HTTPError('404 Client Error: Not Found for url: /api/pdf-parser/jobs/pdf-parse-a7d6891a-f37d-49d9-b75e-ca7f2f2b3344/result'),2
GET,/api/pdf-parser/jobs/pdf-parse-ba35ece9-99b0-498b-9774-aeeb63b9f270/result,HTTPError('404 Client Error: Not Found for url: /api/pdf-parser/jobs/pdf-parse-ba35ece9-99b0-498b-9774-aeeb63b9f270/result'),1
GET,/api/pdf-parser/jobs/pdf-parse-313230c0-e701-4c5c-9f7b-2cd1875afa26/result,HTTPError('404 Client Error: Not Found for url: /api/pdf-parser/jobs/pdf-parse-313230c0-e701-4c5c-9f7b-2cd1875afa26/result'),1
GET,/api/pdf-parser/jobs/pdf-parse-2f3a0d2c-8a44-4f87-8512-187b340b4b85/result,HTTPError('404 Client Error: Not Found for url: /api/pdf-parser/jobs/pdf-parse-2f3a0d2c-8a44-4f87-8512-187b340b4b85/result'),5
GET,/api/pdf-parser/jobs/pdf-parse-d93d9382-e299-4105-91ba-690253e7827f/result,HTTPError('404 Client Error: Not Found for url: /api/pdf-parser/jobs/pdf-parse-d93d9382-e299-4105-91ba-690253e7827f/result'),1
GET,/api/pdf-parser/jobs/pdf-parse-dfc422c9-9a21-4b4d-8f7c-31d898bf1316/result,HTTPError('404 Client Error: Not Found for url: /api/pdf-parser/jobs/pdf-parse-dfc422c9-9a21-4b4d-8f7c-31d898bf1316/result'),3
GET,/api/pdf-parser/jobs/pdf-parse-af5ccfd0-6835-4f59-9be9-cd3d8287afc8/result,HTTPError('404 Client Error: Not Found for url: /api/pdf-parser/jobs/pdf-parse-af5ccfd0-6835-4f59-9be9-cd3d8287afc8/result'),3
GET,/api/pdf-parser/jobs/pdf-parse-6ee34c77-cb79-436d-838b-f8caa5aa269e/result,HTTPError('404 Client Error: Not Found for url: /api/pdf-parser/jobs/pdf-parse-6ee34c77-cb79-436d-838b-f8caa5aa269e/result'),2
GET,/api/pdf-parser/jobs/pdf-parse-2560ed00-af33-4295-bf33-b6838a4247b1/result,HTTPError('404 Client Error: Not Found for url: /api/pdf-parser/jobs/pdf-parse-2560ed00-af33-4295-bf33-b6838a4247b1/result'),1
GET,/api/pdf-parser/jobs/pdf-parse-08850950-3cd1-455b-b0ef-4a513fdacb57/result,HTTPError('404 Client Error: Not Found for url: /api/pdf-parser/jobs/pdf-parse-08850950-3cd1-455b-b0ef-4a513fdacb57/result'),1
GET,/api/pdf-parser/jobs/pdf-parse-c33929c9-4b33-4e03-87a9-419162f0566b/result,HTTPError('404 Client Error: Not Found for url: /api/pdf-parser/jobs/pdf-parse-c33929c9-4b33-4e03-87a9-419162f0566b/result'),1
GET,/api/pdf-parser/jobs/pdf-parse-2403a4fd-9a45-44b5-9162-f363263f15b3/result,HTTPError('404 Client Error: Not Found for url: /api/pdf-parser/jobs/pdf-parse-2403a4fd-9a45-44b5-9162-f363263f15b3/result'),3
GET,/api/pdf-parser/jobs/pdf-parse-f452ed78-38f2-4688-b029-9db243723f9b/result,HTTPError('404 Client Error: Not Found for url: /api/pdf-parser/jobs/pdf-parse-f452ed78-38f2-4688-b029-9db243723f9b/result'),1
GET,/api/pdf-parser/jobs/pdf-parse-07acf5ba-ce82-42a7-8294-1e41c21d585d/result,HTTPError('404 Client Error: Not Found for url: /api/pdf-parser/jobs/pdf-parse-07acf5ba-ce82-42a7-8294-1e41c21d585d/result'),3
GET,/api/pdf-parser/jobs/pdf-parse-659248ff-4944-4d84-a363-502cf819fa99/result,HTTPError('404 Client Error: Not Found for url: /api/pdf-parser/jobs/pdf-parse-659248ff-4944-4d84-a363-502cf819fa99/result'),1
GET,/api/pdf-parser/jobs/pdf-parse-5b79099f-e779-4f83-9291-d227551a058f/result,HTTPError('404 Client Error: Not Found for url: /api/pdf-parser/jobs/pdf-parse-5b79099f-e779-4f83-9291-d227551a058f/result'),3
GET,/api/pdf-parser/jobs/pdf-parse-fc6b1c76-ea5b-4571-884f-7f58cde17387/result,HTTPError('404 Client Error: Not Found for url: /api/pdf-parser/jobs/pdf-parse-fc6b1c76-ea5b-4571-884f-7f58cde17387/result'),4
GET,/api/pdf-parser/jobs/pdf-parse-5c710988-79c7-4ca0-9c8d-624f69c92aee/result,HTTPError('404 Client Error: Not Found for url: /api/pdf-parser/jobs/pdf-parse-5c710988-79c7-4ca0-9c8d-624f69c92aee/result'),1
GET,/api/pdf-parser/jobs/pdf-parse-f67465b4-679b-4b98-b8e8-5c0fd8dc5344/result,HTTPError('404 Client Error: Not Found for url: /api/pdf-parser/jobs/pdf-parse-f67465b4-679b-4b98-b8e8-5c0fd8dc5344/result'),1
GET,/api/pdf-parser/jobs/pdf-parse-b7e9b1be-7304-4600-99f8-c2fe00844e5a/result,HTTPError('404 Client Error: Not Found for url: /api/pdf-parser/jobs/pdf-parse-b7e9b1be-7304-4600-99f8-c2fe00844e5a/result'),2
GET,/api/pdf-parser/jobs/pdf-parse-f0ec5ae0-3ed3-445f-b9e9-2686e220ef8d/result,HTTPError('404 Client Error: Not Found for url: /api/pdf-parser/jobs/pdf-parse-f0ec5ae0-3ed3-445f-b9e9-2686e220ef8d/result'),4
GET,/api/pdf-parser/jobs/pdf-parse-134dcde7-e957-4446-bb3f-8d70c0f507d6/result,HTTPError('404 Client Error: Not Found for url: /api/pdf-parser/jobs/pdf-parse-134dcde7-e957-4446-bb3f-8d70c0f507d6/result'),3
GET,/api/pdf-parser/jobs/pdf-parse-543a9cce-c45f-4b9b-acaa-8c6bd469eff6/result,HTTPError('404 Client Error: Not Found for url: /api/pdf-parser/jobs/pdf-parse-543a9cce-c45f-4b9b-acaa-8c6bd469eff6/result'),2
GET,/api/pdf-parser/jobs/pdf-parse-152738b6-ed63-40eb-bb11-a15bd0931e73/result,HTTPError('404 Client Error: Not Found for url: /api/pdf-parser/jobs/pdf-parse-152738b6-ed63-40eb-bb11-a15bd0931e73/result'),3
GET,/api/pdf-parser/jobs/pdf-parse-d9efc1a1-c32c-4e16-b44f-18a758aacd84/result,HTTPError('404 Client Error: Not Found for url: /api/pdf-parser/jobs/pdf-parse-d9efc1a1-c32c-4e16-b44f-18a758aacd84/result'),1
GET,/api/pdf-parser/jobs/pdf-parse-26f8cee2-ba6e-42fd-87ad-508bd6016fe7/result,HTTPError('404 Client Error: Not Found for url: /api/pdf-parser/jobs/pdf-parse-26f8cee2-ba6e-42fd-87ad-508bd6016fe7/result'),3
GET,/api/pdf-parser/jobs/pdf-parse-b7fadb39-3bd7-4f85-8918-c3d3e10b97bd/result,HTTPError('404 Client Error: Not Found for url: /api/pdf-parser/jobs/pdf-parse-b7fadb39-3bd7-4f85-8918-c3d3e10b97bd/result'),2
GET,/api/pdf-parser/jobs/pdf-parse-0bf75a10-2f02-4822-b4af-cf2c61e0728c/result,HTTPError('404 Client Error: Not Found for url: /api/pdf-parser/jobs/pdf-parse-0bf75a10-2f02-4822-b4af-cf2c61e0728c/result'),1
GET,/api/pdf-parser/jobs/pdf-parse-8f4e0eb2-a716-4772-be25-cf388564cd8c/result,HTTPError('404 Client Error: Not Found for url: /api/pdf-parser/jobs/pdf-parse-8f4e0eb2-a716-4772-be25-cf388564cd8c/result'),1
GET,/api/pdf-parser/jobs/pdf-parse-a428ed41-d097-4ec6-b2d7-8328bba538c3/result,HTTPError('404 Client Error: Not Found for url: /api/pdf-parser/jobs/pdf-parse-a428ed41-d097-4ec6-b2d7-8328bba538c3/result'),2
GET,/api/pdf-parser/jobs/pdf-parse-6464a442-00fd-41b5-9b1f-a9959cb61cea/result,HTTPError('404 Client Error: Not Found for url: /api/pdf-parser/jobs/pdf-parse-6464a442-00fd-41b5-9b1f-a9959cb61cea/result'),1
GET,/api/pdf-parser/jobs/pdf-parse-a581f674-8924-4d1a-bf41-e134b8808a35/result,HTTPError('404 Client Error: Not Found for url: /api/pdf-parser/jobs/pdf-parse-a581f674-8924-4d1a-bf41-e134b8808a35/result'),1
GET,/api/pdf-parser/jobs/pdf-parse-519f183e-89f2-4aa8-b8de-e9218a6ebc81/result,HTTPError('404 Client Error: Not Found for url: /api/pdf-parser/jobs/pdf-parse-519f183e-89f2-4aa8-b8de-e9218a6ebc81/result'),1
GET,/api/pdf-parser/jobs/pdf-parse-288e34cc-d63f-4560-8c89-fb425237bd05/result,HTTPError('404 Client Error: Not Found for url: /api/pdf-parser/jobs/pdf-parse-288e34cc-d63f-4560-8c89-fb425237bd05/result'),1
GET,/api/pdf-parser/jobs/pdf-parse-1e8c571e-18d5-4f11-bcf3-1a819c704b32/result,HTTPError('404 Client Error: Not Found for url: /api/pdf-parser/jobs/pdf-parse-1e8c571e-18d5-4f11-bcf3-1a819c704b32/result'),1
GET,/api/pdf-parser/jobs/pdf-parse-400da9d1-19d9-4da7-aad6-f99aff3000c6/result,HTTPError('404 Client Error: Not Found for url: /api/pdf-parser/jobs/pdf-parse-400da9d1-19d9-4da7-aad6-f99aff3000c6/result'),1
GET,/api/pdf-parser/jobs/pdf-parse-e043712a-2898-4900-99a5-2ff2348f55a9/result,HTTPError('404 Client Error: Not Found for url: /api/pdf-parser/jobs/pdf-parse-e043712a-2898-4900-99a5-2ff2348f55a9/result'),2
GET,/api/pdf-parser/jobs/pdf-parse-ebcf84ec-5765-4520-a26e-4c8b553a159e/result,HTTPError('404 Client Error: Not Found for url: /api/pdf-parser/jobs/pdf-parse-ebcf84ec-5765-4520-a26e-4c8b553a159e/result'),2
GET,/api/pdf-parser/jobs/pdf-parse-f9939863-6631-447c-8991-40ab5073e706/result,HTTPError('404 Client Error: Not Found for url: /api/pdf-parser/jobs/pdf-parse-f9939863-6631-447c-8991-40ab5073e706/result'),1
GET,/api/pdf-parser/jobs/pdf-parse-7927053a-91ab-41f7-bd86-3ffefbcd3c5b/result,HTTPError('404 Client Error: Not Found for url: /api/pdf-parser/jobs/pdf-parse-7927053a-91ab-41f7-bd86-3ffefbcd3c5b/result'),2
GET,/api/pdf-parser/jobs/pdf-parse-754edcee-2e65-4010-83fb-3e1c31143db2/result,HTTPError('404 Client Error: Not Found for url: /api/pdf-parser/jobs/pdf-parse-754edcee-2e65-4010-83fb-3e1c31143db2/result'),3
GET,/api/pdf-parser/jobs/pdf-parse-412a785e-d911-46e1-8f03-7e27777d548f/result,HTTPError('404 Client Error: Not Found for url: /api/pdf-parser/jobs/pdf-parse-412a785e-d911-46e1-8f03-7e27777d548f/result'),1
GET,/api/pdf-parser/jobs/pdf-parse-7e5902d6-2c91-4208-af4f-35ec2f1c2045/result,HTTPError('404 Client Error: Not Found for url: /api/pdf-parser/jobs/pdf-parse-7e5902d6-2c91-4208-af4f-35ec2f1c2045/result'),1
GET,/api/pdf-parser/jobs/pdf-parse-97eb7724-1360-4ec9-9260-54f43322a9ad/result,HTTPError('404 Client Error: Not Found for url: /api/pdf-parser/jobs/pdf-parse-97eb7724-1360-4ec9-9260-54f43322a9ad/result'),1
GET,/api/pdf-parser/jobs/pdf-parse-70e7a600-75f2-43a3-80d6-a5d0a8d4cb39/result,HTTPError('404 Client Error: Not Found for url: /api/pdf-parser/jobs/pdf-parse-70e7a600-75f2-43a3-80d6-a5d0a8d4cb39/result'),1
GET,/api/pdf-parser/jobs/pdf-parse-804e09c0-779e-46f1-9a78-227ff7e8d223/result,HTTPError('404 Client Error: Not Found for url: /api/pdf-parser/jobs/pdf-parse-804e09c0-779e-46f1-9a78-227ff7e8d223/result'),4
GET,/api/pdf-parser/jobs/pdf-parse-12c389b3-c9bf-46ac-a7f9-336df0b732a7/result,HTTPError('404 Client Error: Not Found for url: /api/pdf-parser/jobs/pdf-parse-12c389b3-c9bf-46ac-a7f9-336df0b732a7/result'),1
GET,/api/pdf-parser/jobs/pdf-parse-aa7bdbb6-09c7-487e-ae63-ae4ba83e746e/result,HTTPError('404 Client Error: Not Found for url: /api/pdf-parser/jobs/pdf-parse-aa7bdbb6-09c7-487e-ae63-ae4ba83e746e/result'),1
GET,/api/pdf-parser/jobs/pdf-parse-f4a5d26a-8270-4547-aa90-44b3fb68ca68/result,HTTPError('404 Client Error: Not Found for url: /api/pdf-parser/jobs/pdf-parse-f4a5d26a-8270-4547-aa90-44b3fb68ca68/result'),1
GET,/api/pdf-parser/jobs/pdf-parse-4811f41d-d42f-4e28-bc75-3d7d9f5c501f/result,HTTPError('404 Client Error: Not Found for url: /api/pdf-parser/jobs/pdf-parse-4811f41d-d42f-4e28-bc75-3d7d9f5c501f/result'),3
GET,/api/pdf-parser/jobs/pdf-parse-9cc9f3ca-7369-42a6-9acf-1f8005946370/result,HTTPError('404 Client Error: Not Found for url: /api/pdf-parser/jobs/pdf-parse-9cc9f3ca-7369-42a6-9acf-1f8005946370/result'),1
GET,/api/pdf-parser/jobs/pdf-parse-0e484871-682f-49c6-a473-5f71140fdc68/result,HTTPError('404 Client Error: Not Found for url: /api/pdf-parser/jobs/pdf-parse-0e484871-682f-49c6-a473-5f71140fdc68/result'),1
GET,/api/pdf-parser/jobs/pdf-parse-ce5849fb-1ff3-427f-b34a-879b8539b7ae/result,HTTPError('404 Client Error: Not Found for url: /api/pdf-parser/jobs/pdf-parse-ce5849fb-1ff3-427f-b34a-879b8539b7ae/result'),1
GET,/api/pdf-parser/jobs/pdf-parse-5fa922f7-afb5-407e-a567-e2f92bae98bb/result,HTTPError('404 Client Error: Not Found for url: /api/pdf-parser/jobs/pdf-parse-5fa922f7-afb5-407e-a567-e2f92bae98bb/result'),2
GET,/api/pdf-parser/jobs/pdf-parse-8e981bd9-7dad-4b15-9ebb-f81e2c097c85/result,HTTPError('404 Client Error: Not Found for url: /api/pdf-parser/jobs/pdf-parse-8e981bd9-7dad-4b15-9ebb-f81e2c097c85/result'),1
GET,/api/pdf-parser/jobs/pdf-parse-c7e45f46-8a94-48ab-8900-b922918e5ee8/result,HTTPError('404 Client Error: Not Found for url: /api/pdf-parser/jobs/pdf-parse-c7e45f46-8a94-48ab-8900-b922918e5ee8/result'),2
GET,/api/pdf-parser/jobs/pdf-parse-3005a6ca-7ca4-4f0e-b82a-cbfd44d6ce62/result,HTTPError('404 Client Error: Not Found for url: /api/pdf-parser/jobs/pdf-parse-3005a6ca-7ca4-4f0e-b82a-cbfd44d6ce62/result'),1
GET,/api/pdf-parser/jobs/pdf-parse-6da7bc5e-feff-4af2-8ba9-069d0dbbfaf7/result,HTTPError('404 Client Error: Not Found for url: /api/pdf-parser/jobs/pdf-parse-6da7bc5e-feff-4af2-8ba9-069d0dbbfaf7/result'),1
GET,/api/pdf-parser/jobs/pdf-parse-c5f1988c-2588-45a3-82b6-12f562a4dfe7/result,HTTPError('404 Client Error: Not Found for url: /api/pdf-parser/jobs/pdf-parse-c5f1988c-2588-45a3-82b6-12f562a4dfe7/result'),4
GET,/api/pdf-parser/jobs/pdf-parse-79b7cd91-45cf-4238-b6df-27ea607c325e/result,HTTPError('404 Client Error: Not Found for url: /api/pdf-parser/jobs/pdf-parse-79b7cd91-45cf-4238-b6df-27ea607c325e/result'),1
GET,/api/pdf-parser/jobs/pdf-parse-875bac1c-9917-488e-b70e-28c3ab312c4d/result,HTTPError('404 Client Error: Not Found for url: /api/pdf-parser/jobs/pdf-parse-875bac1c-9917-488e-b70e-28c3ab312c4d/result'),1
GET,/api/pdf-parser/jobs/pdf-parse-9d088c55-f680-4bba-ab7c-acf2b1d39481/result,HTTPError('404 Client Error: Not Found for url: /api/pdf-parser/jobs/pdf-parse-9d088c55-f680-4bba-ab7c-acf2b1d39481/result'),2
GET,/api/pdf-parser/jobs/pdf-parse-4a2c071f-1518-4bbc-a65f-c69da562d8e8/result,HTTPError('404 Client Error: Not Found for url: /api/pdf-parser/jobs/pdf-parse-4a2c071f-1518-4bbc-a65f-c69da562d8e8/result'),1
GET,/api/pdf-parser/jobs/pdf-parse-966602c4-54dc-4cbf-b3bd-bcb1615c1421/result,HTTPError('404 Client Error: Not Found for url: /api/pdf-parser/jobs/pdf-parse-966602c4-54dc-4cbf-b3bd-bcb1615c1421/result'),2
GET,/api/pdf-parser/jobs/pdf-parse-5101dd0a-ae62-4602-8a2a-dcf69341fd6c/result,HTTPError('404 Client Error: Not Found for url: /api/pdf-parser/jobs/pdf-parse-5101dd0a-ae62-4602-8a2a-dcf69341fd6c/result'),1
GET,/api/pdf-parser/jobs/pdf-parse-e7f0cbf7-eb9d-4a22-98b1-86ce124a9e26/result,HTTPError('404 Client Error: Not Found for url: /api/pdf-parser/jobs/pdf-parse-e7f0cbf7-eb9d-4a22-98b1-86ce124a9e26/result'),2
GET,/api/pdf-parser/jobs/pdf-parse-e9d85f40-a7dc-44f0-823b-96a76ffb8135/result,HTTPError('404 Client Error: Not Found for url: /api/pdf-parser/jobs/pdf-parse-e9d85f40-a7dc-44f0-823b-96a76ffb8135/result'),1
GET,/api/pdf-parser/jobs/pdf-parse-a8083be1-4f79-4a53-8f0a-d97e191326e4/result,HTTPError('404 Client Error: Not Found for url: /api/pdf-parser/jobs/pdf-parse-a8083be1-4f79-4a53-8f0a-d97e191326e4/result'),1
GET,/api/pdf-parser/jobs/pdf-parse-fc61ff97-eeef-4d8e-b61e-6a7fea3d8612/result,HTTPError('404 Client Error: Not Found for url: /api/pdf-parser/jobs/pdf-parse-fc61ff97-eeef-4d8e-b61e-6a7fea3d8612/result'),3
GET,/api/pdf-parser/jobs/pdf-parse-29038b13-516a-49f4-8901-2cb813367549/result,HTTPError('404 Client Error: Not Found for url: /api/pdf-parser/jobs/pdf-parse-29038b13-516a-49f4-8901-2cb813367549/result'),1
GET,/api/pdf-parser/jobs/pdf-parse-92c6abef-f426-4a36-a53c-50bb01bf044a/result,HTTPError('404 Client Error: Not Found for url: /api/pdf-parser/jobs/pdf-parse-92c6abef-f426-4a36-a53c-50bb01bf044a/result'),2
GET,/api/pdf-parser/jobs/pdf-parse-4bbdcedb-5c49-4a05-abd7-c6c8ca95373b/result,HTTPError('404 Client Error: Not Found for url: /api/pdf-parser/jobs/pdf-parse-4bbdcedb-5c49-4a05-abd7-c6c8ca95373b/result'),1
GET,/api/pdf-parser/jobs/pdf-parse-3f32b5a3-2e37-41b4-98c7-04b90384b27a/result,HTTPError('404 Client Error: Not Found for url: /api/pdf-parser/jobs/pdf-parse-3f32b5a3-2e37-41b4-98c7-04b90384b27a/result'),1
GET,/api/pdf-parser/jobs/pdf-parse-e438e5ba-42ab-4401-b25f-b44c4d5a0d0e/result,HTTPError('404 Client Error: Not Found for url: /api/pdf-parser/jobs/pdf-parse-e438e5ba-42ab-4401-b25f-b44c4d5a0d0e/result'),1
GET,/api/pdf-parser/jobs/pdf-parse-7c1b1273-1b76-4461-b78b-3c7089dcb877/result,HTTPError('404 Client Error: Not Found for url: /api/pdf-parser/jobs/pdf-parse-7c1b1273-1b76-4461-b78b-3c7089dcb877/result'),1
GET,/api/pdf-parser/jobs/pdf-parse-06065bfa-51e4-4c2d-88c3-7ae880f34c7a/result,HTTPError('404 Client Error: Not Found for url: /api/pdf-parser/jobs/pdf-parse-06065bfa-51e4-4c2d-88c3-7ae880f34c7a/result'),1
GET,/api/pdf-parser/jobs/pdf-parse-9b56ad6d-1b2e-4a3f-bfb7-07b25bc2e48f/result,HTTPError('404 Client Error: Not Found for url: /api/pdf-parser/jobs/pdf-parse-9b56ad6d-1b2e-4a3f-bfb7-07b25bc2e48f/result'),2
GET,/api/pdf-parser/jobs/pdf-parse-53864354-caf9-4b88-adf7-843513beeab5/result,HTTPError('404 Client Error: Not Found for url: /api/pdf-parser/jobs/pdf-parse-53864354-caf9-4b88-adf7-843513beeab5/result'),2
GET,/api/pdf-parser/jobs/pdf-parse-39ec72d8-3a78-495b-b5e6-c5da0b82d022/result,HTTPError('404 Client Error: Not Found for url: /api/pdf-parser/jobs/pdf-parse-39ec72d8-3a78-495b-b5e6-c5da0b82d022/result'),2
GET,/api/pdf-parser/jobs/pdf-parse-539a052e-db0d-4d0c-b294-b7900a0bf7af/result,HTTPError('404 Client Error: Not Found for url: /api/pdf-parser/jobs/pdf-parse-539a052e-db0d-4d0c-b294-b7900a0bf7af/result'),2
GET,/api/pdf-parser/jobs/pdf-parse-e6714a69-57d1-4424-af8e-300fcdc20652/result,HTTPError('404 Client Error: Not Found for url: /api/pdf-parser/jobs/pdf-parse-e6714a69-57d1-4424-af8e-300fcdc20652/result'),1
GET,/api/pdf-parser/jobs/pdf-parse-9e8e7b63-7e3f-44fa-b81c-ef83463d0556/result,HTTPError('404 Client Error: Not Found for url: /api/pdf-parser/jobs/pdf-parse-9e8e7b63-7e3f-44fa-b81c-ef83463d0556/result'),2
GET,/api/pdf-parser/jobs/pdf-parse-9ed9a7b3-6831-441f-87f1-9d6f5a6d5e27/result,HTTPError('404 Client Error: Not Found for url: /api/pdf-parser/jobs/pdf-parse-9ed9a7b3-6831-441f-87f1-9d6f5a6d5e27/result'),1
GET,/api/pdf-parser/jobs/pdf-parse-daf5a0f5-d5b3-4f91-a7a5-434d0406973a/result,HTTPError('404 Client Error: Not Found for url: /api/pdf-parser/jobs/pdf-parse-daf5a0f5-d5b3-4f91-a7a5-434d0406973a/result'),1
GET,/api/pdf-parser/jobs/pdf-parse-ef6b2552-a083-402b-973b-5216476f8416/result,HTTPError('404 Client Error: Not Found for url: /api/pdf-parser/jobs/pdf-parse-ef6b2552-a083-402b-973b-5216476f8416/result'),2
GET,/api/pdf-parser/jobs/pdf-parse-cf72ba3e-6904-4328-baa2-777ea1cbff06/result,HTTPError('404 Client Error: Not Found for url: /api/pdf-parser/jobs/pdf-parse-cf72ba3e-6904-4328-baa2-777ea1cbff06/result'),3
GET,/api/pdf-parser/jobs/pdf-parse-e62493e0-210a-4525-b500-4376cde35b27/result,HTTPError('404 Client Error: Not Found for url: /api/pdf-parser/jobs/pdf-parse-e62493e0-210a-4525-b500-4376cde35b27/result'),1
GET,/api/pdf-parser/jobs/pdf-parse-c85c90af-126f-4af3-8296-2f36db7cfaec/result,HTTPError('404 Client Error: Not Found for url: /api/pdf-parser/jobs/pdf-parse-c85c90af-126f-4af3-8296-2f36db7cfaec/result'),2
GET,/api/pdf-parser/jobs/pdf-parse-8dc7724b-5f34-422c-8680-a5f85ac337fd/result,HTTPError('404 Client Error: Not Found for url: /api/pdf-parser/jobs/pdf-parse-8dc7724b-5f34-422c-8680-a5f85ac337fd/result'),1
GET,/api/pdf-parser/jobs/pdf-parse-0ad5fc9c-444d-4801-8b49-5c7ba806a55a/result,HTTPError('404 Client Error: Not Found for url: /api/pdf-parser/jobs/pdf-parse-0ad5fc9c-444d-4801-8b49-5c7ba806a55a/result'),1
GET,/api/pdf-parser/jobs/pdf-parse-71cec3d9-c06e-443a-aff0-4413e15e7918/result,HTTPError('404 Client Error: Not Found for url: /api/pdf-parser/jobs/pdf-parse-71cec3d9-c06e-443a-aff0-4413e15e7918/result'),7
GET,/api/pdf-parser/jobs/pdf-parse-ee45987f-bf5b-4a4c-96ca-c4d2239c51f8/result,HTTPError('404 Client Error: Not Found for url: /api/pdf-parser/jobs/pdf-parse-ee45987f-bf5b-4a4c-96ca-c4d2239c51f8/result'),1
GET,/api/pdf-parser/jobs/pdf-parse-0f0d58d9-6b2f-4453-944d-fc8473c9d25d/result,HTTPError('404 Client Error: Not Found for url: /api/pdf-parser/jobs/pdf-parse-0f0d58d9-6b2f-4453-944d-fc8473c9d25d/result'),1
GET,/api/pdf-parser/jobs/pdf-parse-8a811c47-45ea-4717-8ab3-251f277fe069/result,HTTPError('404 Client Error: Not Found for url: /api/pdf-parser/jobs/pdf-parse-8a811c47-45ea-4717-8ab3-251f277fe069/result'),1
GET,/api/pdf-parser/jobs/pdf-parse-57ac9958-a47a-48d5-b5b7-2391bd9f6b3a/result,HTTPError('404 Client Error: Not Found for url: /api/pdf-parser/jobs/pdf-parse-57ac9958-a47a-48d5-b5b7-2391bd9f6b3a/result'),1
GET,/api/pdf-parser/jobs/pdf-parse-1fe72fc3-b56b-4d96-bf94-7c95c7c0577a/result,HTTPError('404 Client Error: Not Found for url: /api/pdf-parser/jobs/pdf-parse-1fe72fc3-b56b-4d96-bf94-7c95c7c0577a/result'),4
GET,/api/pdf-parser/jobs/pdf-parse-435b69b2-7ab4-4fe8-a3bf-06ef6aeb1ed3/result,HTTPError('404 Client Error: Not Found for url: /api/pdf-parser/jobs/pdf-parse-435b69b2-7ab4-4fe8-a3bf-06ef6aeb1ed3/result'),3
GET,/api/pdf-parser/jobs/pdf-parse-07d6173a-32bd-4ad1-bc64-527369591652/result,HTTPError('404 Client Error: Not Found for url: /api/pdf-parser/jobs/pdf-parse-07d6173a-32bd-4ad1-bc64-527369591652/result'),1
GET,/api/pdf-parser/jobs/pdf-parse-a3faf79b-413a-4fd8-96c3-fdcae00bfd27/result,HTTPError('404 Client Error: Not Found for url: /api/pdf-parser/jobs/pdf-parse-a3faf79b-413a-4fd8-96c3-fdcae00bfd27/result'),1
GET,/api/pdf-parser/jobs/pdf-parse-a20e3eba-3177-40b1-ac3b-f4a36ed2ee22/result,HTTPError('404 Client Error: Not Found for url: /api/pdf-parser/jobs/pdf-parse-a20e3eba-3177-40b1-ac3b-f4a36ed2ee22/result'),2
GET,/api/pdf-parser/jobs/pdf-parse-386d7e9d-48f5-4839-9bfa-1269ba923811/result,HTTPError('404 Client Error: Not Found for url: /api/pdf-parser/jobs/pdf-parse-386d7e9d-48f5-4839-9bfa-1269ba923811/result'),2
GET,/api/pdf-parser/jobs/pdf-parse-efbe7727-a583-40d3-98a4-71abdb6bb90d/result,HTTPError('404 Client Error: Not Found for url: /api/pdf-parser/jobs/pdf-parse-efbe7727-a583-40d3-98a4-71abdb6bb90d/result'),3
GET,/api/pdf-parser/jobs/pdf-parse-004a24a5-1093-46f0-a06d-2082f440899a/result,HTTPError('404 Client Error: Not Found for url: /api/pdf-parser/jobs/pdf-parse-004a24a5-1093-46f0-a06d-2082f440899a/result'),1
GET,/api/pdf-parser/jobs/pdf-parse-75958e66-11d3-4bee-9cf3-9bb1ab95aa16/result,HTTPError('404 Client Error: Not Found for url: /api/pdf-parser/jobs/pdf-parse-75958e66-11d3-4bee-9cf3-9bb1ab95aa16/result'),1
GET,/api/pdf-parser/jobs/pdf-parse-b315b8a3-403e-41e6-be1b-8bdfb5275e1e/result,HTTPError('404 Client Error: Not Found for url: /api/pdf-parser/jobs/pdf-parse-b315b8a3-403e-41e6-be1b-8bdfb5275e1e/result'),2
GET,/api/pdf-parser/jobs/pdf-parse-6653439d-1d6c-471b-a4c8-11958b70c24f/result,HTTPError('404 Client Error: Not Found for url: /api/pdf-parser/jobs/pdf-parse-6653439d-1d6c-471b-a4c8-11958b70c24f/result'),2
GET,/api/pdf-parser/jobs/pdf-parse-790a381b-c186-41e8-b352-7ccbdb227747/result,HTTPError('404 Client Error: Not Found for url: /api/pdf-parser/jobs/pdf-parse-790a381b-c186-41e8-b352-7ccbdb227747/result'),1
GET,/api/pdf-parser/jobs/pdf-parse-dd354f0d-3358-4d6e-9911-30f1c74f16e6/result,HTTPError('404 Client Error: Not Found for url: /api/pdf-parser/jobs/pdf-parse-dd354f0d-3358-4d6e-9911-30f1c74f16e6/result'),2
GET,/api/pdf-parser/jobs/pdf-parse-39a2dbc9-bb6b-4436-85af-5c2a17d68022/result,HTTPError('404 Client Error: Not Found for url: /api/pdf-parser/jobs/pdf-parse-39a2dbc9-bb6b-4436-85af-5c2a17d68022/result'),1
GET,/api/pdf-parser/jobs/pdf-parse-c6b5c70f-8dd6-4c7a-b638-30b9d4dd7525/result,HTTPError('404 Client Error: Not Found for url: /api/pdf-parser/jobs/pdf-parse-c6b5c70f-8dd6-4c7a-b638-30b9d4dd7525/result'),2
GET,/api/pdf-parser/jobs/pdf-parse-74caa697-020f-46b6-b50a-32d3c5220a3f/result,HTTPError('404 Client Error: Not Found for url: /api/pdf-parser/jobs/pdf-parse-74caa697-020f-46b6-b50a-32d3c5220a3f/result'),2
GET,/api/pdf-parser/jobs/pdf-parse-75322af0-7176-48e3-b52a-6941c0061af7/result,HTTPError('404 Client Error: Not Found for url: /api/pdf-parser/jobs/pdf-parse-75322af0-7176-48e3-b52a-6941c0061af7/result'),3
GET,/api/pdf-parser/jobs/pdf-parse-bd67de99-8c12-47e3-9fff-00455e0c0dd0/result,HTTPError('404 Client Error: Not Found for url: /api/pdf-parser/jobs/pdf-parse-bd67de99-8c12-47e3-9fff-00455e0c0dd0/result'),1
GET,/api/pdf-parser/jobs/pdf-parse-eed5ea6e-c7b1-40ac-9717-07f8a341434b/result,HTTPError('404 Client Error: Not Found for url: /api/pdf-parser/jobs/pdf-parse-eed5ea6e-c7b1-40ac-9717-07f8a341434b/result'),4
GET,/api/pdf-parser/jobs/pdf-parse-97deae39-7a39-4193-b0f0-eacafee636c2/result,HTTPError('404 Client Error: Not Found for url: /api/pdf-parser/jobs/pdf-parse-97deae39-7a39-4193-b0f0-eacafee636c2/result'),7
GET,/api/pdf-parser/jobs/pdf-parse-46e91a40-673a-4488-8899-1a374711af90/result,HTTPError('404 Client Error: Not Found for url: /api/pdf-parser/jobs/pdf-parse-46e91a40-673a-4488-8899-1a374711af90/result'),1
GET,/api/pdf-parser/jobs/pdf-parse-9c696c53-211f-4404-96bf-25dae004efde/result,HTTPError('404 Client Error: Not Found for url: /api/pdf-parser/jobs/pdf-parse-9c696c53-211f-4404-96bf-25dae004efde/result'),1
GET,/api/pdf-parser/jobs/pdf-parse-5314b9fd-b8e8-407b-ba6f-b62a77125414/result,HTTPError('404 Client Error: Not Found for url: /api/pdf-parser/jobs/pdf-parse-5314b9fd-b8e8-407b-ba6f-b62a77125414/result'),2
GET,/api/pdf-parser/jobs/pdf-parse-6b5e069b-0b08-4c1c-836a-24b27cb265d5/result,HTTPError('404 Client Error: Not Found for url: /api/pdf-parser/jobs/pdf-parse-6b5e069b-0b08-4c1c-836a-24b27cb265d5/result'),1
GET,/api/pdf-parser/jobs/pdf-parse-7d2a958f-9662-48d2-81b7-320591cca1c8/result,HTTPError('404 Client Error: Not Found for url: /api/pdf-parser/jobs/pdf-parse-7d2a958f-9662-48d2-81b7-320591cca1c8/result'),3
GET,/api/pdf-parser/jobs/pdf-parse-e105fd70-d29e-40ba-90f3-56b9a8dd0b4f/result,HTTPError('404 Client Error: Not Found for url: /api/pdf-parser/jobs/pdf-parse-e105fd70-d29e-40ba-90f3-56b9a8dd0b4f/result'),1
GET,/api/pdf-parser/jobs/pdf-parse-6b0b977b-e450-4569-a8d2-c67d8726184d/result,HTTPError('404 Client Error: Not Found for url: /api/pdf-parser/jobs/pdf-parse-6b0b977b-e450-4569-a8d2-c67d8726184d/result'),2
GET,/api/pdf-parser/jobs/pdf-parse-d2164c4e-ad2e-4138-afcf-63ebe1a2bac0/result,HTTPError('404 Client Error: Not Found for url: /api/pdf-parser/jobs/pdf-parse-d2164c4e-ad2e-4138-afcf-63ebe1a2bac0/result'),2
GET,/api/pdf-parser/jobs/pdf-parse-f6140c1e-cf0d-4249-8dbc-d6ca2c9d3efc/result,HTTPError('404 Client Error: Not Found for url: /api/pdf-parser/jobs/pdf-parse-f6140c1e-cf0d-4249-8dbc-d6ca2c9d3efc/result'),1
GET,/api/pdf-parser/jobs/pdf-parse-06712b8c-dbd8-4434-a6ad-235a409cc7c0/result,HTTPError('404 Client Error: Not Found for url: /api/pdf-parser/jobs/pdf-parse-06712b8c-dbd8-4434-a6ad-235a409cc7c0/result'),1
GET,/api/pdf-parser/jobs/pdf-parse-ae0dae17-cdc8-487d-867e-64d8dbcbdd3d/result,HTTPError('404 Client Error: Not Found for url: /api/pdf-parser/jobs/pdf-parse-ae0dae17-cdc8-487d-867e-64d8dbcbdd3d/result'),3
GET,/api/pdf-parser/jobs/pdf-parse-57d11f0e-722d-4cbc-9975-5c79a6315bec/result,HTTPError('404 Client Error: Not Found for url: /api/pdf-parser/jobs/pdf-parse-57d11f0e-722d-4cbc-9975-5c79a6315bec/result'),6
GET,/api/pdf-parser/jobs/pdf-parse-74def7f4-7348-4d34-930e-94abc927d323/result,HTTPError('404 Client Error: Not Found for url: /api/pdf-parser/jobs/pdf-parse-74def7f4-7348-4d34-930e-94abc927d323/result'),1
GET,/api/pdf-parser/jobs/pdf-parse-6b628880-a691-4bd9-9cf0-b298fd4b560c/result,HTTPError('404 Client Error: Not Found for url: /api/pdf-parser/jobs/pdf-parse-6b628880-a691-4bd9-9cf0-b298fd4b560c/result'),1
GET,/api/pdf-parser/jobs/pdf-parse-fde9cc4e-85ee-4f86-b782-f9e6f5c0612c/result,HTTPError('404 Client Error: Not Found for url: /api/pdf-parser/jobs/pdf-parse-fde9cc4e-85ee-4f86-b782-f9e6f5c0612c/result'),2
GET,/api/pdf-parser/jobs/pdf-parse-860af891-0208-448f-bf42-ad2f30ec5ead/result,HTTPError('404 Client Error: Not Found for url: /api/pdf-parser/jobs/pdf-parse-860af891-0208-448f-bf42-ad2f30ec5ead/result'),1
GET,/api/pdf-parser/jobs/pdf-parse-a48a5da2-eb1e-4961-9539-6015de8fbbd4/result,HTTPError('404 Client Error: Not Found for url: /api/pdf-parser/jobs/pdf-parse-a48a5da2-eb1e-4961-9539-6015de8fbbd4/result'),2
GET,/api/pdf-parser/jobs/pdf-parse-8e9bfda0-449b-46f0-b4af-6039a6175478/result,HTTPError('404 Client Error: Not Found for url: /api/pdf-parser/jobs/pdf-parse-8e9bfda0-449b-46f0-b4af-6039a6175478/result'),3
GET,/api/pdf-parser/jobs/pdf-parse-890c6617-a1b5-4dd7-b50a-0d52fc5095fe/result,HTTPError('404 Client Error: Not Found for url: /api/pdf-parser/jobs/pdf-parse-890c6617-a1b5-4dd7-b50a-0d52fc5095fe/result'),2
GET,/api/pdf-parser/jobs/pdf-parse-206a4a09-21f3-47fa-a87b-eac3352a00af/result,HTTPError('404 Client Error: Not Found for url: /api/pdf-parser/jobs/pdf-parse-206a4a09-21f3-47fa-a87b-eac3352a00af/result'),3
GET,/api/pdf-parser/jobs/pdf-parse-c563100b-e323-4f4e-b93d-7ccf6fa4f0b2/result,HTTPError('404 Client Error: Not Found for url: /api/pdf-parser/jobs/pdf-parse-c563100b-e323-4f4e-b93d-7ccf6fa4f0b2/result'),1
GET,/api/pdf-parser/jobs/pdf-parse-4af45308-7961-43b1-819b-9683f19b3ec9/result,HTTPError('404 Client Error: Not Found for url: /api/pdf-parser/jobs/pdf-parse-4af45308-7961-43b1-819b-9683f19b3ec9/result'),1
GET,/api/pdf-parser/jobs/pdf-parse-1d090402-759a-4926-90ca-fff8f91d8af5/result,HTTPError('404 Client Error: Not Found for url: /api/pdf-parser/jobs/pdf-parse-1d090402-759a-4926-90ca-fff8f91d8af5/result'),2
GET,/api/pdf-parser/jobs/pdf-parse-960babf4-f770-4bb3-9f03-e1ea3e2602b9/result,HTTPError('404 Client Error: Not Found for url: /api/pdf-parser/jobs/pdf-parse-960babf4-f770-4bb3-9f03-e1ea3e2602b9/result'),2
GET,/api/pdf-parser/jobs/pdf-parse-0ad5f6dd-31bc-4b59-a967-a66b4a8080bb/result,HTTPError('404 Client Error: Not Found for url: /api/pdf-parser/jobs/pdf-parse-0ad5f6dd-31bc-4b59-a967-a66b4a8080bb/result'),1
GET,/api/pdf-parser/jobs/pdf-parse-ac8fbaf1-c799-4108-a84c-5f514a450f63/result,HTTPError('404 Client Error: Not Found for url: /api/pdf-parser/jobs/pdf-parse-ac8fbaf1-c799-4108-a84c-5f514a450f63/result'),2
GET,/api/pdf-parser/jobs/pdf-parse-036cc4ff-862c-4693-8022-b0e37336b762/result,HTTPError('404 Client Error: Not Found for url: /api/pdf-parser/jobs/pdf-parse-036cc4ff-862c-4693-8022-b0e37336b762/result'),1
GET,/api/pdf-parser/jobs/pdf-parse-ee467f85-555e-4214-8ad9-31639a045716/result,HTTPError('404 Client Error: Not Found for url: /api/pdf-parser/jobs/pdf-parse-ee467f85-555e-4214-8ad9-31639a045716/result'),1
GET,/api/pdf-parser/jobs/pdf-parse-384df87f-2515-4755-870a-ad9a9edae8b2/result,HTTPError('404 Client Error: Not Found for url: /api/pdf-parser/jobs/pdf-parse-384df87f-2515-4755-870a-ad9a9edae8b2/result'),1
GET,/api/pdf-parser/jobs/pdf-parse-c741536b-3e76-4afe-bb75-505b8f681e9d/result,HTTPError('404 Client Error: Not Found for url: /api/pdf-parser/jobs/pdf-parse-c741536b-3e76-4afe-bb75-505b8f681e9d/result'),1
GET,/api/pdf-parser/jobs/pdf-parse-95df4258-bc87-4367-b082-8691b99ef6b6/result,HTTPError('404 Client Error: Not Found for url: /api/pdf-parser/jobs/pdf-parse-95df4258-bc87-4367-b082-8691b99ef6b6/result'),1
GET,/api/pdf-parser/jobs/pdf-parse-57e89398-84dd-4851-a9bd-38ba8a0dd304/result,HTTPError('404 Client Error: Not Found for url: /api/pdf-parser/jobs/pdf-parse-57e89398-84dd-4851-a9bd-38ba8a0dd304/result'),2
GET,/api/pdf-parser/jobs/pdf-parse-767f4c87-88df-4a9a-9373-6c5b97905266/result,HTTPError('404 Client Error: Not Found for url: /api/pdf-parser/jobs/pdf-parse-767f4c87-88df-4a9a-9373-6c5b97905266/result'),2
GET,/api/pdf-parser/jobs/pdf-parse-fb9334c9-32a7-41c7-b6e4-7b898321dbd3/result,HTTPError('404 Client Error: Not Found for url: /api/pdf-parser/jobs/pdf-parse-fb9334c9-32a7-41c7-b6e4-7b898321dbd3/result'),2
GET,/api/pdf-parser/jobs/pdf-parse-e1321fc6-cbf4-4727-a40f-32adf2fe7947/result,HTTPError('404 Client Error: Not Found for url: /api/pdf-parser/jobs/pdf-parse-e1321fc6-cbf4-4727-a40f-32adf2fe7947/result'),1
GET,/api/pdf-parser/jobs/pdf-parse-8856d1e5-f969-45eb-a604-5a9b634ca144/result,HTTPError('404 Client Error: Not Found for url: /api/pdf-parser/jobs/pdf-parse-8856d1e5-f969-45eb-a604-5a9b634ca144/result'),3
GET,/api/pdf-parser/jobs/pdf-parse-ab6a3337-d829-4257-abba-d6a0477c31a9/result,HTTPError('404 Client Error: Not Found for url: /api/pdf-parser/jobs/pdf-parse-ab6a3337-d829-4257-abba-d6a0477c31a9/result'),1
GET,/api/pdf-parser/jobs/pdf-parse-8c1c846d-f418-451c-a688-d425a954f0be/result,HTTPError('404 Client Error: Not Found for url: /api/pdf-parser/jobs/pdf-parse-8c1c846d-f418-451c-a688-d425a954f0be/result'),1
GET,/api/pdf-parser/jobs/pdf-parse-509321b8-9f1d-4537-bf65-21212314c250/result,HTTPError('404 Client Error: Not Found for url: /api/pdf-parser/jobs/pdf-parse-509321b8-9f1d-4537-bf65-21212314c250/result'),1
GET,/api/pdf-parser/jobs/pdf-parse-a6951e3f-9212-4b0e-b209-4036270cd41a/result,HTTPError('404 Client Error: Not Found for url: /api/pdf-parser/jobs/pdf-parse-a6951e3f-9212-4b0e-b209-4036270cd41a/result'),1
GET,/api/pdf-parser/jobs/pdf-parse-b6a109ac-cd74-4a98-b2ff-7770578ca804/result,HTTPError('404 Client Error: Not Found for url: /api/pdf-parser/jobs/pdf-parse-b6a109ac-cd74-4a98-b2ff-7770578ca804/result'),3
GET,/api/pdf-parser/jobs/pdf-parse-201da8c3-b779-44f5-8668-f1360f72614a/result,HTTPError('404 Client Error: Not Found for url: /api/pdf-parser/jobs/pdf-parse-201da8c3-b779-44f5-8668-f1360f72614a/result'),2
GET,/api/pdf-parser/jobs/pdf-parse-c1ba164e-ebaa-48f0-aaf9-3431ce2ab4a7/result,HTTPError('404 Client Error: Not Found for url: /api/pdf-parser/jobs/pdf-parse-c1ba164e-ebaa-48f0-aaf9-3431ce2ab4a7/result'),1
GET,/api/pdf-parser/jobs/pdf-parse-ce6c41dc-4a5c-4b88-a83f-18d6fdc43310/result,HTTPError('404 Client Error: Not Found for url: /api/pdf-parser/jobs/pdf-parse-ce6c41dc-4a5c-4b88-a83f-18d6fdc43310/result'),1
GET,/api/pdf-parser/jobs/pdf-parse-cc009c92-1514-48f1-946f-f885d6da165d/result,HTTPError('404 Client Error: Not Found for url: /api/pdf-parser/jobs/pdf-parse-cc009c92-1514-48f1-946f-f885d6da165d/result'),1
GET,/api/pdf-parser/jobs/pdf-parse-40eef307-b872-40bf-ac72-e3bde9098c17/result,HTTPError('404 Client Error: Not Found for url: /api/pdf-parser/jobs/pdf-parse-40eef307-b872-40bf-ac72-e3bde9098c17/result'),2
GET,/api/pdf-parser/jobs/pdf-parse-e992770c-9ce5-4a60-b473-4ac8e3652a89/result,HTTPError('404 Client Error: Not Found for url: /api/pdf-parser/jobs/pdf-parse-e992770c-9ce5-4a60-b473-4ac8e3652a89/result'),4
GET,/api/pdf-parser/jobs/pdf-parse-df16b281-34d2-4b4b-981b-1b6ae521f48e/result,HTTPError('404 Client Error: Not Found for url: /api/pdf-parser/jobs/pdf-parse-df16b281-34d2-4b4b-981b-1b6ae521f48e/result'),2
GET,/api/pdf-parser/jobs/pdf-parse-754ecc9d-0260-46c2-9fe0-71869a1e80d9/result,HTTPError('404 Client Error: Not Found for url: /api/pdf-parser/jobs/pdf-parse-754ecc9d-0260-46c2-9fe0-71869a1e80d9/result'),2
GET,/api/pdf-parser/jobs/pdf-parse-9d16df1c-d916-44ee-a7ec-0130f756d620/result,HTTPError('404 Client Error: Not Found for url: /api/pdf-parser/jobs/pdf-parse-9d16df1c-d916-44ee-a7ec-0130f756d620/result'),1
GET,/api/pdf-parser/jobs/pdf-parse-9907873f-b9cb-4f0d-9ad4-99017e6ea4aa/result,HTTPError('404 Client Error: Not Found for url: /api/pdf-parser/jobs/pdf-parse-9907873f-b9cb-4f0d-9ad4-99017e6ea4aa/result'),3
GET,/api/pdf-parser/jobs/pdf-parse-9fabf396-ee15-406a-baf3-59b3493da135/result,HTTPError('404 Client Error: Not Found for url: /api/pdf-parser/jobs/pdf-parse-9fabf396-ee15-406a-baf3-59b3493da135/result'),1
GET,/api/pdf-parser/jobs/pdf-parse-26364a57-4cb9-4087-968e-f6b236b2598a/result,HTTPError('404 Client Error: Not Found for url: /api/pdf-parser/jobs/pdf-parse-26364a57-4cb9-4087-968e-f6b236b2598a/result'),1
GET,/api/pdf-parser/jobs/pdf-parse-fc2be5e4-21a4-44c5-8be3-4925258e5b7c/result,HTTPError('404 Client Error: Not Found for url: /api/pdf-parser/jobs/pdf-parse-fc2be5e4-21a4-44c5-8be3-4925258e5b7c/result'),4
GET,/api/pdf-parser/jobs/pdf-parse-9fc2ca05-b1ab-48ed-a51c-4ddda13d0ec1/result,HTTPError('404 Client Error: Not Found for url: /api/pdf-parser/jobs/pdf-parse-9fc2ca05-b1ab-48ed-a51c-4ddda13d0ec1/result'),1
GET,/api/pdf-parser/jobs/pdf-parse-371373c2-d149-413a-877b-4573b024b29e/result,HTTPError('404 Client Error: Not Found for url: /api/pdf-parser/jobs/pdf-parse-371373c2-d149-413a-877b-4573b024b29e/result'),1
GET,/api/pdf-parser/jobs/pdf-parse-66e342fb-3b0a-49ee-996e-6e6a2febc5d4/result,HTTPError('404 Client Error: Not Found for url: /api/pdf-parser/jobs/pdf-parse-66e342fb-3b0a-49ee-996e-6e6a2febc5d4/result'),3
GET,/api/pdf-parser/jobs/pdf-parse-ddf541f9-dbe0-490e-8f2c-d78905d32d5f/result,HTTPError('404 Client Error: Not Found for url: /api/pdf-parser/jobs/pdf-parse-ddf541f9-dbe0-490e-8f2c-d78905d32d5f/result'),1
GET,/api/pdf-parser/jobs/pdf-parse-01477ac2-8669-4e89-9841-4bf106683fee/result,HTTPError('404 Client Error: Not Found for url: /api/pdf-parser/jobs/pdf-parse-01477ac2-8669-4e89-9841-4bf106683fee/result'),1
GET,/api/pdf-parser/jobs/pdf-parse-7570af50-306c-403a-b77d-3a0dc15dd2ce/result,HTTPError('404 Client Error: Not Found for url: /api/pdf-parser/jobs/pdf-parse-7570af50-306c-403a-b77d-3a0dc15dd2ce/result'),2
GET,/api/pdf-parser/jobs/pdf-parse-f4d78b92-0eb6-4af9-9484-30354eac3182/result,HTTPError('404 Client Error: Not Found for url: /api/pdf-parser/jobs/pdf-parse-f4d78b92-0eb6-4af9-9484-30354eac3182/result'),4
GET,/api/pdf-parser/jobs/pdf-parse-39ebfcc9-59d1-44fa-99ac-3f05a312882f/result,HTTPError('404 Client Error: Not Found for url: /api/pdf-parser/jobs/pdf-parse-39ebfcc9-59d1-44fa-99ac-3f05a312882f/result'),3
GET,/api/pdf-parser/jobs/pdf-parse-0d245d53-b68c-4c34-a564-dae4fc3da414/result,HTTPError('404 Client Error: Not Found for url: /api/pdf-parser/jobs/pdf-parse-0d245d53-b68c-4c34-a564-dae4fc3da414/result'),1
GET,/api/pdf-parser/jobs/pdf-parse-b081aee8-c7d7-460e-892b-daf0dfba9186/result,HTTPError('404 Client Error: Not Found for url: /api/pdf-parser/jobs/pdf-parse-b081aee8-c7d7-460e-892b-daf0dfba9186/result'),4
GET,/api/pdf-parser/jobs/pdf-parse-55d3712d-19f9-43e3-b4e2-f2ad3d1f3f31/result,HTTPError('404 Client Error: Not Found for url: /api/pdf-parser/jobs/pdf-parse-55d3712d-19f9-43e3-b4e2-f2ad3d1f3f31/result'),1
GET,/api/pdf-parser/jobs/pdf-parse-a8689848-ec97-470c-b618-9e20c2252ab3/result,HTTPError('404 Client Error: Not Found for url: /api/pdf-parser/jobs/pdf-parse-a8689848-ec97-470c-b618-9e20c2252ab3/result'),1
GET,/api/pdf-parser/jobs/pdf-parse-0ab83ee8-f9bd-4531-b19b-22d3a9552868/result,HTTPError('404 Client Error: Not Found for url: /api/pdf-parser/jobs/pdf-parse-0ab83ee8-f9bd-4531-b19b-22d3a9552868/result'),2
GET,/api/pdf-parser/jobs/pdf-parse-6a2a45bd-6324-4832-a440-a4f09a215466/result,HTTPError('404 Client Error: Not Found for url: /api/pdf-parser/jobs/pdf-parse-6a2a45bd-6324-4832-a440-a4f09a215466/result'),4
GET,/api/pdf-parser/jobs/pdf-parse-217349c4-36e6-4632-9a55-9b4bb2b2588c/result,HTTPError('404 Client Error: Not Found for url: /api/pdf-parser/jobs/pdf-parse-217349c4-36e6-4632-9a55-9b4bb2b2588c/result'),2
GET,/api/pdf-parser/jobs/pdf-parse-6843d284-c58c-4437-a359-b5f4e1236343/result,HTTPError('404 Client Error: Not Found for url: /api/pdf-parser/jobs/pdf-parse-6843d284-c58c-4437-a359-b5f4e1236343/result'),1
GET,/api/pdf-parser/jobs/pdf-parse-66f98968-1eec-498f-bad2-855b0c742aaa/result,HTTPError('404 Client Error: Not Found for url: /api/pdf-parser/jobs/pdf-parse-66f98968-1eec-498f-bad2-855b0c742aaa/result'),2
GET,/api/pdf-parser/jobs/pdf-parse-615eb131-0878-4096-9338-c18287f789d0/result,HTTPError('404 Client Error: Not Found for url: /api/pdf-parser/jobs/pdf-parse-615eb131-0878-4096-9338-c18287f789d0/result'),3
GET,/api/pdf-parser/jobs/pdf-parse-6b66d33d-87e9-4d93-821b-80fe1eaaffa3/result,HTTPError('404 Client Error: Not Found for url: /api/pdf-parser/jobs/pdf-parse-6b66d33d-87e9-4d93-821b-80fe1eaaffa3/result'),2
GET,/api/pdf-parser/jobs/pdf-parse-806adee6-9cab-466c-85ab-01f1933a5b56/result,HTTPError('404 Client Error: Not Found for url: /api/pdf-parser/jobs/pdf-parse-806adee6-9cab-466c-85ab-01f1933a5b56/result'),1
GET,/api/pdf-parser/jobs/pdf-parse-6d67ecde-78f3-4eab-bb5f-fb1303f5f985/result,HTTPError('404 Client Error: Not Found for url: /api/pdf-parser/jobs/pdf-parse-6d67ecde-78f3-4eab-bb5f-fb1303f5f985/result'),1
GET,/api/pdf-parser/jobs/pdf-parse-f309b613-e5b2-4099-8668-a30056959413/result,HTTPError('404 Client Error: Not Found for url: /api/pdf-parser/jobs/pdf-parse-f309b613-e5b2-4099-8668-a30056959413/result'),3
GET,/api/pdf-parser/jobs/pdf-parse-f15dfdba-ba07-4bc9-9d52-bd5c8499d2c4/result,HTTPError('404 Client Error: Not Found for url: /api/pdf-parser/jobs/pdf-parse-f15dfdba-ba07-4bc9-9d52-bd5c8499d2c4/result'),3
GET,/api/pdf-parser/jobs/pdf-parse-d30d8c0a-d0c0-4972-bfaa-4d87471ba21b/result,HTTPError('404 Client Error: Not Found for url: /api/pdf-parser/jobs/pdf-parse-d30d8c0a-d0c0-4972-bfaa-4d87471ba21b/result'),1
GET,/api/pdf-parser/jobs/pdf-parse-eb24474d-04cf-409e-abd0-a269f26dcc1c/result,HTTPError('404 Client Error: Not Found for url: /api/pdf-parser/jobs/pdf-parse-eb24474d-04cf-409e-abd0-a269f26dcc1c/result'),1
GET,/api/pdf-parser/jobs/pdf-parse-8c484eb8-7817-44a9-8f2e-2bbb1d0675da/result,HTTPError('404 Client Error: Not Found for url: /api/pdf-parser/jobs/pdf-parse-8c484eb8-7817-44a9-8f2e-2bbb1d0675da/result'),3
GET,/api/pdf-parser/jobs/pdf-parse-ae8ff491-06a0-4f73-acb7-9fb14714f8cf/result,HTTPError('404 Client Error: Not Found for url: /api/pdf-parser/jobs/pdf-parse-ae8ff491-06a0-4f73-acb7-9fb14714f8cf/result'),2
GET,/api/pdf-parser/jobs/pdf-parse-cfe411f7-a18b-42bb-a76e-67f9e840ef75/result,HTTPError('404 Client Error: Not Found for url: /api/pdf-parser/jobs/pdf-parse-cfe411f7-a18b-42bb-a76e-67f9e840ef75/result'),1
GET,/api/pdf-parser/jobs/pdf-parse-53fa8c96-b4df-4540-bdd8-40c0d8b21d4d/result,HTTPError('404 Client Error: Not Found for url: /api/pdf-parser/jobs/pdf-parse-53fa8c96-b4df-4540-bdd8-40c0d8b21d4d/result'),1
GET,/api/pdf-parser/jobs/pdf-parse-66ae59c8-27c5-41dc-b30a-4a7ebfaa1236/result,HTTPError('404 Client Error: Not Found for url: /api/pdf-parser/jobs/pdf-parse-66ae59c8-27c5-41dc-b30a-4a7ebfaa1236/result'),1
GET,/api/pdf-parser/jobs/pdf-parse-56d2634c-a1ca-4248-88fe-3d1ba24cd7fe/result,HTTPError('404 Client Error: Not Found for url: /api/pdf-parser/jobs/pdf-parse-56d2634c-a1ca-4248-88fe-3d1ba24cd7fe/result'),1
GET,/api/pdf-parser/jobs/pdf-parse-47f3933d-ca6c-44a0-872b-0d7ae5f657e2/result,HTTPError('404 Client Error: Not Found for url: /api/pdf-parser/jobs/pdf-parse-47f3933d-ca6c-44a0-872b-0d7ae5f657e2/result'),1
GET,/api/pdf-parser/jobs/pdf-parse-276dbc0b-5997-4dd1-b05d-ee1eb5076bdf/result,HTTPError('404 Client Error: Not Found for url: /api/pdf-parser/jobs/pdf-parse-276dbc0b-5997-4dd1-b05d-ee1eb5076bdf/result'),4
GET,/api/pdf-parser/jobs/pdf-parse-fcfc79c5-4616-4e37-870b-edad713bdd4d/result,HTTPError('404 Client Error: Not Found for url: /api/pdf-parser/jobs/pdf-parse-fcfc79c5-4616-4e37-870b-edad713bdd4d/result'),2
GET,/api/pdf-parser/jobs/pdf-parse-a1e6c5c4-7717-4d67-98c9-78cafa5fd1bd/result,HTTPError('404 Client Error: Not Found for url: /api/pdf-parser/jobs/pdf-parse-a1e6c5c4-7717-4d67-98c9-78cafa5fd1bd/result'),1
GET,/api/pdf-parser/jobs/pdf-parse-46e6dec1-bc46-4782-8f8f-808d361a8259/result,HTTPError('404 Client Error: Not Found for url: /api/pdf-parser/jobs/pdf-parse-46e6dec1-bc46-4782-8f8f-808d361a8259/result'),4
GET,/api/pdf-parser/jobs/pdf-parse-93a9760a-413b-4103-97cd-189854a0c8f5/result,HTTPError('404 Client Error: Not Found for url: /api/pdf-parser/jobs/pdf-parse-93a9760a-413b-4103-97cd-189854a0c8f5/result'),1
GET,/api/pdf-parser/jobs/pdf-parse-2a000eda-de7f-4391-93e2-28d80de223d7/result,HTTPError('404 Client Error: Not Found for url: /api/pdf-parser/jobs/pdf-parse-2a000eda-de7f-4391-93e2-28d80de223d7/result'),1
GET,/api/pdf-parser/jobs/pdf-parse-55ce32f2-0644-47a8-8738-d286418ad001/result,HTTPError('404 Client Error: Not Found for url: /api/pdf-parser/jobs/pdf-parse-55ce32f2-0644-47a8-8738-d286418ad001/result'),3
GET,/api/pdf-parser/jobs/pdf-parse-87e10260-f9c7-4e02-ab5f-86414abe4efe/result,HTTPError('404 Client Error: Not Found for url: /api/pdf-parser/jobs/pdf-parse-87e10260-f9c7-4e02-ab5f-86414abe4efe/result'),1
GET,/api/pdf-parser/jobs/pdf-parse-d9b3757b-eb48-4610-b955-a0d8fe593db2/result,HTTPError('404 Client Error: Not Found for url: /api/pdf-parser/jobs/pdf-parse-d9b3757b-eb48-4610-b955-a0d8fe593db2/result'),1
GET,/api/pdf-parser/jobs/pdf-parse-192c691f-1427-41cf-9f5c-056a129064bd/result,HTTPError('404 Client Error: Not Found for url: /api/pdf-parser/jobs/pdf-parse-192c691f-1427-41cf-9f5c-056a129064bd/result'),3
GET,/api/pdf-parser/jobs/pdf-parse-4cb6cc5e-22c2-4e3b-b205-af6bf3855c19/result,HTTPError('404 Client Error: Not Found for url: /api/pdf-parser/jobs/pdf-parse-4cb6cc5e-22c2-4e3b-b205-af6bf3855c19/result'),1
GET,/api/pdf-parser/jobs/pdf-parse-488494f1-ad61-48ba-a6ca-c5a24652b2fd/result,HTTPError('404 Client Error: Not Found for url: /api/pdf-parser/jobs/pdf-parse-488494f1-ad61-48ba-a6ca-c5a24652b2fd/result'),1
GET,/api/pdf-parser/jobs/pdf-parse-dc5a45f7-3e7a-4cce-a993-3b5815374a10/result,HTTPError('404 Client Error: Not Found for url: /api/pdf-parser/jobs/pdf-parse-dc5a45f7-3e7a-4cce-a993-3b5815374a10/result'),1
GET,/api/pdf-parser/jobs/pdf-parse-ae0985aa-580e-4e85-bf5b-a3c412c1ef44/result,HTTPError('404 Client Error: Not Found for url: /api/pdf-parser/jobs/pdf-parse-ae0985aa-580e-4e85-bf5b-a3c412c1ef44/result'),1
GET,/api/pdf-parser/jobs/pdf-parse-d4447abb-31c5-4168-85d6-22e6e1189bdb/result,HTTPError('404 Client Error: Not Found for url: /api/pdf-parser/jobs/pdf-parse-d4447abb-31c5-4168-85d6-22e6e1189bdb/result'),1
GET,/api/pdf-parser/jobs/pdf-parse-8a653085-302a-4769-877d-5467fe6e6d9f/result,HTTPError('404 Client Error: Not Found for url: /api/pdf-parser/jobs/pdf-parse-8a653085-302a-4769-877d-5467fe6e6d9f/result'),2
GET,/api/pdf-parser/jobs/pdf-parse-718df43d-fa81-460a-97b9-b4124a7249ee/result,HTTPError('404 Client Error: Not Found for url: /api/pdf-parser/jobs/pdf-parse-718df43d-fa81-460a-97b9-b4124a7249ee/result'),2
GET,/api/pdf-parser/jobs/pdf-parse-6f786360-262d-4040-82b1-c8600aa9968f/result,HTTPError('404 Client Error: Not Found for url: /api/pdf-parser/jobs/pdf-parse-6f786360-262d-4040-82b1-c8600aa9968f/result'),3
GET,/api/pdf-parser/jobs/pdf-parse-d0c29191-35d8-4288-a8e4-2a90f516062b/result,HTTPError('404 Client Error: Not Found for url: /api/pdf-parser/jobs/pdf-parse-d0c29191-35d8-4288-a8e4-2a90f516062b/result'),2
GET,/api/pdf-parser/jobs/pdf-parse-d6a12bb9-e12a-4547-8ad2-6e326680cd41/result,HTTPError('404 Client Error: Not Found for url: /api/pdf-parser/jobs/pdf-parse-d6a12bb9-e12a-4547-8ad2-6e326680cd41/result'),5
GET,/api/pdf-parser/jobs/pdf-parse-43fbc899-a52d-4d1b-b80a-d06de496ca21/result,HTTPError('404 Client Error: Not Found for url: /api/pdf-parser/jobs/pdf-parse-43fbc899-a52d-4d1b-b80a-d06de496ca21/result'),3
GET,/api/pdf-parser/jobs/pdf-parse-39521929-1196-4bac-90d0-1e191d0d1d9c/result,HTTPError('404 Client Error: Not Found for url: /api/pdf-parser/jobs/pdf-parse-39521929-1196-4bac-90d0-1e191d0d1d9c/result'),1
GET,/api/pdf-parser/jobs/pdf-parse-d3b0d081-0b48-4a2e-8536-f75ec55f3341/result,HTTPError('404 Client Error: Not Found for url: /api/pdf-parser/jobs/pdf-parse-d3b0d081-0b48-4a2e-8536-f75ec55f3341/result'),1
GET,/api/pdf-parser/jobs/pdf-parse-b918f9b1-77a8-4132-a6a8-522364632d65/result,HTTPError('404 Client Error: Not Found for url: /api/pdf-parser/jobs/pdf-parse-b918f9b1-77a8-4132-a6a8-522364632d65/result'),2
GET,/api/pdf-parser/jobs/pdf-parse-366dfc80-7ff0-4c4c-adbf-1b48b2e29ee0/result,HTTPError('404 Client Error: Not Found for url: /api/pdf-parser/jobs/pdf-parse-366dfc80-7ff0-4c4c-adbf-1b48b2e29ee0/result'),3
GET,/api/pdf-parser/jobs/pdf-parse-d1c85ee8-d679-4c48-ac21-ba3bcafc2240/result,HTTPError('404 Client Error: Not Found for url: /api/pdf-parser/jobs/pdf-parse-d1c85ee8-d679-4c48-ac21-ba3bcafc2240/result'),1
GET,/api/pdf-parser/jobs/pdf-parse-d4816c6a-46ee-4c4f-995e-d347944f4f82/result,HTTPError('404 Client Error: Not Found for url: /api/pdf-parser/jobs/pdf-parse-d4816c6a-46ee-4c4f-995e-d347944f4f82/result'),2
GET,/api/pdf-parser/jobs/pdf-parse-4f98ba27-e0ed-4c67-95dc-abedfdfb0759/result,HTTPError('404 Client Error: Not Found for url: /api/pdf-parser/jobs/pdf-parse-4f98ba27-e0ed-4c67-95dc-abedfdfb0759/result'),1
GET,/api/pdf-parser/jobs/pdf-parse-ef2c7cb5-e55d-4bcb-b150-4323e8d802dc/result,HTTPError('404 Client Error: Not Found for url: /api/pdf-parser/jobs/pdf-parse-ef2c7cb5-e55d-4bcb-b150-4323e8d802dc/result'),3
GET,/api/pdf-parser/jobs/pdf-parse-54ab1e4c-41cd-4a81-9e77-54dd9f8cff59/result,HTTPError('404 Client Error: Not Found for url: /api/pdf-parser/jobs/pdf-parse-54ab1e4c-41cd-4a81-9e77-54dd9f8cff59/result'),2
GET,/api/pdf-parser/jobs/pdf-parse-960d635b-38ef-4d23-9a45-627c31b66dc2/result,HTTPError('404 Client Error: Not Found for url: /api/pdf-parser/jobs/pdf-parse-960d635b-38ef-4d23-9a45-627c31b66dc2/result'),4
GET,/api/pdf-parser/jobs/pdf-parse-c4be0d4e-c806-4579-97a0-8fd68ab1c8a3/result,HTTPError('404 Client Error: Not Found for url: /api/pdf-parser/jobs/pdf-parse-c4be0d4e-c806-4579-97a0-8fd68ab1c8a3/result'),1
GET,/api/pdf-parser/jobs/pdf-parse-342c6678-5e73-4ec6-8604-70b848f4f1a4/result,HTTPError('404 Client Error: Not Found for url: /api/pdf-parser/jobs/pdf-parse-342c6678-5e73-4ec6-8604-70b848f4f1a4/result'),2
GET,/api/pdf-parser/jobs/pdf-parse-daca3bd8-18fd-4df0-bf6c-e22838f36d6b/result,HTTPError('404 Client Error: Not Found for url: /api/pdf-parser/jobs/pdf-parse-daca3bd8-18fd-4df0-bf6c-e22838f36d6b/result'),1
GET,/api/pdf-parser/jobs/pdf-parse-c1fd9d4c-a78a-45d3-b92f-bbe9f0f4d16e/result,HTTPError('404 Client Error: Not Found for url: /api/pdf-parser/jobs/pdf-parse-c1fd9d4c-a78a-45d3-b92f-bbe9f0f4d16e/result'),2
GET,/api/pdf-parser/jobs/pdf-parse-4c9d0c12-6c8f-45c0-9e1d-596ae3212e04/result,HTTPError('404 Client Error: Not Found for url: /api/pdf-parser/jobs/pdf-parse-4c9d0c12-6c8f-45c0-9e1d-596ae3212e04/result'),2
GET,/api/pdf-parser/jobs/pdf-parse-d50a3958-c7be-4d96-ab91-3e86c4f79676/result,HTTPError('404 Client Error: Not Found for url: /api/pdf-parser/jobs/pdf-parse-d50a3958-c7be-4d96-ab91-3e86c4f79676/result'),1
GET,/api/pdf-parser/jobs/pdf-parse-6c7f8acb-cf34-41e1-b6a2-6cb88799481a/result,HTTPError('404 Client Error: Not Found for url: /api/pdf-parser/jobs/pdf-parse-6c7f8acb-cf34-41e1-b6a2-6cb88799481a/result'),2
GET,/api/pdf-parser/jobs/pdf-parse-22f2fa19-121d-4d08-8767-7fbc925cecae/result,HTTPError('404 Client Error: Not Found for url: /api/pdf-parser/jobs/pdf-parse-22f2fa19-121d-4d08-8767-7fbc925cecae/result'),1
GET,/api/pdf-parser/jobs/pdf-parse-214fbdee-67a2-4b9c-83e3-4fce05183028/result,HTTPError('404 Client Error: Not Found for url: /api/pdf-parser/jobs/pdf-parse-214fbdee-67a2-4b9c-83e3-4fce05183028/result'),1
GET,/api/pdf-parser/jobs/pdf-parse-9555659e-759a-463e-865f-84f3257362a5/result,HTTPError('404 Client Error: Not Found for url: /api/pdf-parser/jobs/pdf-parse-9555659e-759a-463e-865f-84f3257362a5/result'),1
GET,/api/pdf-parser/jobs/pdf-parse-71ad69db-6092-49b5-b05c-d0303e5d7093/result,HTTPError('404 Client Error: Not Found for url: /api/pdf-parser/jobs/pdf-parse-71ad69db-6092-49b5-b05c-d0303e5d7093/result'),1
GET,/api/pdf-parser/jobs/pdf-parse-9077fc47-f42a-4927-b29f-fdab2798c168/result,HTTPError('404 Client Error: Not Found for url: /api/pdf-parser/jobs/pdf-parse-9077fc47-f42a-4927-b29f-fdab2798c168/result'),2
GET,/api/pdf-parser/jobs/pdf-parse-2026d7ff-e6dc-4e7f-8230-55af77801a24/result,HTTPError('404 Client Error: Not Found for url: /api/pdf-parser/jobs/pdf-parse-2026d7ff-e6dc-4e7f-8230-55af77801a24/result'),1
GET,/api/pdf-parser/jobs/pdf-parse-5a748bf7-e94d-458f-b50d-ff34dc74f4ef/result,HTTPError('404 Client Error: Not Found for url: /api/pdf-parser/jobs/pdf-parse-5a748bf7-e94d-458f-b50d-ff34dc74f4ef/result'),1
GET,/api/pdf-parser/jobs/pdf-parse-901dd8fe-4951-4d6b-b82d-e989a97c4892/result,HTTPError('404 Client Error: Not Found for url: /api/pdf-parser/jobs/pdf-parse-901dd8fe-4951-4d6b-b82d-e989a97c4892/result'),2
GET,/api/pdf-parser/jobs/pdf-parse-e3457bc6-df15-420b-a5cc-c5c2eadaa458/result,HTTPError('404 Client Error: Not Found for url: /api/pdf-parser/jobs/pdf-parse-e3457bc6-df15-420b-a5cc-c5c2eadaa458/result'),1
GET,/api/pdf-parser/jobs/pdf-parse-30cc2f83-f34b-4fe9-b832-407cb99f22b0/result,HTTPError('404 Client Error: Not Found for url: /api/pdf-parser/jobs/pdf-parse-30cc2f83-f34b-4fe9-b832-407cb99f22b0/result'),2
GET,/api/pdf-parser/jobs/pdf-parse-0aa852a4-5cdb-4ce1-be4a-ed06015e5f12/result,HTTPError('404 Client Error: Not Found for url: /api/pdf-parser/jobs/pdf-parse-0aa852a4-5cdb-4ce1-be4a-ed06015e5f12/result'),1
GET,/api/pdf-parser/jobs/pdf-parse-5ea878d7-2ac9-470d-91fa-cb918c805873/result,HTTPError('404 Client Error: Not Found for url: /api/pdf-parser/jobs/pdf-parse-5ea878d7-2ac9-470d-91fa-cb918c805873/result'),1
GET,/api/pdf-parser/jobs/pdf-parse-95291b3f-43e4-4b9d-9cd9-37d4edf4a813/result,HTTPError('404 Client Error: Not Found for url: /api/pdf-parser/jobs/pdf-parse-95291b3f-43e4-4b9d-9cd9-37d4edf4a813/result'),1
GET,/api/pdf-parser/jobs/pdf-parse-b324f258-9b92-4d42-a7bb-32b3b6e774b6/result,HTTPError('404 Client Error: Not Found for url: /api/pdf-parser/jobs/pdf-parse-b324f258-9b92-4d42-a7bb-32b3b6e774b6/result'),2
GET,/api/pdf-parser/jobs/pdf-parse-2faf2bda-849e-440e-a365-012e99130d2b/result,HTTPError('404 Client Error: Not Found for url: /api/pdf-parser/jobs/pdf-parse-2faf2bda-849e-440e-a365-012e99130d2b/result'),1
GET,/api/pdf-parser/jobs/pdf-parse-baba6768-760f-4ad9-8a69-6a11cd58d639/result,HTTPError('404 Client Error: Not Found for url: /api/pdf-parser/jobs/pdf-parse-baba6768-760f-4ad9-8a69-6a11cd58d639/result'),5
GET,/api/pdf-parser/jobs/pdf-parse-7f067d6f-ad1b-47f4-bdbc-0c26199a09e8/result,HTTPError('404 Client Error: Not Found for url: /api/pdf-parser/jobs/pdf-parse-7f067d6f-ad1b-47f4-bdbc-0c26199a09e8/result'),1
GET,/api/pdf-parser/jobs/pdf-parse-b8846d7e-e881-4353-a28e-eee4a4a192ef/result,HTTPError('404 Client Error: Not Found for url: /api/pdf-parser/jobs/pdf-parse-b8846d7e-e881-4353-a28e-eee4a4a192ef/result'),3
GET,/api/pdf-parser/jobs/pdf-parse-5f023d44-db04-4a80-a6b8-48e17865cdad/result,HTTPError('404 Client Error: Not Found for url: /api/pdf-parser/jobs/pdf-parse-5f023d44-db04-4a80-a6b8-48e17865cdad/result'),2
GET,/api/pdf-parser/jobs/pdf-parse-22d57f28-cf36-4fe1-9d65-0ea7765eb3c8/result,HTTPError('404 Client Error: Not Found for url: /api/pdf-parser/jobs/pdf-parse-22d57f28-cf36-4fe1-9d65-0ea7765eb3c8/result'),1
GET,/api/pdf-parser/jobs/pdf-parse-54dd8e07-373b-47ad-94b4-07c072c8333d/result,HTTPError('404 Client Error: Not Found for url: /api/pdf-parser/jobs/pdf-parse-54dd8e07-373b-47ad-94b4-07c072c8333d/result'),1
GET,/api/pdf-parser/jobs/pdf-parse-ab2d619c-6ea1-4403-b157-71680e46a50f/result,HTTPError('404 Client Error: Not Found for url: /api/pdf-parser/jobs/pdf-parse-ab2d619c-6ea1-4403-b157-71680e46a50f/result'),1
GET,/api/pdf-parser/jobs/pdf-parse-498afda6-9cd5-4087-ab48-43f11fd1dc83/result,HTTPError('404 Client Error: Not Found for url: /api/pdf-parser/jobs/pdf-parse-498afda6-9cd5-4087-ab48-43f11fd1dc83/result'),1
GET,/api/pdf-parser/jobs/pdf-parse-ee4fe261-4de9-4b91-afcc-139182e21473/result,HTTPError('404 Client Error: Not Found for url: /api/pdf-parser/jobs/pdf-parse-ee4fe261-4de9-4b91-afcc-139182e21473/result'),2
GET,/api/pdf-parser/jobs/pdf-parse-e670bb95-24c7-47ab-81a6-674c0bc11a8e/result,HTTPError('404 Client Error: Not Found for url: /api/pdf-parser/jobs/pdf-parse-e670bb95-24c7-47ab-81a6-674c0bc11a8e/result'),1
GET,/api/pdf-parser/jobs/pdf-parse-a24d74d7-9e51-4415-8036-aaddc0759b1b/result,HTTPError('404 Client Error: Not Found for url: /api/pdf-parser/jobs/pdf-parse-a24d74d7-9e51-4415-8036-aaddc0759b1b/result'),1
GET,/api/pdf-parser/jobs/pdf-parse-d4666f17-af84-4b0c-a903-1aa0c91c038a/result,HTTPError('404 Client Error: Not Found for url: /api/pdf-parser/jobs/pdf-parse-d4666f17-af84-4b0c-a903-1aa0c91c038a/result'),2
GET,/api/pdf-parser/jobs/pdf-parse-0a759076-55ff-42a0-bc32-ad502b6ec0a1/result,HTTPError('404 Client Error: Not Found for url: /api/pdf-parser/jobs/pdf-parse-0a759076-55ff-42a0-bc32-ad502b6ec0a1/result'),1
GET,/api/pdf-parser/jobs/pdf-parse-23c220f9-509d-4cc8-9ae3-6c845c4364e9/result,HTTPError('404 Client Error: Not Found for url: /api/pdf-parser/jobs/pdf-parse-23c220f9-509d-4cc8-9ae3-6c845c4364e9/result'),3
GET,/api/pdf-parser/jobs/pdf-parse-1288435f-86ae-4f93-ac9e-e72ee0f07b07/result,HTTPError('404 Client Error: Not Found for url: /api/pdf-parser/jobs/pdf-parse-1288435f-86ae-4f93-ac9e-e72ee0f07b07/result'),4
GET,/api/pdf-parser/jobs/pdf-parse-ca3c2955-fc29-488d-b714-d3fcebe08a8c/result,HTTPError('404 Client Error: Not Found for url: /api/pdf-parser/jobs/pdf-parse-ca3c2955-fc29-488d-b714-d3fcebe08a8c/result'),1
GET,/api/pdf-parser/jobs/pdf-parse-a0d19f0e-43fc-4fd9-baeb-9f4d7c2eeb6f/result,HTTPError('404 Client Error: Not Found for url: /api/pdf-parser/jobs/pdf-parse-a0d19f0e-43fc-4fd9-baeb-9f4d7c2eeb6f/result'),3
GET,/api/pdf-parser/jobs/pdf-parse-fd6a968e-2214-42de-ad93-162d4a31f6c9/result,HTTPError('404 Client Error: Not Found for url: /api/pdf-parser/jobs/pdf-parse-fd6a968e-2214-42de-ad93-162d4a31f6c9/result'),4
GET,/api/pdf-parser/jobs/pdf-parse-cab29250-81e0-4390-afe1-20d25544ffae/result,HTTPError('404 Client Error: Not Found for url: /api/pdf-parser/jobs/pdf-parse-cab29250-81e0-4390-afe1-20d25544ffae/result'),2
GET,/api/pdf-parser/jobs/pdf-parse-714d5092-8dee-4431-9709-a00840146fdb/result,HTTPError('404 Client Error: Not Found for url: /api/pdf-parser/jobs/pdf-parse-714d5092-8dee-4431-9709-a00840146fdb/result'),2
GET,/api/pdf-parser/jobs/pdf-parse-f503a432-51ee-48c1-a4bd-7de7ea6db4c3/result,HTTPError('404 Client Error: Not Found for url: /api/pdf-parser/jobs/pdf-parse-f503a432-51ee-48c1-a4bd-7de7ea6db4c3/result'),2
GET,/api/pdf-parser/jobs/pdf-parse-9cbafdf4-5894-401a-8c64-e562a4cc2b5c/result,HTTPError('404 Client Error: Not Found for url: /api/pdf-parser/jobs/pdf-parse-9cbafdf4-5894-401a-8c64-e562a4cc2b5c/result'),4
GET,/api/pdf-parser/jobs/pdf-parse-e5dda57e-53e7-4ff1-9cbc-0b7ab10b92ef/result,HTTPError('404 Client Error: Not Found for url: /api/pdf-parser/jobs/pdf-parse-e5dda57e-53e7-4ff1-9cbc-0b7ab10b92ef/result'),2
GET,/api/pdf-parser/jobs/pdf-parse-58cc2804-27a5-4daa-9ac7-364c23d2a6df/result,HTTPError('404 Client Error: Not Found for url: /api/pdf-parser/jobs/pdf-parse-58cc2804-27a5-4daa-9ac7-364c23d2a6df/result'),3
GET,/api/pdf-parser/jobs/pdf-parse-96e915f0-44f4-49f8-8056-f43fb4dee8d2/result,HTTPError('404 Client Error: Not Found for url: /api/pdf-parser/jobs/pdf-parse-96e915f0-44f4-49f8-8056-f43fb4dee8d2/result'),5
GET,/api/pdf-parser/jobs/pdf-parse-b95db2fb-f2ac-464f-8c7c-c2d73eda473e/result,HTTPError('404 Client Error: Not Found for url: /api/pdf-parser/jobs/pdf-parse-b95db2fb-f2ac-464f-8c7c-c2d73eda473e/result'),1
GET,/api/pdf-parser/jobs/pdf-parse-651f35e6-f04b-413b-8047-a2ef0b119abe/result,HTTPError('404 Client Error: Not Found for url: /api/pdf-parser/jobs/pdf-parse-651f35e6-f04b-413b-8047-a2ef0b119abe/result'),1
GET,/api/pdf-parser/jobs/pdf-parse-4e87de7f-a672-4f31-8927-8e1dd1670ff9/result,HTTPError('404 Client Error: Not Found for url: /api/pdf-parser/jobs/pdf-parse-4e87de7f-a672-4f31-8927-8e1dd1670ff9/result'),1
GET,/api/pdf-parser/jobs/pdf-parse-cbb2efb4-4580-4ee0-819a-0bc2d5f7bac0/result,HTTPError('404 Client Error: Not Found for url: /api/pdf-parser/jobs/pdf-parse-cbb2efb4-4580-4ee0-819a-0bc2d5f7bac0/result'),1
GET,/api/pdf-parser/jobs/pdf-parse-b8f0b780-7dc9-4dc6-bf25-fffaa4c50e8c/result,HTTPError('404 Client Error: Not Found for url: /api/pdf-parser/jobs/pdf-parse-b8f0b780-7dc9-4dc6-bf25-fffaa4c50e8c/result'),2
GET,/api/pdf-parser/jobs/pdf-parse-0f2d32cd-860c-465e-a0e5-c3fea81b5cbd/result,HTTPError('404 Client Error: Not Found for url: /api/pdf-parser/jobs/pdf-parse-0f2d32cd-860c-465e-a0e5-c3fea81b5cbd/result'),1
GET,/api/pdf-parser/jobs/pdf-parse-d2aa3007-b5fd-468e-beb5-0c780a7f5e63/result,HTTPError('404 Client Error: Not Found for url: /api/pdf-parser/jobs/pdf-parse-d2aa3007-b5fd-468e-beb5-0c780a7f5e63/result'),1
GET,/api/pdf-parser/jobs/pdf-parse-68949aeb-9e5f-4ef9-8f5f-177ae8ea9d2a/result,HTTPError('404 Client Error: Not Found for url: /api/pdf-parser/jobs/pdf-parse-68949aeb-9e5f-4ef9-8f5f-177ae8ea9d2a/result'),5
GET,/api/pdf-parser/jobs/pdf-parse-f5d9deaa-d369-41ff-9353-61907143ed33/result,HTTPError('404 Client Error: Not Found for url: /api/pdf-parser/jobs/pdf-parse-f5d9deaa-d369-41ff-9353-61907143ed33/result'),3
GET,/api/pdf-parser/jobs/pdf-parse-ba784b70-7204-45b9-b9a7-c9e7b2e11228/result,HTTPError('404 Client Error: Not Found for url: /api/pdf-parser/jobs/pdf-parse-ba784b70-7204-45b9-b9a7-c9e7b2e11228/result'),1
GET,/api/pdf-parser/jobs/pdf-parse-697893a2-2d77-4f56-a6e9-15caeed31688/result,HTTPError('404 Client Error: Not Found for url: /api/pdf-parser/jobs/pdf-parse-697893a2-2d77-4f56-a6e9-15caeed31688/result'),1
GET,/api/pdf-parser/jobs/pdf-parse-8aae539d-f723-4114-9c2f-775875300321/result,HTTPError('404 Client Error: Not Found for url: /api/pdf-parser/jobs/pdf-parse-8aae539d-f723-4114-9c2f-775875300321/result'),1
GET,/api/pdf-parser/jobs/pdf-parse-843ad6fd-765a-4ca7-9583-3bd97d6b949c/result,HTTPError('404 Client Error: Not Found for url: /api/pdf-parser/jobs/pdf-parse-843ad6fd-765a-4ca7-9583-3bd97d6b949c/result'),1
GET,/api/pdf-parser/jobs/pdf-parse-f0459a84-76ef-4525-af5b-ecc0b25b24a3/result,HTTPError('404 Client Error: Not Found for url: /api/pdf-parser/jobs/pdf-parse-f0459a84-76ef-4525-af5b-ecc0b25b24a3/result'),2
GET,/api/pdf-parser/jobs/pdf-parse-3561c2b3-af93-4500-a466-50fa8231076f/result,HTTPError('404 Client Error: Not Found for url: /api/pdf-parser/jobs/pdf-parse-3561c2b3-af93-4500-a466-50fa8231076f/result'),1
GET,/api/pdf-parser/jobs/pdf-parse-473c60fe-a1fc-409d-84a8-49cf36296901/result,HTTPError('404 Client Error: Not Found for url: /api/pdf-parser/jobs/pdf-parse-473c60fe-a1fc-409d-84a8-49cf36296901/result'),1
GET,/api/pdf-parser/jobs/pdf-parse-0285a383-4456-456f-a783-41df84516c4a/result,HTTPError('404 Client Error: Not Found for url: /api/pdf-parser/jobs/pdf-parse-0285a383-4456-456f-a783-41df84516c4a/result'),1
GET,/api/pdf-parser/jobs/pdf-parse-ba44f4c7-42a4-4bba-a311-4c0f22a3074d/result,HTTPError('404 Client Error: Not Found for url: /api/pdf-parser/jobs/pdf-parse-ba44f4c7-42a4-4bba-a311-4c0f22a3074d/result'),2
GET,/api/pdf-parser/jobs/pdf-parse-027bf41a-d6f5-4bb9-a3c6-1ac1bef84b8a/result,HTTPError('404 Client Error: Not Found for url: /api/pdf-parser/jobs/pdf-parse-027bf41a-d6f5-4bb9-a3c6-1ac1bef84b8a/result'),3
GET,/api/pdf-parser/jobs/pdf-parse-d9f4f11b-0949-4533-861d-174981a3bc96/result,HTTPError('404 Client Error: Not Found for url: /api/pdf-parser/jobs/pdf-parse-d9f4f11b-0949-4533-861d-174981a3bc96/result'),2
GET,/api/pdf-parser/jobs/pdf-parse-7f40f961-832d-4bf6-a109-919fce7f3b92/result,HTTPError('404 Client Error: Not Found for url: /api/pdf-parser/jobs/pdf-parse-7f40f961-832d-4bf6-a109-919fce7f3b92/result'),2
GET,/api/pdf-parser/jobs/pdf-parse-2e0ed126-815c-4d3b-9560-fd3d7969f517/result,HTTPError('404 Client Error: Not Found for url: /api/pdf-parser/jobs/pdf-parse-2e0ed126-815c-4d3b-9560-fd3d7969f517/result'),3
GET,/api/pdf-parser/jobs/pdf-parse-033d0e2d-c5b6-4159-842c-3dbd167e63b2/result,HTTPError('404 Client Error: Not Found for url: /api/pdf-parser/jobs/pdf-parse-033d0e2d-c5b6-4159-842c-3dbd167e63b2/result'),1
GET,/api/pdf-parser/jobs/pdf-parse-83248bca-f59e-4afd-92d8-d6b090bbc765/result,HTTPError('404 Client Error: Not Found for url: /api/pdf-parser/jobs/pdf-parse-83248bca-f59e-4afd-92d8-d6b090bbc765/result'),3
GET,/api/pdf-parser/jobs/pdf-parse-0c10b603-50cb-47d0-a7ff-1aeedf869ce8/result,HTTPError('404 Client Error: Not Found for url: /api/pdf-parser/jobs/pdf-parse-0c10b603-50cb-47d0-a7ff-1aeedf869ce8/result'),1
GET,/api/pdf-parser/jobs/pdf-parse-8196b049-27fa-4759-8f1e-34c669722e74/result,HTTPError('404 Client Error: Not Found for url: /api/pdf-parser/jobs/pdf-parse-8196b049-27fa-4759-8f1e-34c669722e74/result'),1
GET,/api/pdf-parser/jobs/pdf-parse-8c2e4723-0212-4141-9c8e-bc9c25391f37/result,HTTPError('404 Client Error: Not Found for url: /api/pdf-parser/jobs/pdf-parse-8c2e4723-0212-4141-9c8e-bc9c25391f37/result'),2
GET,/api/pdf-parser/jobs/pdf-parse-18d5f8d3-c72e-4dea-851f-fe9147cd20f6/result,HTTPError('404 Client Error: Not Found for url: /api/pdf-parser/jobs/pdf-parse-18d5f8d3-c72e-4dea-851f-fe9147cd20f6/result'),1
GET,/api/pdf-parser/jobs/pdf-parse-1e161295-1dd5-4ab1-b25d-6e419c4fdd92/result,HTTPError('404 Client Error: Not Found for url: /api/pdf-parser/jobs/pdf-parse-1e161295-1dd5-4ab1-b25d-6e419c4fdd92/result'),2
GET,/api/pdf-parser/jobs/pdf-parse-c632d466-92fd-4e63-84fc-48b625d4aaff/result,HTTPError('404 Client Error: Not Found for url: /api/pdf-parser/jobs/pdf-parse-c632d466-92fd-4e63-84fc-48b625d4aaff/result'),5
GET,/api/pdf-parser/jobs/pdf-parse-153d2ce0-77b1-4a2a-a964-9177f701e2a0/result,HTTPError('404 Client Error: Not Found for url: /api/pdf-parser/jobs/pdf-parse-153d2ce0-77b1-4a2a-a964-9177f701e2a0/result'),1
GET,/api/pdf-parser/jobs/pdf-parse-5728c8c4-4100-47b5-83d7-45b7008653bf/result,HTTPError('404 Client Error: Not Found for url: /api/pdf-parser/jobs/pdf-parse-5728c8c4-4100-47b5-83d7-45b7008653bf/result'),1
GET,/api/pdf-parser/jobs/pdf-parse-3cb71b19-599f-440a-9f33-831a86d39220/result,HTTPError('404 Client Error: Not Found for url: /api/pdf-parser/jobs/pdf-parse-3cb71b19-599f-440a-9f33-831a86d39220/result'),2
GET,/api/pdf-parser/jobs/pdf-parse-13a58511-990c-46e1-8490-80ab99491914/result,HTTPError('404 Client Error: Not Found for url: /api/pdf-parser/jobs/pdf-parse-13a58511-990c-46e1-8490-80ab99491914/result'),1
GET,/api/pdf-parser/jobs/pdf-parse-152f8272-4daa-4815-9adb-967f33952cf1/result,HTTPError('404 Client Error: Not Found for url: /api/pdf-parser/jobs/pdf-parse-152f8272-4daa-4815-9adb-967f33952cf1/result'),1
GET,/api/pdf-parser/jobs/pdf-parse-c2ca3033-67dd-4a5a-9c22-c9ec325f178a/result,HTTPError('404 Client Error: Not Found for url: /api/pdf-parser/jobs/pdf-parse-c2ca3033-67dd-4a5a-9c22-c9ec325f178a/result'),1
GET,/api/pdf-parser/jobs/pdf-parse-31dcdb96-ce01-495a-ad28-c10ab19097c3/result,HTTPError('404 Client Error: Not Found for url: /api/pdf-parser/jobs/pdf-parse-31dcdb96-ce01-495a-ad28-c10ab19097c3/result'),1
GET,/api/pdf-parser/jobs/pdf-parse-1c447a11-96e4-4b25-b997-07641b5d9597/result,HTTPError('404 Client Error: Not Found for url: /api/pdf-parser/jobs/pdf-parse-1c447a11-96e4-4b25-b997-07641b5d9597/result'),1
GET,/api/pdf-parser/jobs/pdf-parse-492cbfb9-7a81-468a-8e85-4a4142facb40/result,HTTPError('404 Client Error: Not Found for url: /api/pdf-parser/jobs/pdf-parse-492cbfb9-7a81-468a-8e85-4a4142facb40/result'),4
GET,/api/pdf-parser/jobs/pdf-parse-dd023e99-855c-47d2-be59-c088ce2e85ab/result,HTTPError('404 Client Error: Not Found for url: /api/pdf-parser/jobs/pdf-parse-dd023e99-855c-47d2-be59-c088ce2e85ab/result'),1
GET,/api/pdf-parser/jobs/pdf-parse-ae7a2574-6ffb-47c4-9395-2f1c4fc03081/result,HTTPError('404 Client Error: Not Found for url: /api/pdf-parser/jobs/pdf-parse-ae7a2574-6ffb-47c4-9395-2f1c4fc03081/result'),1
GET,/api/pdf-parser/jobs/pdf-parse-411978fb-b0d0-48dd-bcbc-d4e46541959a/result,HTTPError('404 Client Error: Not Found for url: /api/pdf-parser/jobs/pdf-parse-411978fb-b0d0-48dd-bcbc-d4e46541959a/result'),1
GET,/api/pdf-parser/jobs/pdf-parse-b0529f30-7842-4884-bad9-850f80757e9a/result,HTTPError('404 Client Error: Not Found for url: /api/pdf-parser/jobs/pdf-parse-b0529f30-7842-4884-bad9-850f80757e9a/result'),1
GET,/api/pdf-parser/jobs/pdf-parse-52eaecba-11ef-4bad-a335-f2f2f07344b7/result,HTTPError('404 Client Error: Not Found for url: /api/pdf-parser/jobs/pdf-parse-52eaecba-11ef-4bad-a335-f2f2f07344b7/result'),2
GET,/api/pdf-parser/jobs/pdf-parse-91a143ee-1291-4a39-a756-34b07f344b1c/result,HTTPError('404 Client Error: Not Found for url: /api/pdf-parser/jobs/pdf-parse-91a143ee-1291-4a39-a756-34b07f344b1c/result'),1
GET,/api/pdf-parser/jobs/pdf-parse-25f3de13-8e3f-4821-a2dc-12d27385bef0/result,HTTPError('404 Client Error: Not Found for url: /api/pdf-parser/jobs/pdf-parse-25f3de13-8e3f-4821-a2dc-12d27385bef0/result'),2
GET,/api/pdf-parser/jobs/pdf-parse-6a3e83de-8669-44b0-8d5f-6c84301bae46/result,HTTPError('404 Client Error: Not Found for url: /api/pdf-parser/jobs/pdf-parse-6a3e83de-8669-44b0-8d5f-6c84301bae46/result'),1
GET,/api/pdf-parser/jobs/pdf-parse-02630914-a572-49bf-8213-96fca36676fa/result,HTTPError('404 Client Error: Not Found for url: /api/pdf-parser/jobs/pdf-parse-02630914-a572-49bf-8213-96fca36676fa/result'),4
GET,/api/pdf-parser/jobs/pdf-parse-20057db0-9e12-4653-ad5b-fe41af0c7dea/result,HTTPError('404 Client Error: Not Found for url: /api/pdf-parser/jobs/pdf-parse-20057db0-9e12-4653-ad5b-fe41af0c7dea/result'),2
GET,/api/pdf-parser/jobs/pdf-parse-623b791e-666d-4fd3-b481-a75b0dd24195/result,HTTPError('404 Client Error: Not Found for url: /api/pdf-parser/jobs/pdf-parse-623b791e-666d-4fd3-b481-a75b0dd24195/result'),2
GET,/api/pdf-parser/jobs/pdf-parse-41b7c45b-e307-49db-b673-516d66b621c1/result,HTTPError('404 Client Error: Not Found for url: /api/pdf-parser/jobs/pdf-parse-41b7c45b-e307-49db-b673-516d66b621c1/result'),2
GET,/api/pdf-parser/jobs/pdf-parse-62beea78-a0aa-4ba1-b6ed-4b132e54c60d/result,HTTPError('404 Client Error: Not Found for url: /api/pdf-parser/jobs/pdf-parse-62beea78-a0aa-4ba1-b6ed-4b132e54c60d/result'),2
GET,/api/pdf-parser/jobs/pdf-parse-a0bf4034-b52c-4b46-9b8e-d7365002ab8c/result,HTTPError('404 Client Error: Not Found for url: /api/pdf-parser/jobs/pdf-parse-a0bf4034-b52c-4b46-9b8e-d7365002ab8c/result'),1
GET,/api/pdf-parser/jobs/pdf-parse-67eb3952-d56a-4819-a52a-5feb3a8efcd2/result,HTTPError('404 Client Error: Not Found for url: /api/pdf-parser/jobs/pdf-parse-67eb3952-d56a-4819-a52a-5feb3a8efcd2/result'),2
GET,/api/pdf-parser/jobs/pdf-parse-2fcdb9df-4352-4d17-8405-a08f20d1b07f/result,HTTPError('404 Client Error: Not Found for url: /api/pdf-parser/jobs/pdf-parse-2fcdb9df-4352-4d17-8405-a08f20d1b07f/result'),1
GET,/api/pdf-parser/jobs/pdf-parse-9245979b-1dcb-4049-8970-480fa234d11d/result,HTTPError('404 Client Error: Not Found for url: /api/pdf-parser/jobs/pdf-parse-9245979b-1dcb-4049-8970-480fa234d11d/result'),5
GET,/api/pdf-parser/jobs/pdf-parse-e3b79eca-c9a2-4228-9d67-46220b99fc75/result,HTTPError('404 Client Error: Not Found for url: /api/pdf-parser/jobs/pdf-parse-e3b79eca-c9a2-4228-9d67-46220b99fc75/result'),1
GET,/api/pdf-parser/jobs/pdf-parse-7670b6c7-4213-4195-9f24-facba48c33e0/result,HTTPError('404 Client Error: Not Found for url: /api/pdf-parser/jobs/pdf-parse-7670b6c7-4213-4195-9f24-facba48c33e0/result'),1
GET,/api/pdf-parser/jobs/pdf-parse-d8f56d0b-b5db-42df-96a7-ed07a2852ff6/result,HTTPError('404 Client Error: Not Found for url: /api/pdf-parser/jobs/pdf-parse-d8f56d0b-b5db-42df-96a7-ed07a2852ff6/result'),5
GET,/api/pdf-parser/jobs/pdf-parse-4a747d7e-73e2-4550-9690-6955bfe58092/result,HTTPError('404 Client Error: Not Found for url: /api/pdf-parser/jobs/pdf-parse-4a747d7e-73e2-4550-9690-6955bfe58092/result'),1
GET,/api/pdf-parser/jobs/pdf-parse-72098676-c9e1-4940-bc7b-397e178bb8bd/result,HTTPError('404 Client Error: Not Found for url: /api/pdf-parser/jobs/pdf-parse-72098676-c9e1-4940-bc7b-397e178bb8bd/result'),2
GET,/api/pdf-parser/jobs/pdf-parse-3248474f-85a7-42f3-9e84-d5f997749b5a/result,HTTPError('404 Client Error: Not Found for url: /api/pdf-parser/jobs/pdf-parse-3248474f-85a7-42f3-9e84-d5f997749b5a/result'),1
GET,/api/pdf-parser/jobs/pdf-parse-6daa0a8d-85c9-4296-844a-ce25cdb2433b/result,HTTPError('404 Client Error: Not Found for url: /api/pdf-parser/jobs/pdf-parse-6daa0a8d-85c9-4296-844a-ce25cdb2433b/result'),1
GET,/api/pdf-parser/jobs/pdf-parse-7966c111-dc05-48eb-809c-d1005868d6a6/result,HTTPError('404 Client Error: Not Found for url: /api/pdf-parser/jobs/pdf-parse-7966c111-dc05-48eb-809c-d1005868d6a6/result'),3
GET,/api/pdf-parser/jobs/pdf-parse-f2d08fdc-fb34-419a-8447-9988068be403/result,HTTPError('404 Client Error: Not Found for url: /api/pdf-parser/jobs/pdf-parse-f2d08fdc-fb34-419a-8447-9988068be403/result'),1
GET,/api/pdf-parser/jobs/pdf-parse-13f74908-60d7-4ff2-9e18-85ce35eab8e5/result,HTTPError('404 Client Error: Not Found for url: /api/pdf-parser/jobs/pdf-parse-13f74908-60d7-4ff2-9e18-85ce35eab8e5/result'),3
GET,/api/pdf-parser/jobs/pdf-parse-e0bfd620-3521-4fde-b71d-b20d9aa31c9a/result,HTTPError('404 Client Error: Not Found for url: /api/pdf-parser/jobs/pdf-parse-e0bfd620-3521-4fde-b71d-b20d9aa31c9a/result'),2
GET,/api/pdf-parser/jobs/pdf-parse-cd70ad9d-1486-44d6-873c-d74e811045e2/result,HTTPError('404 Client Error: Not Found for url: /api/pdf-parser/jobs/pdf-parse-cd70ad9d-1486-44d6-873c-d74e811045e2/result'),2
GET,/api/pdf-parser/jobs/pdf-parse-c08417aa-4141-452d-bc77-78bf32b61332/result,HTTPError('404 Client Error: Not Found for url: /api/pdf-parser/jobs/pdf-parse-c08417aa-4141-452d-bc77-78bf32b61332/result'),1
GET,/api/pdf-parser/jobs/pdf-parse-9e683393-df7d-456b-a441-26a23d636c48/result,HTTPError('404 Client Error: Not Found for url: /api/pdf-parser/jobs/pdf-parse-9e683393-df7d-456b-a441-26a23d636c48/result'),1
GET,/api/pdf-parser/jobs/pdf-parse-f7cc875d-4cb0-49e2-9319-97828b429331/result,HTTPError('404 Client Error: Not Found for url: /api/pdf-parser/jobs/pdf-parse-f7cc875d-4cb0-49e2-9319-97828b429331/result'),1
GET,/api/pdf-parser/jobs/pdf-parse-4d148d58-b511-4ea3-9f93-8ba1ce83005e/result,HTTPError('404 Client Error: Not Found for url: /api/pdf-parser/jobs/pdf-parse-4d148d58-b511-4ea3-9f93-8ba1ce83005e/result'),3
GET,/api/pdf-parser/jobs/pdf-parse-7f5336cb-837b-4cb2-8c87-7f68b165f74d/result,HTTPError('404 Client Error: Not Found for url: /api/pdf-parser/jobs/pdf-parse-7f5336cb-837b-4cb2-8c87-7f68b165f74d/result'),2
GET,/api/pdf-parser/jobs/pdf-parse-ee13e3c5-f4f5-451e-adf9-fce761f5c809/result,HTTPError('404 Client Error: Not Found for url: /api/pdf-parser/jobs/pdf-parse-ee13e3c5-f4f5-451e-adf9-fce761f5c809/result'),2
GET,/api/pdf-parser/jobs/pdf-parse-ec10f913-575f-48df-98c9-881c097d0194/result,HTTPError('404 Client Error: Not Found for url: /api/pdf-parser/jobs/pdf-parse-ec10f913-575f-48df-98c9-881c097d0194/result'),1
GET,/api/pdf-parser/jobs/pdf-parse-67999773-8584-44ea-8aad-0ae5d1845c47/result,HTTPError('404 Client Error: Not Found for url: /api/pdf-parser/jobs/pdf-parse-67999773-8584-44ea-8aad-0ae5d1845c47/result'),1
GET,/api/pdf-parser/jobs/pdf-parse-b046f6e5-bdb0-4112-bd9b-4e124b4ba08e/result,HTTPError('404 Client Error: Not Found for url: /api/pdf-parser/jobs/pdf-parse-b046f6e5-bdb0-4112-bd9b-4e124b4ba08e/result'),1
GET,/api/pdf-parser/jobs/pdf-parse-6e589c25-d5fe-46ce-8e85-e0fea3c83cf9/result,HTTPError('404 Client Error: Not Found for url: /api/pdf-parser/jobs/pdf-parse-6e589c25-d5fe-46ce-8e85-e0fea3c83cf9/result'),1
GET,/api/pdf-parser/jobs/pdf-parse-a1b95c32-8ddd-48b0-b64f-9dfc1c2031fa/result,HTTPError('404 Client Error: Not Found for url: /api/pdf-parser/jobs/pdf-parse-a1b95c32-8ddd-48b0-b64f-9dfc1c2031fa/result'),1
GET,/api/pdf-parser/jobs/pdf-parse-7de1438c-90aa-4323-b5c6-cc2d98bacb2c/result,HTTPError('404 Client Error: Not Found for url: /api/pdf-parser/jobs/pdf-parse-7de1438c-90aa-4323-b5c6-cc2d98bacb2c/result'),1
GET,/api/pdf-parser/jobs/pdf-parse-ba53e4e9-4045-4acd-af09-08ade5d312ae/result,HTTPError('404 Client Error: Not Found for url: /api/pdf-parser/jobs/pdf-parse-ba53e4e9-4045-4acd-af09-08ade5d312ae/result'),4
GET,/api/pdf-parser/jobs/pdf-parse-17496400-18ed-49ea-9e4e-77d125e59fc7/result,HTTPError('404 Client Error: Not Found for url: /api/pdf-parser/jobs/pdf-parse-17496400-18ed-49ea-9e4e-77d125e59fc7/result'),2
GET,/api/pdf-parser/jobs/pdf-parse-034d000f-7b1f-4ca2-a5b8-0a7729cf9f59/result,HTTPError('404 Client Error: Not Found for url: /api/pdf-parser/jobs/pdf-parse-034d000f-7b1f-4ca2-a5b8-0a7729cf9f59/result'),2
GET,/api/pdf-parser/jobs/pdf-parse-ec923463-b6c8-416f-849e-455027d17cd5/result,HTTPError('404 Client Error: Not Found for url: /api/pdf-parser/jobs/pdf-parse-ec923463-b6c8-416f-849e-455027d17cd5/result'),1
GET,/api/pdf-parser/jobs/pdf-parse-56bace0c-3f9b-4825-94cc-a153ca66f2f3/result,HTTPError('404 Client Error: Not Found for url: /api/pdf-parser/jobs/pdf-parse-56bace0c-3f9b-4825-94cc-a153ca66f2f3/result'),1
GET,/api/pdf-parser/jobs/pdf-parse-b772d0ed-cb4c-4cad-a2d5-ccc0dd64edc5/result,HTTPError('404 Client Error: Not Found for url: /api/pdf-parser/jobs/pdf-parse-b772d0ed-cb4c-4cad-a2d5-ccc0dd64edc5/result'),1
GET,/api/pdf-parser/jobs/pdf-parse-cba96b10-1e10-498d-acf4-44752c961950/result,HTTPError('404 Client Error: Not Found for url: /api/pdf-parser/jobs/pdf-parse-cba96b10-1e10-498d-acf4-44752c961950/result'),2
GET,/api/pdf-parser/jobs/pdf-parse-c857c9b3-cab8-45c2-8ad5-1f231114f98e/result,HTTPError('404 Client Error: Not Found for url: /api/pdf-parser/jobs/pdf-parse-c857c9b3-cab8-45c2-8ad5-1f231114f98e/result'),2
GET,/api/pdf-parser/jobs/pdf-parse-bad0ac71-d7ad-4132-8a52-d23b5db70e0f/result,HTTPError('404 Client Error: Not Found for url: /api/pdf-parser/jobs/pdf-parse-bad0ac71-d7ad-4132-8a52-d23b5db70e0f/result'),2
GET,/api/pdf-parser/jobs/pdf-parse-1557917f-64f8-4809-b46f-936895386f12/result,HTTPError('404 Client Error: Not Found for url: /api/pdf-parser/jobs/pdf-parse-1557917f-64f8-4809-b46f-936895386f12/result'),2
GET,/api/pdf-parser/jobs/pdf-parse-303c4464-6728-4557-a35f-0fb81cae2468/result,HTTPError('404 Client Error: Not Found for url: /api/pdf-parser/jobs/pdf-parse-303c4464-6728-4557-a35f-0fb81cae2468/result'),1
GET,/api/pdf-parser/jobs/pdf-parse-8acb4362-ef46-4fb2-8c6d-7d06955472cf/result,HTTPError('404 Client Error: Not Found for url: /api/pdf-parser/jobs/pdf-parse-8acb4362-ef46-4fb2-8c6d-7d06955472cf/result'),1
GET,/api/pdf-parser/jobs/pdf-parse-e3bea8f1-5e94-4b03-90c5-a24166e81c35/result,HTTPError('404 Client Error: Not Found for url: /api/pdf-parser/jobs/pdf-parse-e3bea8f1-5e94-4b03-90c5-a24166e81c35/result'),2
GET,/api/pdf-parser/jobs/pdf-parse-c5610770-c995-41d9-b32d-c688a326d111/result,HTTPError('404 Client Error: Not Found for url: /api/pdf-parser/jobs/pdf-parse-c5610770-c995-41d9-b32d-c688a326d111/result'),1
GET,/api/pdf-parser/jobs/pdf-parse-b5fa0d69-6718-4ec7-904a-d8bed14bedab/result,HTTPError('404 Client Error: Not Found for url: /api/pdf-parser/jobs/pdf-parse-b5fa0d69-6718-4ec7-904a-d8bed14bedab/result'),1
GET,/api/pdf-parser/jobs/pdf-parse-efa70db6-4281-4737-8897-710e13b011a7/result,HTTPError('404 Client Error: Not Found for url: /api/pdf-parser/jobs/pdf-parse-efa70db6-4281-4737-8897-710e13b011a7/result'),1
GET,/api/pdf-parser/jobs/pdf-parse-9ee84d17-2d78-4ab5-b31f-aa65dfb92a33/result,HTTPError('404 Client Error: Not Found for url: /api/pdf-parser/jobs/pdf-parse-9ee84d17-2d78-4ab5-b31f-aa65dfb92a33/result'),2
GET,/api/pdf-parser/jobs/pdf-parse-9fe95aad-c224-4835-bbe9-f982f5e0a389/result,HTTPError('404 Client Error: Not Found for url: /api/pdf-parser/jobs/pdf-parse-9fe95aad-c224-4835-bbe9-f982f5e0a389/result'),1
GET,/api/pdf-parser/jobs/pdf-parse-533a1a1e-07e6-44b2-8752-ac19561c3311/result,HTTPError('404 Client Error: Not Found for url: /api/pdf-parser/jobs/pdf-parse-533a1a1e-07e6-44b2-8752-ac19561c3311/result'),1
GET,/api/pdf-parser/jobs/pdf-parse-ff296d07-7a11-4e17-afe8-e4cf4b0e219f/result,HTTPError('404 Client Error: Not Found for url: /api/pdf-parser/jobs/pdf-parse-ff296d07-7a11-4e17-afe8-e4cf4b0e219f/result'),2
GET,/api/pdf-parser/jobs/pdf-parse-f88f10bd-8d6e-44dd-9413-7efd2f5a00e4/result,HTTPError('404 Client Error: Not Found for url: /api/pdf-parser/jobs/pdf-parse-f88f10bd-8d6e-44dd-9413-7efd2f5a00e4/result'),1
GET,/api/pdf-parser/jobs/pdf-parse-5679e1bc-27c1-401d-902f-d3fe923e68a9/result,HTTPError('404 Client Error: Not Found for url: /api/pdf-parser/jobs/pdf-parse-5679e1bc-27c1-401d-902f-d3fe923e68a9/result'),1
GET,/api/pdf-parser/jobs/pdf-parse-164a4886-d2f1-4e5d-8ebe-eedd339c46dc/result,HTTPError('404 Client Error: Not Found for url: /api/pdf-parser/jobs/pdf-parse-164a4886-d2f1-4e5d-8ebe-eedd339c46dc/result'),2
GET,/api/pdf-parser/jobs/pdf-parse-260e8703-2e43-4c5f-bc20-5cca27280873/result,HTTPError('404 Client Error: Not Found for url: /api/pdf-parser/jobs/pdf-parse-260e8703-2e43-4c5f-bc20-5cca27280873/result'),2
GET,/api/pdf-parser/jobs/pdf-parse-fc851f59-f7ba-4b1c-b636-33fb60ca1670/result,HTTPError('404 Client Error: Not Found for url: /api/pdf-parser/jobs/pdf-parse-fc851f59-f7ba-4b1c-b636-33fb60ca1670/result'),3
GET,/api/pdf-parser/jobs/pdf-parse-b44f461e-a5b8-4c54-87bb-074018e8bc45/result,HTTPError('404 Client Error: Not Found for url: /api/pdf-parser/jobs/pdf-parse-b44f461e-a5b8-4c54-87bb-074018e8bc45/result'),1
GET,/api/pdf-parser/jobs/pdf-parse-8798b647-915e-4100-ac79-0a66c9934d65/result,HTTPError('404 Client Error: Not Found for url: /api/pdf-parser/jobs/pdf-parse-8798b647-915e-4100-ac79-0a66c9934d65/result'),1
GET,/api/pdf-parser/jobs/pdf-parse-05e1651c-121b-43f2-9154-b727a6bb9ae0/result,HTTPError('404 Client Error: Not Found for url: /api/pdf-parser/jobs/pdf-parse-05e1651c-121b-43f2-9154-b727a6bb9ae0/result'),1
GET,/api/pdf-parser/jobs/pdf-parse-6e071add-ecae-4bed-a94b-7fdca943c705/result,HTTPError('404 Client Error: Not Found for url: /api/pdf-parser/jobs/pdf-parse-6e071add-ecae-4bed-a94b-7fdca943c705/result'),1
GET,/api/pdf-parser/jobs/pdf-parse-6634634d-589b-4910-bc1f-3e5f5a0ba011/result,HTTPError('404 Client Error: Not Found for url: /api/pdf-parser/jobs/pdf-parse-6634634d-589b-4910-bc1f-3e5f5a0ba011/result'),1
GET,/api/pdf-parser/jobs/pdf-parse-83c83baa-d558-4e06-bf4d-223f30958c24/result,HTTPError('404 Client Error: Not Found for url: /api/pdf-parser/jobs/pdf-parse-83c83baa-d558-4e06-bf4d-223f30958c24/result'),1
GET,/api/pdf-parser/jobs/pdf-parse-b03f9845-ff88-44a5-b331-b477d80b76fd/result,HTTPError('404 Client Error: Not Found for url: /api/pdf-parser/jobs/pdf-parse-b03f9845-ff88-44a5-b331-b477d80b76fd/result'),2
GET,/api/pdf-parser/jobs/pdf-parse-8c297644-9b7e-45bb-ab03-3f9f0c462662/result,HTTPError('404 Client Error: Not Found for url: /api/pdf-parser/jobs/pdf-parse-8c297644-9b7e-45bb-ab03-3f9f0c462662/result'),2
GET,/api/pdf-parser/jobs/pdf-parse-eecdae22-3536-48d1-a899-e481846eed6c/result,HTTPError('404 Client Error: Not Found for url: /api/pdf-parser/jobs/pdf-parse-eecdae22-3536-48d1-a899-e481846eed6c/result'),4
GET,/api/pdf-parser/jobs/pdf-parse-1037550e-c748-4f4d-a2e8-35e01ce3b147/result,HTTPError('404 Client Error: Not Found for url: /api/pdf-parser/jobs/pdf-parse-1037550e-c748-4f4d-a2e8-35e01ce3b147/result'),2
GET,/api/pdf-parser/jobs/pdf-parse-974aae63-7ecc-43cf-abec-c8bccac5f988/result,HTTPError('404 Client Error: Not Found for url: /api/pdf-parser/jobs/pdf-parse-974aae63-7ecc-43cf-abec-c8bccac5f988/result'),1
GET,/api/pdf-parser/jobs/pdf-parse-58c43806-6cec-4fac-9e48-d8d19f963361/result,HTTPError('404 Client Error: Not Found for url: /api/pdf-parser/jobs/pdf-parse-58c43806-6cec-4fac-9e48-d8d19f963361/result'),1
GET,/api/pdf-parser/jobs/pdf-parse-b25825b0-d5e3-4c2f-9eb7-decde468a65b/result,HTTPError('404 Client Error: Not Found for url: /api/pdf-parser/jobs/pdf-parse-b25825b0-d5e3-4c2f-9eb7-decde468a65b/result'),1
GET,/api/pdf-parser/jobs/pdf-parse-27443889-a9e5-4c5f-bd1d-3f271582f3b2/result,HTTPError('404 Client Error: Not Found for url: /api/pdf-parser/jobs/pdf-parse-27443889-a9e5-4c5f-bd1d-3f271582f3b2/result'),1
GET,/api/pdf-parser/jobs/pdf-parse-87bebbee-ad78-49cf-a436-828a935ea58e/result,HTTPError('404 Client Error: Not Found for url: /api/pdf-parser/jobs/pdf-parse-87bebbee-ad78-49cf-a436-828a935ea58e/result'),1
GET,/api/pdf-parser/jobs/pdf-parse-c2f4875c-61f1-460e-9fd3-a363c8cc512c/result,HTTPError('404 Client Error: Not Found for url: /api/pdf-parser/jobs/pdf-parse-c2f4875c-61f1-460e-9fd3-a363c8cc512c/result'),1
GET,/api/pdf-parser/jobs/pdf-parse-80ad4826-49e6-446e-a19b-1c42ad3c0660/result,HTTPError('404 Client Error: Not Found for url: /api/pdf-parser/jobs/pdf-parse-80ad4826-49e6-446e-a19b-1c42ad3c0660/result'),1
GET,/api/pdf-parser/jobs/pdf-parse-fcbbb730-75c0-4a7f-baae-b59ef5315561/result,HTTPError('404 Client Error: Not Found for url: /api/pdf-parser/jobs/pdf-parse-fcbbb730-75c0-4a7f-baae-b59ef5315561/result'),1
GET,/api/pdf-parser/jobs/pdf-parse-262987d1-2ae7-43d9-a9c9-08e2918cb57b/result,HTTPError('404 Client Error: Not Found for url: /api/pdf-parser/jobs/pdf-parse-262987d1-2ae7-43d9-a9c9-08e2918cb57b/result'),2
GET,/api/pdf-parser/jobs/pdf-parse-73fe6648-6d6a-463f-bd1e-415fdfe3d137/result,HTTPError('404 Client Error: Not Found for url: /api/pdf-parser/jobs/pdf-parse-73fe6648-6d6a-463f-bd1e-415fdfe3d137/result'),1
GET,/api/pdf-parser/jobs/pdf-parse-6ac7a1fb-231d-4f07-939d-1fa7ed4fefd5/result,HTTPError('404 Client Error: Not Found for url: /api/pdf-parser/jobs/pdf-parse-6ac7a1fb-231d-4f07-939d-1fa7ed4fefd5/result'),4
GET,/api/pdf-parser/jobs/pdf-parse-f32996b3-1074-422a-8ddb-2b155b158ce9/result,HTTPError('404 Client Error: Not Found for url: /api/pdf-parser/jobs/pdf-parse-f32996b3-1074-422a-8ddb-2b155b158ce9/result'),1
GET,/api/pdf-parser/jobs/pdf-parse-6b76814f-1309-41e6-a355-04e71ec07264/result,HTTPError('404 Client Error: Not Found for url: /api/pdf-parser/jobs/pdf-parse-6b76814f-1309-41e6-a355-04e71ec07264/result'),2
GET,/api/pdf-parser/jobs/pdf-parse-e4273e92-d5fc-40c9-b6c2-26ef7846dfeb/result,HTTPError('404 Client Error: Not Found for url: /api/pdf-parser/jobs/pdf-parse-e4273e92-d5fc-40c9-b6c2-26ef7846dfeb/result'),1
GET,/api/pdf-parser/jobs/pdf-parse-bebda12c-0817-4e9d-957a-dfb2a90b1f10/result,HTTPError('404 Client Error: Not Found for url: /api/pdf-parser/jobs/pdf-parse-bebda12c-0817-4e9d-957a-dfb2a90b1f10/result'),1
GET,/api/pdf-parser/jobs/pdf-parse-29a8c11d-5378-45f3-b89b-8ad7dfede9cc/result,HTTPError('404 Client Error: Not Found for url: /api/pdf-parser/jobs/pdf-parse-29a8c11d-5378-45f3-b89b-8ad7dfede9cc/result'),1
GET,/api/pdf-parser/jobs/pdf-parse-0e1ac3c6-cd32-4246-ad9a-9f0eebf05960/result,HTTPError('404 Client Error: Not Found for url: /api/pdf-parser/jobs/pdf-parse-0e1ac3c6-cd32-4246-ad9a-9f0eebf05960/result'),1
GET,/api/pdf-parser/jobs/pdf-parse-30fa92a6-39cf-46e4-90e6-df54d0bdbf95/result,HTTPError('404 Client Error: Not Found for url: /api/pdf-parser/jobs/pdf-parse-30fa92a6-39cf-46e4-90e6-df54d0bdbf95/result'),1
GET,/api/pdf-parser/jobs/pdf-parse-1170e872-15ad-4dd5-b988-9d9041d73386/result,HTTPError('404 Client Error: Not Found for url: /api/pdf-parser/jobs/pdf-parse-1170e872-15ad-4dd5-b988-9d9041d73386/result'),1
GET,/api/pdf-parser/jobs/pdf-parse-c8c2b4ad-97ae-41e8-abc4-ed940ca15b50/result,HTTPError('404 Client Error: Not Found for url: /api/pdf-parser/jobs/pdf-parse-c8c2b4ad-97ae-41e8-abc4-ed940ca15b50/result'),1
GET,/api/pdf-parser/jobs/pdf-parse-a1e5be6a-2754-4071-8601-3446075d5f26/result,HTTPError('404 Client Error: Not Found for url: /api/pdf-parser/jobs/pdf-parse-a1e5be6a-2754-4071-8601-3446075d5f26/result'),1
GET,/api/pdf-parser/jobs/pdf-parse-cf6d2e1f-decc-4ae8-896f-b691c5bd96c6/result,HTTPError('404 Client Error: Not Found for url: /api/pdf-parser/jobs/pdf-parse-cf6d2e1f-decc-4ae8-896f-b691c5bd96c6/result'),2
GET,/api/pdf-parser/jobs/pdf-parse-b1a99a56-129e-4109-904d-0dd3267d1ab1/result,HTTPError('404 Client Error: Not Found for url: /api/pdf-parser/jobs/pdf-parse-b1a99a56-129e-4109-904d-0dd3267d1ab1/result'),1
GET,/api/pdf-parser/jobs/pdf-parse-a725af11-2375-40bf-a2f7-949064c96f2f/result,HTTPError('404 Client Error: Not Found for url: /api/pdf-parser/jobs/pdf-parse-a725af11-2375-40bf-a2f7-949064c96f2f/result'),3
GET,/api/pdf-parser/jobs/pdf-parse-57c0cf55-7074-4d51-90bf-66f00888728d/result,HTTPError('404 Client Error: Not Found for url: /api/pdf-parser/jobs/pdf-parse-57c0cf55-7074-4d51-90bf-66f00888728d/result'),1
GET,/api/pdf-parser/jobs/pdf-parse-5d8d47b3-53ba-4926-a54d-50150c420337/result,HTTPError('404 Client Error: Not Found for url: /api/pdf-parser/jobs/pdf-parse-5d8d47b3-53ba-4926-a54d-50150c420337/result'),1
GET,/api/pdf-parser/jobs/pdf-parse-e9aa58dd-29e2-451e-9657-7bbff16da326/result,HTTPError('404 Client Error: Not Found for url: /api/pdf-parser/jobs/pdf-parse-e9aa58dd-29e2-451e-9657-7bbff16da326/result'),5
GET,/api/pdf-parser/jobs/pdf-parse-bb78aa0e-6167-47c0-9b50-33b4610adb3d/result,HTTPError('404 Client Error: Not Found for url: /api/pdf-parser/jobs/pdf-parse-bb78aa0e-6167-47c0-9b50-33b4610adb3d/result'),2
POST,/api/solver/jobs,"CatchResponseError('Solver rejected: {""message"":[""each value in eventIds must be a UUID""],""error"":""Bad Request"",""statusCode"":400}')",2357
GET,/api/pdf-parser/jobs/pdf-parse-568ff5b4-0ebd-46a8-82bc-cf6dc9877b62/result,HTTPError('404 Client Error: Not Found for url: /api/pdf-parser/jobs/pdf-parse-568ff5b4-0ebd-46a8-82bc-cf6dc9877b62/result'),2
GET,/api/pdf-parser/jobs/pdf-parse-9ce41568-e96a-45d3-97de-1293be52ca1f/result,HTTPError('404 Client Error: Not Found for url: /api/pdf-parser/jobs/pdf-parse-9ce41568-e96a-45d3-97de-1293be52ca1f/result'),1
GET,/api/pdf-parser/jobs/pdf-parse-21213948-57dc-4329-9360-aef6d689b25e/result,HTTPError('404 Client Error: Not Found for url: /api/pdf-parser/jobs/pdf-parse-21213948-57dc-4329-9360-aef6d689b25e/result'),3
GET,/api/pdf-parser/jobs/pdf-parse-2007d955-ce35-4c0a-afcf-ae5f44f92388/result,HTTPError('404 Client Error: Not Found for url: /api/pdf-parser/jobs/pdf-parse-2007d955-ce35-4c0a-afcf-ae5f44f92388/result'),1
GET,/api/pdf-parser/jobs/pdf-parse-788995e3-4dc6-46de-a2bb-b459e5f80eef/result,HTTPError('404 Client Error: Not Found for url: /api/pdf-parser/jobs/pdf-parse-788995e3-4dc6-46de-a2bb-b459e5f80eef/result'),1
GET,/api/pdf-parser/jobs/pdf-parse-3708b03b-b947-49e5-bb17-adb29bf90405/result,HTTPError('404 Client Error: Not Found for url: /api/pdf-parser/jobs/pdf-parse-3708b03b-b947-49e5-bb17-adb29bf90405/result'),1
GET,/api/pdf-parser/jobs/pdf-parse-5100fe71-2795-44a9-9c88-4dc3548dce3f/result,HTTPError('404 Client Error: Not Found for url: /api/pdf-parser/jobs/pdf-parse-5100fe71-2795-44a9-9c88-4dc3548dce3f/result'),1
GET,/api/pdf-parser/jobs/pdf-parse-8a0a2d75-be6b-40f7-bc8d-972f5e5b5fa3/result,HTTPError('404 Client Error: Not Found for url: /api/pdf-parser/jobs/pdf-parse-8a0a2d75-be6b-40f7-bc8d-972f5e5b5fa3/result'),1
GET,/api/pdf-parser/jobs/pdf-parse-d04fde39-4782-4047-b39c-7afa7da4d729/result,HTTPError('404 Client Error: Not Found for url: /api/pdf-parser/jobs/pdf-parse-d04fde39-4782-4047-b39c-7afa7da4d729/result'),2
GET,/api/pdf-parser/jobs/pdf-parse-eeb5e8fc-3c89-408f-8bfe-e6e8ba20dc1e/result,HTTPError('404 Client Error: Not Found for url: /api/pdf-parser/jobs/pdf-parse-eeb5e8fc-3c89-408f-8bfe-e6e8ba20dc1e/result'),1
GET,/api/pdf-parser/jobs/pdf-parse-4efd52ed-3bde-4fad-973c-27d19fb63a9f/result,HTTPError('404 Client Error: Not Found for url: /api/pdf-parser/jobs/pdf-parse-4efd52ed-3bde-4fad-973c-27d19fb63a9f/result'),1
GET,/api/pdf-parser/jobs/pdf-parse-fa0d3456-5a7c-4404-9d03-edf877374f53/result,HTTPError('404 Client Error: Not Found for url: /api/pdf-parser/jobs/pdf-parse-fa0d3456-5a7c-4404-9d03-edf877374f53/result'),2
GET,/api/pdf-parser/jobs/pdf-parse-aad9d524-5eec-4a04-a946-a4b79c975fc7/result,HTTPError('404 Client Error: Not Found for url: /api/pdf-parser/jobs/pdf-parse-aad9d524-5eec-4a04-a946-a4b79c975fc7/result'),1
GET,/api/pdf-parser/jobs/pdf-parse-92c83317-7d47-4128-a400-7167f981cc1a/result,HTTPError('404 Client Error: Not Found for url: /api/pdf-parser/jobs/pdf-parse-92c83317-7d47-4128-a400-7167f981cc1a/result'),1
GET,/api/pdf-parser/jobs/pdf-parse-0013eaa5-cbdf-4dd5-829a-1615c8c87e73/result,HTTPError('404 Client Error: Not Found for url: /api/pdf-parser/jobs/pdf-parse-0013eaa5-cbdf-4dd5-829a-1615c8c87e73/result'),1
GET,/api/pdf-parser/jobs/pdf-parse-5b5e52f5-4b3d-48f6-a860-b26ac3c46573/result,HTTPError('404 Client Error: Not Found for url: /api/pdf-parser/jobs/pdf-parse-5b5e52f5-4b3d-48f6-a860-b26ac3c46573/result'),3
GET,/api/pdf-parser/jobs/pdf-parse-ac92562a-0120-4817-8b59-f54bbe20e492/result,HTTPError('404 Client Error: Not Found for url: /api/pdf-parser/jobs/pdf-parse-ac92562a-0120-4817-8b59-f54bbe20e492/result'),1
GET,/api/pdf-parser/jobs/pdf-parse-dd02a614-4d53-4db0-9a5c-31ee9b36fc07/result,HTTPError('404 Client Error: Not Found for url: /api/pdf-parser/jobs/pdf-parse-dd02a614-4d53-4db0-9a5c-31ee9b36fc07/result'),3
GET,/api/pdf-parser/jobs/pdf-parse-2ed23050-207b-46d5-a130-44180256c6d9/result,HTTPError('404 Client Error: Not Found for url: /api/pdf-parser/jobs/pdf-parse-2ed23050-207b-46d5-a130-44180256c6d9/result'),2
GET,/api/pdf-parser/jobs/pdf-parse-7e5dcaff-a944-4e0a-9c44-f1a23c4d15e3/result,HTTPError('404 Client Error: Not Found for url: /api/pdf-parser/jobs/pdf-parse-7e5dcaff-a944-4e0a-9c44-f1a23c4d15e3/result'),4
GET,/api/pdf-parser/jobs/pdf-parse-8ab160ea-2eef-46bc-9ff5-6a6aabaa04bf/result,HTTPError('404 Client Error: Not Found for url: /api/pdf-parser/jobs/pdf-parse-8ab160ea-2eef-46bc-9ff5-6a6aabaa04bf/result'),1
GET,/api/pdf-parser/jobs/pdf-parse-caaac52e-c2fd-4b35-935f-b8bf0fa703fb/result,HTTPError('404 Client Error: Not Found for url: /api/pdf-parser/jobs/pdf-parse-caaac52e-c2fd-4b35-935f-b8bf0fa703fb/result'),1
GET,/api/pdf-parser/jobs/pdf-parse-ca19f038-82a9-4a0d-8109-f79a0b576b98/result,HTTPError('404 Client Error: Not Found for url: /api/pdf-parser/jobs/pdf-parse-ca19f038-82a9-4a0d-8109-f79a0b576b98/result'),2
GET,/api/pdf-parser/jobs/pdf-parse-c0304bc6-d14d-47c1-a7df-dec73b0da2ff/result,HTTPError('404 Client Error: Not Found for url: /api/pdf-parser/jobs/pdf-parse-c0304bc6-d14d-47c1-a7df-dec73b0da2ff/result'),1
GET,/api/pdf-parser/jobs/pdf-parse-27d3ee2b-8bdd-4c0f-aae6-3713b75a2d1c/result,HTTPError('404 Client Error: Not Found for url: /api/pdf-parser/jobs/pdf-parse-27d3ee2b-8bdd-4c0f-aae6-3713b75a2d1c/result'),3
GET,/api/pdf-parser/jobs/pdf-parse-7991dbaa-072d-437c-9cc6-703a6293c527/result,HTTPError('404 Client Error: Not Found for url: /api/pdf-parser/jobs/pdf-parse-7991dbaa-072d-437c-9cc6-703a6293c527/result'),3
GET,/api/pdf-parser/jobs/pdf-parse-3622575e-2344-4d5f-9bbc-66c47c22d7f5/result,HTTPError('404 Client Error: Not Found for url: /api/pdf-parser/jobs/pdf-parse-3622575e-2344-4d5f-9bbc-66c47c22d7f5/result'),1
GET,/api/pdf-parser/jobs/pdf-parse-ed560512-90b5-4797-a32f-8195f891a3e2/result,HTTPError('404 Client Error: Not Found for url: /api/pdf-parser/jobs/pdf-parse-ed560512-90b5-4797-a32f-8195f891a3e2/result'),1
GET,/api/pdf-parser/jobs/pdf-parse-71c6e7db-e95f-4477-ad86-9d2290b061b3/result,HTTPError('404 Client Error: Not Found for url: /api/pdf-parser/jobs/pdf-parse-71c6e7db-e95f-4477-ad86-9d2290b061b3/result'),2
GET,/api/pdf-parser/jobs/pdf-parse-55e6c429-ccbc-4760-8d8e-fd1eae53aa92/result,HTTPError('404 Client Error: Not Found for url: /api/pdf-parser/jobs/pdf-parse-55e6c429-ccbc-4760-8d8e-fd1eae53aa92/result'),3
GET,/api/pdf-parser/jobs/pdf-parse-d106204d-e508-4394-8643-eef64ec7732e/result,HTTPError('404 Client Error: Not Found for url: /api/pdf-parser/jobs/pdf-parse-d106204d-e508-4394-8643-eef64ec7732e/result'),1
GET,/api/pdf-parser/jobs/pdf-parse-a32b7998-ae62-448b-89d0-576bcb688e68/result,HTTPError('404 Client Error: Not Found for url: /api/pdf-parser/jobs/pdf-parse-a32b7998-ae62-448b-89d0-576bcb688e68/result'),2
GET,/api/pdf-parser/jobs/pdf-parse-1e68a4a5-ea77-46a8-ac7f-e81615a4632e/result,HTTPError('404 Client Error: Not Found for url: /api/pdf-parser/jobs/pdf-parse-1e68a4a5-ea77-46a8-ac7f-e81615a4632e/result'),1
GET,/api/pdf-parser/jobs/pdf-parse-a34258d9-910e-45cf-a730-afb5942a780e/result,HTTPError('404 Client Error: Not Found for url: /api/pdf-parser/jobs/pdf-parse-a34258d9-910e-45cf-a730-afb5942a780e/result'),1
GET,/api/pdf-parser/jobs/pdf-parse-395803e5-5d2f-4b12-9fbb-cb22b07cc573/result,HTTPError('404 Client Error: Not Found for url: /api/pdf-parser/jobs/pdf-parse-395803e5-5d2f-4b12-9fbb-cb22b07cc573/result'),3
GET,/api/pdf-parser/jobs/pdf-parse-b5503f40-8590-4f69-a44a-7d4c05cf2e08/result,HTTPError('404 Client Error: Not Found for url: /api/pdf-parser/jobs/pdf-parse-b5503f40-8590-4f69-a44a-7d4c05cf2e08/result'),1
GET,/api/pdf-parser/jobs/pdf-parse-0ead5034-be6f-45f7-8c1e-4e327464be8c/result,HTTPError('404 Client Error: Not Found for url: /api/pdf-parser/jobs/pdf-parse-0ead5034-be6f-45f7-8c1e-4e327464be8c/result'),1
GET,/api/pdf-parser/jobs/pdf-parse-75c48960-2844-4390-90f0-150ed14adcec/result,HTTPError('404 Client Error: Not Found for url: /api/pdf-parser/jobs/pdf-parse-75c48960-2844-4390-90f0-150ed14adcec/result'),2
GET,/api/pdf-parser/jobs/pdf-parse-7780a825-49d3-49b1-baac-3831c254b707/result,HTTPError('404 Client Error: Not Found for url: /api/pdf-parser/jobs/pdf-parse-7780a825-49d3-49b1-baac-3831c254b707/result'),1
GET,/api/pdf-parser/jobs/pdf-parse-1f4750b0-db5f-45d9-a254-b82347d9fca5/result,HTTPError('404 Client Error: Not Found for url: /api/pdf-parser/jobs/pdf-parse-1f4750b0-db5f-45d9-a254-b82347d9fca5/result'),1
GET,/api/pdf-parser/jobs/pdf-parse-f3d17a8f-0489-43c6-9d05-bc9bea09dcd3/result,HTTPError('404 Client Error: Not Found for url: /api/pdf-parser/jobs/pdf-parse-f3d17a8f-0489-43c6-9d05-bc9bea09dcd3/result'),1
GET,/api/pdf-parser/jobs/pdf-parse-21a15005-20cd-4d01-ba02-2e0c99dd6bae/result,HTTPError('404 Client Error: Not Found for url: /api/pdf-parser/jobs/pdf-parse-21a15005-20cd-4d01-ba02-2e0c99dd6bae/result'),2
GET,/api/pdf-parser/jobs/pdf-parse-3fbcf183-a7b8-4b6c-8296-4e76af3880aa/result,HTTPError('404 Client Error: Not Found for url: /api/pdf-parser/jobs/pdf-parse-3fbcf183-a7b8-4b6c-8296-4e76af3880aa/result'),1
GET,/api/pdf-parser/jobs/pdf-parse-525fd3de-d1d8-4f26-b81f-0e6d210c1e84/result,HTTPError('404 Client Error: Not Found for url: /api/pdf-parser/jobs/pdf-parse-525fd3de-d1d8-4f26-b81f-0e6d210c1e84/result'),2
GET,/api/pdf-parser/jobs/pdf-parse-be413fe5-2a78-4510-a52f-2220a4e223dc/result,HTTPError('404 Client Error: Not Found for url: /api/pdf-parser/jobs/pdf-parse-be413fe5-2a78-4510-a52f-2220a4e223dc/result'),2
GET,/api/pdf-parser/jobs/pdf-parse-fd4254d6-ad00-491a-ad97-f7064e5479d0/result,HTTPError('404 Client Error: Not Found for url: /api/pdf-parser/jobs/pdf-parse-fd4254d6-ad00-491a-ad97-f7064e5479d0/result'),1
GET,/api/pdf-parser/jobs/pdf-parse-8938a098-917a-4380-bfd4-278411f098f0/result,HTTPError('404 Client Error: Not Found for url: /api/pdf-parser/jobs/pdf-parse-8938a098-917a-4380-bfd4-278411f098f0/result'),2
GET,/api/pdf-parser/jobs/pdf-parse-fa8c5b80-c0e4-44c9-a295-bf5d513af8f5/result,HTTPError('404 Client Error: Not Found for url: /api/pdf-parser/jobs/pdf-parse-fa8c5b80-c0e4-44c9-a295-bf5d513af8f5/result'),2
GET,/api/pdf-parser/jobs/pdf-parse-3510a763-2e53-4922-a56b-54589ba281c6/result,HTTPError('404 Client Error: Not Found for url: /api/pdf-parser/jobs/pdf-parse-3510a763-2e53-4922-a56b-54589ba281c6/result'),1
GET,/api/pdf-parser/jobs/pdf-parse-90b9a59f-95fb-4485-8f25-03935ea2645a/result,HTTPError('404 Client Error: Not Found for url: /api/pdf-parser/jobs/pdf-parse-90b9a59f-95fb-4485-8f25-03935ea2645a/result'),1
GET,/api/pdf-parser/jobs/pdf-parse-89ea8992-516e-44b2-96ce-f3bd38866586/result,HTTPError('404 Client Error: Not Found for url: /api/pdf-parser/jobs/pdf-parse-89ea8992-516e-44b2-96ce-f3bd38866586/result'),2
GET,/api/pdf-parser/jobs/pdf-parse-b2d16f88-9648-4f8b-8e8f-3080e10794fe/result,HTTPError('404 Client Error: Not Found for url: /api/pdf-parser/jobs/pdf-parse-b2d16f88-9648-4f8b-8e8f-3080e10794fe/result'),1
GET,/api/pdf-parser/jobs/pdf-parse-07c64085-7840-4a18-805b-0cc56ad08858/result,HTTPError('404 Client Error: Not Found for url: /api/pdf-parser/jobs/pdf-parse-07c64085-7840-4a18-805b-0cc56ad08858/result'),2
GET,/api/pdf-parser/jobs/pdf-parse-58eeed1f-b6a9-48ce-9530-8fd67ba1df5c/result,HTTPError('404 Client Error: Not Found for url: /api/pdf-parser/jobs/pdf-parse-58eeed1f-b6a9-48ce-9530-8fd67ba1df5c/result'),2
GET,/api/pdf-parser/jobs/pdf-parse-8e5199ad-682a-470a-95a7-33aa52d80a62/result,HTTPError('404 Client Error: Not Found for url: /api/pdf-parser/jobs/pdf-parse-8e5199ad-682a-470a-95a7-33aa52d80a62/result'),1
GET,/api/pdf-parser/jobs/pdf-parse-1b3a9e4c-954a-48d1-bee0-827de80dfd5d/result,HTTPError('404 Client Error: Not Found for url: /api/pdf-parser/jobs/pdf-parse-1b3a9e4c-954a-48d1-bee0-827de80dfd5d/result'),1
GET,/api/pdf-parser/jobs/pdf-parse-04b3277c-83c4-4555-b39a-68aa2549d076/result,HTTPError('404 Client Error: Not Found for url: /api/pdf-parser/jobs/pdf-parse-04b3277c-83c4-4555-b39a-68aa2549d076/result'),1
GET,/api/pdf-parser/jobs/pdf-parse-a97b7cb8-893b-463f-b738-409d6529d04f/result,HTTPError('404 Client Error: Not Found for url: /api/pdf-parser/jobs/pdf-parse-a97b7cb8-893b-463f-b738-409d6529d04f/result'),1
GET,/api/pdf-parser/jobs/pdf-parse-2b49c686-0f43-4764-b16c-3fc63aa9e8f1/result,HTTPError('404 Client Error: Not Found for url: /api/pdf-parser/jobs/pdf-parse-2b49c686-0f43-4764-b16c-3fc63aa9e8f1/result'),1
GET,/api/pdf-parser/jobs/pdf-parse-e140cf54-83c4-4114-aa88-50062d524644/result,HTTPError('404 Client Error: Not Found for url: /api/pdf-parser/jobs/pdf-parse-e140cf54-83c4-4114-aa88-50062d524644/result'),2
GET,/api/pdf-parser/jobs/pdf-parse-e5e8edab-a0ee-4833-8a13-15b24ba7ffa4/result,HTTPError('404 Client Error: Not Found for url: /api/pdf-parser/jobs/pdf-parse-e5e8edab-a0ee-4833-8a13-15b24ba7ffa4/result'),3
GET,/api/pdf-parser/jobs/pdf-parse-0a9fd7ac-e268-47ca-9d19-55f4624d0100/result,HTTPError('404 Client Error: Not Found for url: /api/pdf-parser/jobs/pdf-parse-0a9fd7ac-e268-47ca-9d19-55f4624d0100/result'),2
GET,/api/pdf-parser/jobs/pdf-parse-fac53105-60e2-474e-8ea2-90a4c6827c4e/result,HTTPError('404 Client Error: Not Found for url: /api/pdf-parser/jobs/pdf-parse-fac53105-60e2-474e-8ea2-90a4c6827c4e/result'),2
GET,/api/pdf-parser/jobs/pdf-parse-583fb050-9517-477b-b892-5a5c8f56309f/result,HTTPError('404 Client Error: Not Found for url: /api/pdf-parser/jobs/pdf-parse-583fb050-9517-477b-b892-5a5c8f56309f/result'),1
GET,/api/pdf-parser/jobs/pdf-parse-0d9470e9-b8cb-4425-8617-1756bf6830bb/result,HTTPError('404 Client Error: Not Found for url: /api/pdf-parser/jobs/pdf-parse-0d9470e9-b8cb-4425-8617-1756bf6830bb/result'),7
GET,/api/pdf-parser/jobs/pdf-parse-b4f03764-25d5-4a4f-8fd3-41a09e97ebe6/result,HTTPError('404 Client Error: Not Found for url: /api/pdf-parser/jobs/pdf-parse-b4f03764-25d5-4a4f-8fd3-41a09e97ebe6/result'),2
GET,/api/pdf-parser/jobs/pdf-parse-f3a8b59a-94a5-4ded-b223-f675e596f782/result,HTTPError('404 Client Error: Not Found for url: /api/pdf-parser/jobs/pdf-parse-f3a8b59a-94a5-4ded-b223-f675e596f782/result'),1
GET,/api/pdf-parser/jobs/pdf-parse-26a71cd8-a634-43f1-9931-84dc89fa48ea/result,HTTPError('404 Client Error: Not Found for url: /api/pdf-parser/jobs/pdf-parse-26a71cd8-a634-43f1-9931-84dc89fa48ea/result'),1
GET,/api/pdf-parser/jobs/pdf-parse-62e44bc8-f911-4ff5-9ef3-44de35e3d544/result,HTTPError('404 Client Error: Not Found for url: /api/pdf-parser/jobs/pdf-parse-62e44bc8-f911-4ff5-9ef3-44de35e3d544/result'),2
GET,/api/pdf-parser/jobs/pdf-parse-7cbfeded-5aed-4295-bdc4-7c2dd9d35719/result,HTTPError('404 Client Error: Not Found for url: /api/pdf-parser/jobs/pdf-parse-7cbfeded-5aed-4295-bdc4-7c2dd9d35719/result'),1
GET,/api/pdf-parser/jobs/pdf-parse-c589d611-3825-4649-8657-f668104b715c/result,HTTPError('404 Client Error: Not Found for url: /api/pdf-parser/jobs/pdf-parse-c589d611-3825-4649-8657-f668104b715c/result'),2
GET,/api/pdf-parser/jobs/pdf-parse-6901083a-8df1-4e53-8836-0baea62429c3/result,HTTPError('404 Client Error: Not Found for url: /api/pdf-parser/jobs/pdf-parse-6901083a-8df1-4e53-8836-0baea62429c3/result'),5
GET,/api/pdf-parser/jobs/pdf-parse-7273a873-b671-43e4-b6a8-fa7eaf662607/result,HTTPError('404 Client Error: Not Found for url: /api/pdf-parser/jobs/pdf-parse-7273a873-b671-43e4-b6a8-fa7eaf662607/result'),1
GET,/api/pdf-parser/jobs/pdf-parse-d04ca5ca-2087-4e15-ba60-ef498eb76a8e/result,HTTPError('404 Client Error: Not Found for url: /api/pdf-parser/jobs/pdf-parse-d04ca5ca-2087-4e15-ba60-ef498eb76a8e/result'),4
GET,/api/pdf-parser/jobs/pdf-parse-5e45c749-2232-4109-a996-4aedc0c23cc7/result,HTTPError('404 Client Error: Not Found for url: /api/pdf-parser/jobs/pdf-parse-5e45c749-2232-4109-a996-4aedc0c23cc7/result'),2
GET,/api/pdf-parser/jobs/pdf-parse-12e4611a-d116-4275-9782-f44b3382d2fd/result,HTTPError('404 Client Error: Not Found for url: /api/pdf-parser/jobs/pdf-parse-12e4611a-d116-4275-9782-f44b3382d2fd/result'),1
GET,/api/pdf-parser/jobs/pdf-parse-be044ad3-a61c-420c-9cf3-9a73b9c8361d/result,HTTPError('404 Client Error: Not Found for url: /api/pdf-parser/jobs/pdf-parse-be044ad3-a61c-420c-9cf3-9a73b9c8361d/result'),1
GET,/api/pdf-parser/jobs/pdf-parse-6a73ef50-1e19-439f-9e34-5fb0bde5c981/result,HTTPError('404 Client Error: Not Found for url: /api/pdf-parser/jobs/pdf-parse-6a73ef50-1e19-439f-9e34-5fb0bde5c981/result'),2
GET,/api/pdf-parser/jobs/pdf-parse-9c53d5bd-5849-4bb6-9fee-7245d8c6019f/result,HTTPError('404 Client Error: Not Found for url: /api/pdf-parser/jobs/pdf-parse-9c53d5bd-5849-4bb6-9fee-7245d8c6019f/result'),2
GET,/api/pdf-parser/jobs/pdf-parse-ccfe4dbb-3f33-4fb6-aca1-898bbbd80f31/result,HTTPError('404 Client Error: Not Found for url: /api/pdf-parser/jobs/pdf-parse-ccfe4dbb-3f33-4fb6-aca1-898bbbd80f31/result'),3
GET,/api/pdf-parser/jobs/pdf-parse-3eddd8f7-b50f-4672-bf27-bb6da92bab66/result,HTTPError('404 Client Error: Not Found for url: /api/pdf-parser/jobs/pdf-parse-3eddd8f7-b50f-4672-bf27-bb6da92bab66/result'),5
GET,/api/pdf-parser/jobs/pdf-parse-e48479c5-bfd6-442f-b378-75a1f6a0382f/result,HTTPError('404 Client Error: Not Found for url: /api/pdf-parser/jobs/pdf-parse-e48479c5-bfd6-442f-b378-75a1f6a0382f/result'),2
GET,/api/pdf-parser/jobs/pdf-parse-999fb88b-b767-4498-81c1-fffda2e706ad/result,HTTPError('404 Client Error: Not Found for url: /api/pdf-parser/jobs/pdf-parse-999fb88b-b767-4498-81c1-fffda2e706ad/result'),1
GET,/api/pdf-parser/jobs/pdf-parse-b5cb3688-d65a-4874-b344-6f9a2161efae/result,HTTPError('404 Client Error: Not Found for url: /api/pdf-parser/jobs/pdf-parse-b5cb3688-d65a-4874-b344-6f9a2161efae/result'),1
GET,/api/pdf-parser/jobs/pdf-parse-16437acd-d1d2-4099-bfb5-0d6a0ccbff3f/result,HTTPError('404 Client Error: Not Found for url: /api/pdf-parser/jobs/pdf-parse-16437acd-d1d2-4099-bfb5-0d6a0ccbff3f/result'),2
GET,/api/pdf-parser/jobs/pdf-parse-bcc13977-fbca-422f-93b2-bf001d93f8e0/result,HTTPError('404 Client Error: Not Found for url: /api/pdf-parser/jobs/pdf-parse-bcc13977-fbca-422f-93b2-bf001d93f8e0/result'),1
GET,/api/pdf-parser/jobs/pdf-parse-65917674-e342-4a0a-b58c-d506183d8156/result,HTTPError('404 Client Error: Not Found for url: /api/pdf-parser/jobs/pdf-parse-65917674-e342-4a0a-b58c-d506183d8156/result'),1
GET,/api/pdf-parser/jobs/pdf-parse-c98d2ea2-cc8c-4b53-a4f5-982caa341d8d/result,HTTPError('404 Client Error: Not Found for url: /api/pdf-parser/jobs/pdf-parse-c98d2ea2-cc8c-4b53-a4f5-982caa341d8d/result'),2
GET,/api/pdf-parser/jobs/pdf-parse-99a2c1d9-a13e-4b9f-b0ab-4a6d15556df1/result,HTTPError('404 Client Error: Not Found for url: /api/pdf-parser/jobs/pdf-parse-99a2c1d9-a13e-4b9f-b0ab-4a6d15556df1/result'),3
GET,/api/pdf-parser/jobs/pdf-parse-d2f38072-ebc1-4b2d-9279-30daef7a16ab/result,HTTPError('404 Client Error: Not Found for url: /api/pdf-parser/jobs/pdf-parse-d2f38072-ebc1-4b2d-9279-30daef7a16ab/result'),1
GET,/api/pdf-parser/jobs/pdf-parse-bbca9e3b-0b36-444a-90bd-f635d79307d0/result,HTTPError('404 Client Error: Not Found for url: /api/pdf-parser/jobs/pdf-parse-bbca9e3b-0b36-444a-90bd-f635d79307d0/result'),1
GET,/api/pdf-parser/jobs/pdf-parse-11944160-78b7-4a3d-99b6-f56c9cb3de4e/result,HTTPError('404 Client Error: Not Found for url: /api/pdf-parser/jobs/pdf-parse-11944160-78b7-4a3d-99b6-f56c9cb3de4e/result'),1
GET,/api/pdf-parser/jobs/pdf-parse-236f7d76-6bda-493a-9713-9bc1e9bd57d7/result,HTTPError('404 Client Error: Not Found for url: /api/pdf-parser/jobs/pdf-parse-236f7d76-6bda-493a-9713-9bc1e9bd57d7/result'),1
GET,/api/pdf-parser/jobs/pdf-parse-d19eb26c-5a31-41f4-9d94-87548907d9d0/result,HTTPError('404 Client Error: Not Found for url: /api/pdf-parser/jobs/pdf-parse-d19eb26c-5a31-41f4-9d94-87548907d9d0/result'),1
GET,/api/pdf-parser/jobs/pdf-parse-c0cb03c0-50f3-461e-a57a-649b2c37a1d5/result,HTTPError('404 Client Error: Not Found for url: /api/pdf-parser/jobs/pdf-parse-c0cb03c0-50f3-461e-a57a-649b2c37a1d5/result'),1
GET,/api/pdf-parser/jobs/pdf-parse-a7e35f68-fb07-4856-b4b8-1f3596740b78/result,HTTPError('404 Client Error: Not Found for url: /api/pdf-parser/jobs/pdf-parse-a7e35f68-fb07-4856-b4b8-1f3596740b78/result'),1
GET,/api/pdf-parser/jobs/pdf-parse-e35a4d91-45cc-44d4-92f7-3d5d62af1d0a/result,HTTPError('404 Client Error: Not Found for url: /api/pdf-parser/jobs/pdf-parse-e35a4d91-45cc-44d4-92f7-3d5d62af1d0a/result'),2
GET,/api/pdf-parser/jobs/pdf-parse-8ab07d9e-5127-4a6c-b815-88d8ef194fd3/result,HTTPError('404 Client Error: Not Found for url: /api/pdf-parser/jobs/pdf-parse-8ab07d9e-5127-4a6c-b815-88d8ef194fd3/result'),1
GET,/api/pdf-parser/jobs/pdf-parse-cbd57d9c-aaf0-4012-9f02-b57bcfa594ad/result,HTTPError('404 Client Error: Not Found for url: /api/pdf-parser/jobs/pdf-parse-cbd57d9c-aaf0-4012-9f02-b57bcfa594ad/result'),1
GET,/api/pdf-parser/jobs/pdf-parse-4bd6020a-d68d-44a3-8728-3b14e0c90435/result,HTTPError('404 Client Error: Not Found for url: /api/pdf-parser/jobs/pdf-parse-4bd6020a-d68d-44a3-8728-3b14e0c90435/result'),2
GET,/api/pdf-parser/jobs/pdf-parse-bd57d935-df7d-4fdc-8fc2-b1486aeb7a40/result,HTTPError('404 Client Error: Not Found for url: /api/pdf-parser/jobs/pdf-parse-bd57d935-df7d-4fdc-8fc2-b1486aeb7a40/result'),2
GET,/api/pdf-parser/jobs/pdf-parse-a8c61a4a-69eb-41fb-ac89-725d7fcc0d08/result,HTTPError('404 Client Error: Not Found for url: /api/pdf-parser/jobs/pdf-parse-a8c61a4a-69eb-41fb-ac89-725d7fcc0d08/result'),2
GET,/api/pdf-parser/jobs/pdf-parse-231d3791-df06-4d1d-a11e-dd245e06779f/result,HTTPError('404 Client Error: Not Found for url: /api/pdf-parser/jobs/pdf-parse-231d3791-df06-4d1d-a11e-dd245e06779f/result'),1
GET,/api/pdf-parser/jobs/pdf-parse-fc9db3c6-0034-4cd5-888d-fba5979f6357/result,HTTPError('404 Client Error: Not Found for url: /api/pdf-parser/jobs/pdf-parse-fc9db3c6-0034-4cd5-888d-fba5979f6357/result'),3
GET,/api/pdf-parser/jobs/pdf-parse-25d755e2-eb07-418a-ae0c-73d643334f09/result,HTTPError('404 Client Error: Not Found for url: /api/pdf-parser/jobs/pdf-parse-25d755e2-eb07-418a-ae0c-73d643334f09/result'),3
GET,/api/pdf-parser/jobs/pdf-parse-1e82e9ae-5f5f-426f-9c42-2cb194e02c16/result,HTTPError('404 Client Error: Not Found for url: /api/pdf-parser/jobs/pdf-parse-1e82e9ae-5f5f-426f-9c42-2cb194e02c16/result'),1
GET,/api/pdf-parser/jobs/pdf-parse-692db25d-8266-4789-a3ce-6f39c8bee23b/result,HTTPError('404 Client Error: Not Found for url: /api/pdf-parser/jobs/pdf-parse-692db25d-8266-4789-a3ce-6f39c8bee23b/result'),1
GET,/api/pdf-parser/jobs/pdf-parse-56314258-8d51-463f-8149-c180fbb08c4c/result,HTTPError('404 Client Error: Not Found for url: /api/pdf-parser/jobs/pdf-parse-56314258-8d51-463f-8149-c180fbb08c4c/result'),3
GET,/api/pdf-parser/jobs/pdf-parse-7d88003f-972a-4d44-abfa-275911ee8ee2/result,HTTPError('404 Client Error: Not Found for url: /api/pdf-parser/jobs/pdf-parse-7d88003f-972a-4d44-abfa-275911ee8ee2/result'),2
GET,/api/pdf-parser/jobs/pdf-parse-1d7c3830-b8cf-4573-94b3-4356eab6b953/result,HTTPError('404 Client Error: Not Found for url: /api/pdf-parser/jobs/pdf-parse-1d7c3830-b8cf-4573-94b3-4356eab6b953/result'),2
GET,/api/pdf-parser/jobs/pdf-parse-e4fc8ce6-970a-4c91-b7c0-3af18e1b2138/result,HTTPError('404 Client Error: Not Found for url: /api/pdf-parser/jobs/pdf-parse-e4fc8ce6-970a-4c91-b7c0-3af18e1b2138/result'),1
GET,/api/pdf-parser/jobs/pdf-parse-2b8f6c75-9867-4e4c-87ed-955c25c12a56/result,HTTPError('404 Client Error: Not Found for url: /api/pdf-parser/jobs/pdf-parse-2b8f6c75-9867-4e4c-87ed-955c25c12a56/result'),1
GET,/api/pdf-parser/jobs/pdf-parse-88a55d2b-a53b-41ad-befe-05199c39c4d2/result,HTTPError('404 Client Error: Not Found for url: /api/pdf-parser/jobs/pdf-parse-88a55d2b-a53b-41ad-befe-05199c39c4d2/result'),1
GET,/api/pdf-parser/jobs/pdf-parse-50998da1-a939-40d3-85da-c53081449e96/result,HTTPError('404 Client Error: Not Found for url: /api/pdf-parser/jobs/pdf-parse-50998da1-a939-40d3-85da-c53081449e96/result'),4
GET,/api/pdf-parser/jobs/pdf-parse-e17ec058-7656-4175-8346-4f010633caad/result,HTTPError('404 Client Error: Not Found for url: /api/pdf-parser/jobs/pdf-parse-e17ec058-7656-4175-8346-4f010633caad/result'),1
GET,/api/pdf-parser/jobs/pdf-parse-214fd0c3-33aa-4cee-ae95-62c7db9726f8/result,HTTPError('404 Client Error: Not Found for url: /api/pdf-parser/jobs/pdf-parse-214fd0c3-33aa-4cee-ae95-62c7db9726f8/result'),2
GET,/api/pdf-parser/jobs/pdf-parse-9438a182-48de-45e6-ba73-93f765fb1cab/result,HTTPError('404 Client Error: Not Found for url: /api/pdf-parser/jobs/pdf-parse-9438a182-48de-45e6-ba73-93f765fb1cab/result'),1
GET,/api/pdf-parser/jobs/pdf-parse-c0e1bccf-1056-4a4a-909b-b4778433e5c6/result,HTTPError('404 Client Error: Not Found for url: /api/pdf-parser/jobs/pdf-parse-c0e1bccf-1056-4a4a-909b-b4778433e5c6/result'),1
GET,/api/pdf-parser/jobs/pdf-parse-8151064e-e4e0-4ad8-a9a6-510a2ba8cebc/result,HTTPError('404 Client Error: Not Found for url: /api/pdf-parser/jobs/pdf-parse-8151064e-e4e0-4ad8-a9a6-510a2ba8cebc/result'),7
GET,/api/pdf-parser/jobs/pdf-parse-814769ec-85ce-47d1-997f-7c7c6d0533ab/result,HTTPError('404 Client Error: Not Found for url: /api/pdf-parser/jobs/pdf-parse-814769ec-85ce-47d1-997f-7c7c6d0533ab/result'),2
GET,/api/pdf-parser/jobs/pdf-parse-d72b331c-0af1-437f-80ba-9f9a31a7e30a/result,HTTPError('404 Client Error: Not Found for url: /api/pdf-parser/jobs/pdf-parse-d72b331c-0af1-437f-80ba-9f9a31a7e30a/result'),1
GET,/api/pdf-parser/jobs/pdf-parse-380aa2ca-8e1b-4c06-8e5d-392919eae91e/result,HTTPError('404 Client Error: Not Found for url: /api/pdf-parser/jobs/pdf-parse-380aa2ca-8e1b-4c06-8e5d-392919eae91e/result'),1
GET,/api/pdf-parser/jobs/pdf-parse-b1c0785f-301a-4b3d-9854-d39f8fa23b2d/result,HTTPError('404 Client Error: Not Found for url: /api/pdf-parser/jobs/pdf-parse-b1c0785f-301a-4b3d-9854-d39f8fa23b2d/result'),1
GET,/api/pdf-parser/jobs/pdf-parse-ab586683-7b6e-4c74-927b-bc3c4147db01/result,HTTPError('404 Client Error: Not Found for url: /api/pdf-parser/jobs/pdf-parse-ab586683-7b6e-4c74-927b-bc3c4147db01/result'),1
GET,/api/pdf-parser/jobs/pdf-parse-7a50816b-7231-427a-80ee-8ef7c651966b/result,HTTPError('404 Client Error: Not Found for url: /api/pdf-parser/jobs/pdf-parse-7a50816b-7231-427a-80ee-8ef7c651966b/result'),1
GET,/api/pdf-parser/jobs/pdf-parse-2a83db17-7748-4e43-a25e-c3756915ed46/result,HTTPError('404 Client Error: Not Found for url: /api/pdf-parser/jobs/pdf-parse-2a83db17-7748-4e43-a25e-c3756915ed46/result'),2
GET,/api/pdf-parser/jobs/pdf-parse-7bf126ce-6e89-45ff-b0bd-6641ecdacbe6/result,HTTPError('404 Client Error: Not Found for url: /api/pdf-parser/jobs/pdf-parse-7bf126ce-6e89-45ff-b0bd-6641ecdacbe6/result'),1
GET,/api/pdf-parser/jobs/pdf-parse-9eb6aae8-505d-4ae1-913a-056cde85c8fb/result,HTTPError('404 Client Error: Not Found for url: /api/pdf-parser/jobs/pdf-parse-9eb6aae8-505d-4ae1-913a-056cde85c8fb/result'),2
GET,/api/pdf-parser/jobs/pdf-parse-0ecf7c90-9c84-402a-8cce-b894572b9b6a/result,HTTPError('404 Client Error: Not Found for url: /api/pdf-parser/jobs/pdf-parse-0ecf7c90-9c84-402a-8cce-b894572b9b6a/result'),1
GET,/api/pdf-parser/jobs/pdf-parse-ffc3ed52-3bc3-42b9-b26b-11eac18c74e5/result,HTTPError('404 Client Error: Not Found for url: /api/pdf-parser/jobs/pdf-parse-ffc3ed52-3bc3-42b9-b26b-11eac18c74e5/result'),1
GET,/api/pdf-parser/jobs/pdf-parse-9c2151c2-2f68-41a1-8983-8fa8dcd3c6a5/result,HTTPError('404 Client Error: Not Found for url: /api/pdf-parser/jobs/pdf-parse-9c2151c2-2f68-41a1-8983-8fa8dcd3c6a5/result'),6
GET,/api/pdf-parser/jobs/pdf-parse-1b6fee5b-5670-43ce-95c4-db9074377024/result,HTTPError('404 Client Error: Not Found for url: /api/pdf-parser/jobs/pdf-parse-1b6fee5b-5670-43ce-95c4-db9074377024/result'),1
GET,/api/pdf-parser/jobs/pdf-parse-21fb000c-4496-4a07-a43a-fc0ddfdcb36f/result,HTTPError('404 Client Error: Not Found for url: /api/pdf-parser/jobs/pdf-parse-21fb000c-4496-4a07-a43a-fc0ddfdcb36f/result'),3
GET,/api/pdf-parser/jobs/pdf-parse-64707827-e468-470c-9ef5-94b4d8095a3c/result,HTTPError('404 Client Error: Not Found for url: /api/pdf-parser/jobs/pdf-parse-64707827-e468-470c-9ef5-94b4d8095a3c/result'),4
GET,/api/pdf-parser/jobs/pdf-parse-cfb64f7b-6fdb-4841-abd1-a62880abd5fe/result,HTTPError('404 Client Error: Not Found for url: /api/pdf-parser/jobs/pdf-parse-cfb64f7b-6fdb-4841-abd1-a62880abd5fe/result'),3
GET,/api/pdf-parser/jobs/pdf-parse-93784872-ab5b-4136-b65d-b0dc4bf5edca/result,HTTPError('404 Client Error: Not Found for url: /api/pdf-parser/jobs/pdf-parse-93784872-ab5b-4136-b65d-b0dc4bf5edca/result'),1
GET,/api/pdf-parser/jobs/pdf-parse-6abcc59d-0b5f-40e3-81d6-d703e115c508/result,HTTPError('404 Client Error: Not Found for url: /api/pdf-parser/jobs/pdf-parse-6abcc59d-0b5f-40e3-81d6-d703e115c508/result'),1
GET,/api/pdf-parser/jobs/pdf-parse-0ddb4eb6-1678-43d6-8136-29e51280fc10/result,HTTPError('404 Client Error: Not Found for url: /api/pdf-parser/jobs/pdf-parse-0ddb4eb6-1678-43d6-8136-29e51280fc10/result'),1
GET,/api/pdf-parser/jobs/pdf-parse-1fc267bd-f152-4a09-a8c6-d646e386c108/result,HTTPError('404 Client Error: Not Found for url: /api/pdf-parser/jobs/pdf-parse-1fc267bd-f152-4a09-a8c6-d646e386c108/result'),2
GET,/api/pdf-parser/jobs/pdf-parse-7f500c19-5468-4eb1-94ab-c3bae8283025/result,HTTPError('404 Client Error: Not Found for url: /api/pdf-parser/jobs/pdf-parse-7f500c19-5468-4eb1-94ab-c3bae8283025/result'),2
GET,/api/pdf-parser/jobs/pdf-parse-6a1e484c-16c7-45ea-ab53-b372003f3f1f/result,HTTPError('404 Client Error: Not Found for url: /api/pdf-parser/jobs/pdf-parse-6a1e484c-16c7-45ea-ab53-b372003f3f1f/result'),1
GET,/api/pdf-parser/jobs/pdf-parse-aa9b1ea7-cc88-4220-a2cc-a5101a2e1b42/result,HTTPError('404 Client Error: Not Found for url: /api/pdf-parser/jobs/pdf-parse-aa9b1ea7-cc88-4220-a2cc-a5101a2e1b42/result'),1
GET,/api/pdf-parser/jobs/pdf-parse-0b90b8a2-a561-4237-b7e5-a0ed49330c12/result,HTTPError('404 Client Error: Not Found for url: /api/pdf-parser/jobs/pdf-parse-0b90b8a2-a561-4237-b7e5-a0ed49330c12/result'),2
GET,/api/pdf-parser/jobs/pdf-parse-1cc17837-3bf4-4d4b-855f-360723de1af2/result,HTTPError('404 Client Error: Not Found for url: /api/pdf-parser/jobs/pdf-parse-1cc17837-3bf4-4d4b-855f-360723de1af2/result'),5
GET,/api/pdf-parser/jobs/pdf-parse-e20f7663-73d1-477d-bc90-fa8e94dec464/result,HTTPError('404 Client Error: Not Found for url: /api/pdf-parser/jobs/pdf-parse-e20f7663-73d1-477d-bc90-fa8e94dec464/result'),2
GET,/api/pdf-parser/jobs/pdf-parse-44e78e4e-b9d4-410e-8cb9-b362d0398959/result,HTTPError('404 Client Error: Not Found for url: /api/pdf-parser/jobs/pdf-parse-44e78e4e-b9d4-410e-8cb9-b362d0398959/result'),1
GET,/api/pdf-parser/jobs/pdf-parse-fff82c11-c3e9-4546-a879-669393e29450/result,HTTPError('404 Client Error: Not Found for url: /api/pdf-parser/jobs/pdf-parse-fff82c11-c3e9-4546-a879-669393e29450/result'),1
GET,/api/pdf-parser/jobs/pdf-parse-61465d2f-556b-43e7-ab18-7cbab4775c84/result,HTTPError('404 Client Error: Not Found for url: /api/pdf-parser/jobs/pdf-parse-61465d2f-556b-43e7-ab18-7cbab4775c84/result'),1
GET,/api/pdf-parser/jobs/pdf-parse-de7a32cb-d56c-4e29-93ea-e748e94c3dab/result,HTTPError('404 Client Error: Not Found for url: /api/pdf-parser/jobs/pdf-parse-de7a32cb-d56c-4e29-93ea-e748e94c3dab/result'),1
GET,/api/pdf-parser/jobs/pdf-parse-c69388af-8103-49e1-a31f-cf57d882f32e/result,HTTPError('404 Client Error: Not Found for url: /api/pdf-parser/jobs/pdf-parse-c69388af-8103-49e1-a31f-cf57d882f32e/result'),4
GET,/api/pdf-parser/jobs/pdf-parse-f2a24e41-9b0f-4cad-8c63-74590052e7f3/result,HTTPError('404 Client Error: Not Found for url: /api/pdf-parser/jobs/pdf-parse-f2a24e41-9b0f-4cad-8c63-74590052e7f3/result'),1
GET,/api/pdf-parser/jobs/pdf-parse-2a2bf5ec-ab87-4d56-9a84-c8af79ea3f86/result,HTTPError('404 Client Error: Not Found for url: /api/pdf-parser/jobs/pdf-parse-2a2bf5ec-ab87-4d56-9a84-c8af79ea3f86/result'),1
GET,/api/pdf-parser/jobs/pdf-parse-579d2bcf-eedd-41d3-8dd0-7770fec62fdf/result,HTTPError('404 Client Error: Not Found for url: /api/pdf-parser/jobs/pdf-parse-579d2bcf-eedd-41d3-8dd0-7770fec62fdf/result'),3
GET,/api/pdf-parser/jobs/pdf-parse-3a4c9d89-eee3-458b-8889-db0b5fa08182/result,HTTPError('404 Client Error: Not Found for url: /api/pdf-parser/jobs/pdf-parse-3a4c9d89-eee3-458b-8889-db0b5fa08182/result'),1
GET,/api/pdf-parser/jobs/pdf-parse-ef2aaa5c-6b3c-4da0-bde4-b5d101c96a6e/result,HTTPError('404 Client Error: Not Found for url: /api/pdf-parser/jobs/pdf-parse-ef2aaa5c-6b3c-4da0-bde4-b5d101c96a6e/result'),1
GET,/api/pdf-parser/jobs/pdf-parse-44144ee8-657f-4eb0-beb1-0622356f970a/result,HTTPError('404 Client Error: Not Found for url: /api/pdf-parser/jobs/pdf-parse-44144ee8-657f-4eb0-beb1-0622356f970a/result'),3
GET,/api/pdf-parser/jobs/pdf-parse-15e4dc9c-06f8-4e0b-830e-1d0fad0dfa4b/result,HTTPError('404 Client Error: Not Found for url: /api/pdf-parser/jobs/pdf-parse-15e4dc9c-06f8-4e0b-830e-1d0fad0dfa4b/result'),1
GET,/api/pdf-parser/jobs/pdf-parse-39c65e15-ffbb-4215-b363-89c352338a24/result,HTTPError('404 Client Error: Not Found for url: /api/pdf-parser/jobs/pdf-parse-39c65e15-ffbb-4215-b363-89c352338a24/result'),2
GET,/api/pdf-parser/jobs/pdf-parse-d2b1dee6-2775-4035-a893-25555700a4c4/result,HTTPError('404 Client Error: Not Found for url: /api/pdf-parser/jobs/pdf-parse-d2b1dee6-2775-4035-a893-25555700a4c4/result'),2
GET,/api/pdf-parser/jobs/pdf-parse-c74fab07-210a-4704-a73f-5033ba793f02/result,HTTPError('404 Client Error: Not Found for url: /api/pdf-parser/jobs/pdf-parse-c74fab07-210a-4704-a73f-5033ba793f02/result'),1
GET,/api/pdf-parser/jobs/pdf-parse-e0ff1741-2f2d-4ce2-a911-cb671a9c442a/result,HTTPError('404 Client Error: Not Found for url: /api/pdf-parser/jobs/pdf-parse-e0ff1741-2f2d-4ce2-a911-cb671a9c442a/result'),2
GET,/api/pdf-parser/jobs/pdf-parse-13aa088d-4295-4b0b-8b35-5f82f8b6c177/result,HTTPError('404 Client Error: Not Found for url: /api/pdf-parser/jobs/pdf-parse-13aa088d-4295-4b0b-8b35-5f82f8b6c177/result'),4
GET,/api/pdf-parser/jobs/pdf-parse-a7590e42-cf12-4a93-99a2-824f05a7f37e/result,HTTPError('404 Client Error: Not Found for url: /api/pdf-parser/jobs/pdf-parse-a7590e42-cf12-4a93-99a2-824f05a7f37e/result'),1
GET,/api/pdf-parser/jobs/pdf-parse-d35e4aea-1560-45ee-a56e-f81226e31f31/result,HTTPError('404 Client Error: Not Found for url: /api/pdf-parser/jobs/pdf-parse-d35e4aea-1560-45ee-a56e-f81226e31f31/result'),2
GET,/api/pdf-parser/jobs/pdf-parse-2c87c6d9-6fae-4bc5-a4a3-2573bbc8962a/result,HTTPError('404 Client Error: Not Found for url: /api/pdf-parser/jobs/pdf-parse-2c87c6d9-6fae-4bc5-a4a3-2573bbc8962a/result'),4
GET,/api/pdf-parser/jobs/pdf-parse-05d6b1f1-08da-49ef-a5e8-6d05fa182271/result,HTTPError('404 Client Error: Not Found for url: /api/pdf-parser/jobs/pdf-parse-05d6b1f1-08da-49ef-a5e8-6d05fa182271/result'),1
GET,/api/pdf-parser/jobs/pdf-parse-50997798-b324-4b64-be45-a39e4090a120/result,HTTPError('404 Client Error: Not Found for url: /api/pdf-parser/jobs/pdf-parse-50997798-b324-4b64-be45-a39e4090a120/result'),1
GET,/api/pdf-parser/jobs/pdf-parse-42f3f079-238c-4c24-9fab-2a2840168e80/result,HTTPError('404 Client Error: Not Found for url: /api/pdf-parser/jobs/pdf-parse-42f3f079-238c-4c24-9fab-2a2840168e80/result'),2
GET,/api/pdf-parser/jobs/pdf-parse-b56eb187-eb5a-4a64-a95e-3406be04b43a/result,HTTPError('404 Client Error: Not Found for url: /api/pdf-parser/jobs/pdf-parse-b56eb187-eb5a-4a64-a95e-3406be04b43a/result'),4
GET,/api/pdf-parser/jobs/pdf-parse-869d72d3-27b3-43a7-85b4-cbbf91bb7b9d/result,HTTPError('404 Client Error: Not Found for url: /api/pdf-parser/jobs/pdf-parse-869d72d3-27b3-43a7-85b4-cbbf91bb7b9d/result'),1
GET,/api/pdf-parser/jobs/pdf-parse-498b3e97-6626-49c1-be96-60a3b8f6af11/result,HTTPError('404 Client Error: Not Found for url: /api/pdf-parser/jobs/pdf-parse-498b3e97-6626-49c1-be96-60a3b8f6af11/result'),3
GET,/api/pdf-parser/jobs/pdf-parse-d3931280-5ad7-4eaf-90f6-a502a5b5dce1/result,HTTPError('404 Client Error: Not Found for url: /api/pdf-parser/jobs/pdf-parse-d3931280-5ad7-4eaf-90f6-a502a5b5dce1/result'),2
GET,/api/pdf-parser/jobs/pdf-parse-82cf7d57-89d1-4380-8829-b2d4ce94b343/result,HTTPError('404 Client Error: Not Found for url: /api/pdf-parser/jobs/pdf-parse-82cf7d57-89d1-4380-8829-b2d4ce94b343/result'),2
GET,/api/pdf-parser/jobs/pdf-parse-a6584fe5-0716-4158-90f2-9df4331b2563/result,HTTPError('404 Client Error: Not Found for url: /api/pdf-parser/jobs/pdf-parse-a6584fe5-0716-4158-90f2-9df4331b2563/result'),1
GET,/api/pdf-parser/jobs/pdf-parse-d4199c38-cbe2-488b-b17b-21e2cd106b3a/result,HTTPError('404 Client Error: Not Found for url: /api/pdf-parser/jobs/pdf-parse-d4199c38-cbe2-488b-b17b-21e2cd106b3a/result'),1
GET,/api/pdf-parser/jobs/pdf-parse-45068cc5-e252-426d-b884-094b39cce55c/result,HTTPError('404 Client Error: Not Found for url: /api/pdf-parser/jobs/pdf-parse-45068cc5-e252-426d-b884-094b39cce55c/result'),1
GET,/api/pdf-parser/jobs/pdf-parse-9d88bcb8-86ac-4671-b605-650d3de10477/result,HTTPError('404 Client Error: Not Found for url: /api/pdf-parser/jobs/pdf-parse-9d88bcb8-86ac-4671-b605-650d3de10477/result'),2
GET,/api/pdf-parser/jobs/pdf-parse-16ea094a-3c24-4011-8954-5edf7e0d50f7/result,HTTPError('404 Client Error: Not Found for url: /api/pdf-parser/jobs/pdf-parse-16ea094a-3c24-4011-8954-5edf7e0d50f7/result'),2
GET,/api/pdf-parser/jobs/pdf-parse-2840b45d-c91d-4290-94b4-7397f4e5c842/result,HTTPError('404 Client Error: Not Found for url: /api/pdf-parser/jobs/pdf-parse-2840b45d-c91d-4290-94b4-7397f4e5c842/result'),1
GET,/api/pdf-parser/jobs/pdf-parse-6171a93c-8f28-4334-836c-08d0b4db6f8a/result,HTTPError('404 Client Error: Not Found for url: /api/pdf-parser/jobs/pdf-parse-6171a93c-8f28-4334-836c-08d0b4db6f8a/result'),2
GET,/api/pdf-parser/jobs/pdf-parse-987e36b3-8234-4254-a448-28a5caa67855/result,HTTPError('404 Client Error: Not Found for url: /api/pdf-parser/jobs/pdf-parse-987e36b3-8234-4254-a448-28a5caa67855/result'),3
GET,/api/pdf-parser/jobs/pdf-parse-b0080b2a-321f-49a4-a6e3-129375347b0a/result,HTTPError('404 Client Error: Not Found for url: /api/pdf-parser/jobs/pdf-parse-b0080b2a-321f-49a4-a6e3-129375347b0a/result'),2
GET,/api/pdf-parser/jobs/pdf-parse-28135c8d-9063-4ac8-8767-583f9cf822c0/result,HTTPError('404 Client Error: Not Found for url: /api/pdf-parser/jobs/pdf-parse-28135c8d-9063-4ac8-8767-583f9cf822c0/result'),2
GET,/api/pdf-parser/jobs/pdf-parse-592c8669-eaed-49dd-b07a-e65f737b993a/result,HTTPError('404 Client Error: Not Found for url: /api/pdf-parser/jobs/pdf-parse-592c8669-eaed-49dd-b07a-e65f737b993a/result'),1
GET,/api/pdf-parser/jobs/pdf-parse-6a87987b-d670-4e9d-af4c-e9b06f0a8635/result,HTTPError('404 Client Error: Not Found for url: /api/pdf-parser/jobs/pdf-parse-6a87987b-d670-4e9d-af4c-e9b06f0a8635/result'),1
GET,/api/pdf-parser/jobs/pdf-parse-ba001930-9f85-4f78-9d8c-eef574557abd/result,HTTPError('404 Client Error: Not Found for url: /api/pdf-parser/jobs/pdf-parse-ba001930-9f85-4f78-9d8c-eef574557abd/result'),1
GET,/api/pdf-parser/jobs/pdf-parse-bb1b5727-2e6a-4524-be55-a5c835eac57a/result,HTTPError('404 Client Error: Not Found for url: /api/pdf-parser/jobs/pdf-parse-bb1b5727-2e6a-4524-be55-a5c835eac57a/result'),2
GET,/api/pdf-parser/jobs/pdf-parse-c24143c7-d660-47a5-a39c-107b66307890/result,HTTPError('404 Client Error: Not Found for url: /api/pdf-parser/jobs/pdf-parse-c24143c7-d660-47a5-a39c-107b66307890/result'),3
GET,/api/pdf-parser/jobs/pdf-parse-2588826f-41fb-4cca-8676-518d5a184435/result,HTTPError('404 Client Error: Not Found for url: /api/pdf-parser/jobs/pdf-parse-2588826f-41fb-4cca-8676-518d5a184435/result'),1
GET,/api/pdf-parser/jobs/pdf-parse-0133af6d-b958-4b98-96ac-cae7078502d4/result,HTTPError('404 Client Error: Not Found for url: /api/pdf-parser/jobs/pdf-parse-0133af6d-b958-4b98-96ac-cae7078502d4/result'),3
GET,/api/pdf-parser/jobs/pdf-parse-50cae5ce-7b2a-4821-b8bf-2da9f4cf0e63/result,HTTPError('404 Client Error: Not Found for url: /api/pdf-parser/jobs/pdf-parse-50cae5ce-7b2a-4821-b8bf-2da9f4cf0e63/result'),1
GET,/api/pdf-parser/jobs/pdf-parse-9aa9a563-923d-4742-a493-b6468e1b0e99/result,HTTPError('404 Client Error: Not Found for url: /api/pdf-parser/jobs/pdf-parse-9aa9a563-923d-4742-a493-b6468e1b0e99/result'),2
GET,/api/pdf-parser/jobs/pdf-parse-ff70f4a9-183a-43e5-9db4-a58a376c9dee/result,HTTPError('404 Client Error: Not Found for url: /api/pdf-parser/jobs/pdf-parse-ff70f4a9-183a-43e5-9db4-a58a376c9dee/result'),1
GET,/api/pdf-parser/jobs/pdf-parse-c8ec88ae-5e85-4a17-8048-c29fef22a17a/result,HTTPError('404 Client Error: Not Found for url: /api/pdf-parser/jobs/pdf-parse-c8ec88ae-5e85-4a17-8048-c29fef22a17a/result'),4
GET,/api/pdf-parser/jobs/pdf-parse-6493dbc2-d18e-4c41-8e1e-980b1698f4bc/result,HTTPError('404 Client Error: Not Found for url: /api/pdf-parser/jobs/pdf-parse-6493dbc2-d18e-4c41-8e1e-980b1698f4bc/result'),2
GET,/api/pdf-parser/jobs/pdf-parse-5b482c65-2e65-454a-8e08-02b98abb260b/result,HTTPError('404 Client Error: Not Found for url: /api/pdf-parser/jobs/pdf-parse-5b482c65-2e65-454a-8e08-02b98abb260b/result'),2
GET,/api/pdf-parser/jobs/pdf-parse-837da788-a445-4d2b-9533-8e6d826eab6a/result,HTTPError('404 Client Error: Not Found for url: /api/pdf-parser/jobs/pdf-parse-837da788-a445-4d2b-9533-8e6d826eab6a/result'),2
GET,/api/pdf-parser/jobs/pdf-parse-e0554e7d-ea95-4bda-9fc6-c565659977d3/result,HTTPError('404 Client Error: Not Found for url: /api/pdf-parser/jobs/pdf-parse-e0554e7d-ea95-4bda-9fc6-c565659977d3/result'),3
GET,/api/pdf-parser/jobs/pdf-parse-b0cae8ab-758b-49b6-820a-0ea4c59cd531/result,HTTPError('404 Client Error: Not Found for url: /api/pdf-parser/jobs/pdf-parse-b0cae8ab-758b-49b6-820a-0ea4c59cd531/result'),1
GET,/api/pdf-parser/jobs/pdf-parse-7906a7df-8633-4c32-98f6-2c8ef1d48b43/result,HTTPError('404 Client Error: Not Found for url: /api/pdf-parser/jobs/pdf-parse-7906a7df-8633-4c32-98f6-2c8ef1d48b43/result'),2
GET,/api/pdf-parser/jobs/pdf-parse-e5ebf1a8-e3df-4b37-85d4-e704208f8023/result,HTTPError('404 Client Error: Not Found for url: /api/pdf-parser/jobs/pdf-parse-e5ebf1a8-e3df-4b37-85d4-e704208f8023/result'),1
GET,/api/pdf-parser/jobs/pdf-parse-cf024755-4373-4655-a612-ed3790071c69/result,HTTPError('404 Client Error: Not Found for url: /api/pdf-parser/jobs/pdf-parse-cf024755-4373-4655-a612-ed3790071c69/result'),1
GET,/api/pdf-parser/jobs/pdf-parse-c9e3e7fc-5264-4ed3-a2eb-1453d2d4db66/result,HTTPError('404 Client Error: Not Found for url: /api/pdf-parser/jobs/pdf-parse-c9e3e7fc-5264-4ed3-a2eb-1453d2d4db66/result'),1
GET,/api/pdf-parser/jobs/pdf-parse-ee519c34-b316-45b4-9fc7-444421786504/result,HTTPError('404 Client Error: Not Found for url: /api/pdf-parser/jobs/pdf-parse-ee519c34-b316-45b4-9fc7-444421786504/result'),2
GET,/api/pdf-parser/jobs/pdf-parse-0ef88c37-d48b-424a-a139-aa3eca483f47/result,HTTPError('404 Client Error: Not Found for url: /api/pdf-parser/jobs/pdf-parse-0ef88c37-d48b-424a-a139-aa3eca483f47/result'),1
GET,/api/pdf-parser/jobs/pdf-parse-b1f91625-7298-4ecf-a5e5-d521c64e7377/result,HTTPError('404 Client Error: Not Found for url: /api/pdf-parser/jobs/pdf-parse-b1f91625-7298-4ecf-a5e5-d521c64e7377/result'),1
GET,/api/pdf-parser/jobs/pdf-parse-f4e8bd66-e33c-48f1-996f-b242f84ce3a4/result,HTTPError('404 Client Error: Not Found for url: /api/pdf-parser/jobs/pdf-parse-f4e8bd66-e33c-48f1-996f-b242f84ce3a4/result'),3
GET,/api/pdf-parser/jobs/pdf-parse-be9dc932-246e-47c6-96fb-f95ea1b710c6/result,HTTPError('404 Client Error: Not Found for url: /api/pdf-parser/jobs/pdf-parse-be9dc932-246e-47c6-96fb-f95ea1b710c6/result'),1
GET,/api/pdf-parser/jobs/pdf-parse-0cd76e34-9e30-48ca-9a06-206f03a78b51/result,HTTPError('404 Client Error: Not Found for url: /api/pdf-parser/jobs/pdf-parse-0cd76e34-9e30-48ca-9a06-206f03a78b51/result'),3
GET,/api/pdf-parser/jobs/pdf-parse-289dd0aa-7a7e-4a44-bd98-cacee83d3042/result,HTTPError('404 Client Error: Not Found for url: /api/pdf-parser/jobs/pdf-parse-289dd0aa-7a7e-4a44-bd98-cacee83d3042/result'),3
GET,/api/pdf-parser/jobs/pdf-parse-587a4a81-920a-46d0-a215-16472e515878/result,HTTPError('404 Client Error: Not Found for url: /api/pdf-parser/jobs/pdf-parse-587a4a81-920a-46d0-a215-16472e515878/result'),1
GET,/api/pdf-parser/jobs/pdf-parse-0fcee2ca-b219-4b90-bd71-ffb088f34d2c/result,HTTPError('404 Client Error: Not Found for url: /api/pdf-parser/jobs/pdf-parse-0fcee2ca-b219-4b90-bd71-ffb088f34d2c/result'),4
GET,/api/pdf-parser/jobs/pdf-parse-870e85de-4c4b-4cf7-9324-ce6724283c5f/result,HTTPError('404 Client Error: Not Found for url: /api/pdf-parser/jobs/pdf-parse-870e85de-4c4b-4cf7-9324-ce6724283c5f/result'),4
GET,/api/pdf-parser/jobs/pdf-parse-a3d1568e-8aaf-41df-8a87-397212cf2552/result,HTTPError('404 Client Error: Not Found for url: /api/pdf-parser/jobs/pdf-parse-a3d1568e-8aaf-41df-8a87-397212cf2552/result'),1
GET,/api/pdf-parser/jobs/pdf-parse-56d680d9-df71-4223-946b-80c8d7bb1d2e/result,HTTPError('404 Client Error: Not Found for url: /api/pdf-parser/jobs/pdf-parse-56d680d9-df71-4223-946b-80c8d7bb1d2e/result'),2
GET,/api/pdf-parser/jobs/pdf-parse-e941d832-b92d-4722-b448-98b6d0cd7d5b/result,HTTPError('404 Client Error: Not Found for url: /api/pdf-parser/jobs/pdf-parse-e941d832-b92d-4722-b448-98b6d0cd7d5b/result'),1
GET,/api/pdf-parser/jobs/pdf-parse-d1a6a867-fab7-4121-b4b6-b6609ce95965/result,HTTPError('404 Client Error: Not Found for url: /api/pdf-parser/jobs/pdf-parse-d1a6a867-fab7-4121-b4b6-b6609ce95965/result'),1
GET,/api/pdf-parser/jobs/pdf-parse-9fa9689d-c66c-49f1-802c-d8318538009e/result,HTTPError('404 Client Error: Not Found for url: /api/pdf-parser/jobs/pdf-parse-9fa9689d-c66c-49f1-802c-d8318538009e/result'),2
GET,/api/pdf-parser/jobs/pdf-parse-eefc95fc-fe23-4e7b-8691-a0db203002c1/result,HTTPError('404 Client Error: Not Found for url: /api/pdf-parser/jobs/pdf-parse-eefc95fc-fe23-4e7b-8691-a0db203002c1/result'),2
GET,/api/pdf-parser/jobs/pdf-parse-e8011eac-22f4-424b-864f-b3c44f7df15d/result,HTTPError('404 Client Error: Not Found for url: /api/pdf-parser/jobs/pdf-parse-e8011eac-22f4-424b-864f-b3c44f7df15d/result'),2
GET,/api/pdf-parser/jobs/pdf-parse-1c79e832-41e1-4451-b5a6-1635a8a763bd/result,HTTPError('404 Client Error: Not Found for url: /api/pdf-parser/jobs/pdf-parse-1c79e832-41e1-4451-b5a6-1635a8a763bd/result'),1
GET,/api/pdf-parser/jobs/pdf-parse-e38d7f02-df20-46de-8bcd-f4542c40b0ff/result,HTTPError('404 Client Error: Not Found for url: /api/pdf-parser/jobs/pdf-parse-e38d7f02-df20-46de-8bcd-f4542c40b0ff/result'),1
GET,/api/pdf-parser/jobs/pdf-parse-200f6638-8332-4f38-96b4-c188b78296c1/result,HTTPError('404 Client Error: Not Found for url: /api/pdf-parser/jobs/pdf-parse-200f6638-8332-4f38-96b4-c188b78296c1/result'),3
GET,/api/pdf-parser/jobs/pdf-parse-7cde376f-a749-4c77-9f7c-29918410e46c/result,HTTPError('404 Client Error: Not Found for url: /api/pdf-parser/jobs/pdf-parse-7cde376f-a749-4c77-9f7c-29918410e46c/result'),2
GET,/api/pdf-parser/jobs/pdf-parse-b3256008-f357-4e1b-9e23-f86aadaa0d3c/result,HTTPError('404 Client Error: Not Found for url: /api/pdf-parser/jobs/pdf-parse-b3256008-f357-4e1b-9e23-f86aadaa0d3c/result'),1
GET,/api/pdf-parser/jobs/pdf-parse-77836e75-ed24-415e-a060-f79aa96a6bc6/result,HTTPError('404 Client Error: Not Found for url: /api/pdf-parser/jobs/pdf-parse-77836e75-ed24-415e-a060-f79aa96a6bc6/result'),1
GET,/api/pdf-parser/jobs/pdf-parse-3d032814-fbe3-48ed-aa3c-8ba8ef162e78/result,HTTPError('404 Client Error: Not Found for url: /api/pdf-parser/jobs/pdf-parse-3d032814-fbe3-48ed-aa3c-8ba8ef162e78/result'),4
GET,/api/pdf-parser/jobs/pdf-parse-36baa952-ef74-47cb-86c8-1543ab92af8b/result,HTTPError('404 Client Error: Not Found for url: /api/pdf-parser/jobs/pdf-parse-36baa952-ef74-47cb-86c8-1543ab92af8b/result'),1
GET,/api/pdf-parser/jobs/pdf-parse-0fed5634-eb2d-448c-a904-8bfdf66d166e/result,HTTPError('404 Client Error: Not Found for url: /api/pdf-parser/jobs/pdf-parse-0fed5634-eb2d-448c-a904-8bfdf66d166e/result'),3
GET,/api/pdf-parser/jobs/pdf-parse-837e0cca-0497-4edc-adc3-b4dfbf26af54/result,HTTPError('404 Client Error: Not Found for url: /api/pdf-parser/jobs/pdf-parse-837e0cca-0497-4edc-adc3-b4dfbf26af54/result'),2
GET,/api/pdf-parser/jobs/pdf-parse-bff439bf-0746-4383-b659-0eb5c1fd5c07/result,HTTPError('404 Client Error: Not Found for url: /api/pdf-parser/jobs/pdf-parse-bff439bf-0746-4383-b659-0eb5c1fd5c07/result'),1
GET,/api/pdf-parser/jobs/pdf-parse-5e072f89-8c6b-4463-bfcc-5c0eacd34b07/result,HTTPError('404 Client Error: Not Found for url: /api/pdf-parser/jobs/pdf-parse-5e072f89-8c6b-4463-bfcc-5c0eacd34b07/result'),1
GET,/api/pdf-parser/jobs/pdf-parse-ac3d0264-1846-4d03-b8b2-8674a44311e8/result,HTTPError('404 Client Error: Not Found for url: /api/pdf-parser/jobs/pdf-parse-ac3d0264-1846-4d03-b8b2-8674a44311e8/result'),1
GET,/api/pdf-parser/jobs/pdf-parse-99ebd7b2-974f-4259-bd10-3fb1f248209b/result,HTTPError('404 Client Error: Not Found for url: /api/pdf-parser/jobs/pdf-parse-99ebd7b2-974f-4259-bd10-3fb1f248209b/result'),1
GET,/api/pdf-parser/jobs/pdf-parse-8a158b8d-8bbd-40f3-b063-51f71241cc39/result,HTTPError('404 Client Error: Not Found for url: /api/pdf-parser/jobs/pdf-parse-8a158b8d-8bbd-40f3-b063-51f71241cc39/result'),1
GET,/api/pdf-parser/jobs/pdf-parse-da7b0927-70da-4b52-b6cc-fb1d1a24c3b8/result,HTTPError('404 Client Error: Not Found for url: /api/pdf-parser/jobs/pdf-parse-da7b0927-70da-4b52-b6cc-fb1d1a24c3b8/result'),1
GET,/api/pdf-parser/jobs/pdf-parse-e13fe39c-160e-4647-a511-69fc7bf245fe/result,HTTPError('404 Client Error: Not Found for url: /api/pdf-parser/jobs/pdf-parse-e13fe39c-160e-4647-a511-69fc7bf245fe/result'),1
GET,/api/pdf-parser/jobs/pdf-parse-062ec6e4-49ae-4740-9208-daa18024f3b9/result,HTTPError('404 Client Error: Not Found for url: /api/pdf-parser/jobs/pdf-parse-062ec6e4-49ae-4740-9208-daa18024f3b9/result'),1
GET,/api/pdf-parser/jobs/pdf-parse-f525a02d-f9fe-496c-8351-10e5a38e8450/result,HTTPError('404 Client Error: Not Found for url: /api/pdf-parser/jobs/pdf-parse-f525a02d-f9fe-496c-8351-10e5a38e8450/result'),1
GET,/api/pdf-parser/jobs/pdf-parse-04fbbebd-8ff1-4958-8a7c-139c02bccef0/result,HTTPError('404 Client Error: Not Found for url: /api/pdf-parser/jobs/pdf-parse-04fbbebd-8ff1-4958-8a7c-139c02bccef0/result'),1
GET,/api/pdf-parser/jobs/pdf-parse-71326bff-e5a2-439a-8012-2d1c3634ec99/result,HTTPError('404 Client Error: Not Found for url: /api/pdf-parser/jobs/pdf-parse-71326bff-e5a2-439a-8012-2d1c3634ec99/result'),3
GET,/api/pdf-parser/jobs/pdf-parse-50105920-f4b1-42f6-8396-f19b378a8be3/result,HTTPError('404 Client Error: Not Found for url: /api/pdf-parser/jobs/pdf-parse-50105920-f4b1-42f6-8396-f19b378a8be3/result'),2
GET,/api/pdf-parser/jobs/pdf-parse-57b3e531-795e-463b-8012-7e37f2dbf47e/result,HTTPError('404 Client Error: Not Found for url: /api/pdf-parser/jobs/pdf-parse-57b3e531-795e-463b-8012-7e37f2dbf47e/result'),2
GET,/api/pdf-parser/jobs/pdf-parse-b52c9de7-3c5a-4919-afd2-d662ce8c47fc/result,HTTPError('404 Client Error: Not Found for url: /api/pdf-parser/jobs/pdf-parse-b52c9de7-3c5a-4919-afd2-d662ce8c47fc/result'),1
GET,/api/pdf-parser/jobs/pdf-parse-d8336870-ce47-4fe3-b0ef-679f46ec9ac9/result,HTTPError('404 Client Error: Not Found for url: /api/pdf-parser/jobs/pdf-parse-d8336870-ce47-4fe3-b0ef-679f46ec9ac9/result'),2
GET,/api/pdf-parser/jobs/pdf-parse-d8944698-2107-4e8e-86ce-4e3d453a6e14/result,HTTPError('404 Client Error: Not Found for url: /api/pdf-parser/jobs/pdf-parse-d8944698-2107-4e8e-86ce-4e3d453a6e14/result'),2
GET,/api/pdf-parser/jobs/pdf-parse-4b0d8348-0b8a-4488-8d62-aa0dbfd3e947/result,HTTPError('404 Client Error: Not Found for url: /api/pdf-parser/jobs/pdf-parse-4b0d8348-0b8a-4488-8d62-aa0dbfd3e947/result'),2
GET,/api/pdf-parser/jobs/pdf-parse-c8a7d10e-df2d-4e0a-b0ba-967f15037827/result,HTTPError('404 Client Error: Not Found for url: /api/pdf-parser/jobs/pdf-parse-c8a7d10e-df2d-4e0a-b0ba-967f15037827/result'),2
GET,/api/pdf-parser/jobs/pdf-parse-2c05bf5f-423e-46df-8742-aec291a686a0/result,HTTPError('404 Client Error: Not Found for url: /api/pdf-parser/jobs/pdf-parse-2c05bf5f-423e-46df-8742-aec291a686a0/result'),1
GET,/api/pdf-parser/jobs/pdf-parse-bdd1bbc9-6aa7-431e-b023-d105584766f1/result,HTTPError('404 Client Error: Not Found for url: /api/pdf-parser/jobs/pdf-parse-bdd1bbc9-6aa7-431e-b023-d105584766f1/result'),3
GET,/api/pdf-parser/jobs/pdf-parse-74d4745b-2177-4157-92f9-b092c50c7227/result,HTTPError('404 Client Error: Not Found for url: /api/pdf-parser/jobs/pdf-parse-74d4745b-2177-4157-92f9-b092c50c7227/result'),2
GET,/api/pdf-parser/jobs/pdf-parse-5f2efd08-20c4-4bcc-8dd6-c33fa59c284c/result,HTTPError('404 Client Error: Not Found for url: /api/pdf-parser/jobs/pdf-parse-5f2efd08-20c4-4bcc-8dd6-c33fa59c284c/result'),1
GET,/api/pdf-parser/jobs/pdf-parse-1ce0e0cc-cfe1-40a3-aead-cc4172eb99d2/result,HTTPError('404 Client Error: Not Found for url: /api/pdf-parser/jobs/pdf-parse-1ce0e0cc-cfe1-40a3-aead-cc4172eb99d2/result'),1
GET,/api/pdf-parser/jobs/pdf-parse-3fa518eb-2947-40aa-8688-59ddf948ed2d/result,HTTPError('404 Client Error: Not Found for url: /api/pdf-parser/jobs/pdf-parse-3fa518eb-2947-40aa-8688-59ddf948ed2d/result'),1
GET,/api/pdf-parser/jobs/pdf-parse-e34a2572-8283-4c78-9f45-75d458eb96cb/result,HTTPError('404 Client Error: Not Found for url: /api/pdf-parser/jobs/pdf-parse-e34a2572-8283-4c78-9f45-75d458eb96cb/result'),1
GET,/api/pdf-parser/jobs/pdf-parse-c9087fe7-3b99-4d9b-ab7a-47e03a99ba68/result,HTTPError('404 Client Error: Not Found for url: /api/pdf-parser/jobs/pdf-parse-c9087fe7-3b99-4d9b-ab7a-47e03a99ba68/result'),2
GET,/api/pdf-parser/jobs/pdf-parse-1d4ef9f5-6c24-4406-a977-b3b1bad93e92/result,HTTPError('404 Client Error: Not Found for url: /api/pdf-parser/jobs/pdf-parse-1d4ef9f5-6c24-4406-a977-b3b1bad93e92/result'),1
GET,/api/pdf-parser/jobs/pdf-parse-4649670c-091a-43b7-8297-5b7e4eb52f51/result,HTTPError('404 Client Error: Not Found for url: /api/pdf-parser/jobs/pdf-parse-4649670c-091a-43b7-8297-5b7e4eb52f51/result'),3
GET,/api/pdf-parser/jobs/pdf-parse-35930d58-6d76-4e26-b3a1-bac42667f2cd/result,HTTPError('404 Client Error: Not Found for url: /api/pdf-parser/jobs/pdf-parse-35930d58-6d76-4e26-b3a1-bac42667f2cd/result'),2
GET,/api/pdf-parser/jobs/pdf-parse-fb936222-b154-476e-a419-3a08de69739d/result,HTTPError('404 Client Error: Not Found for url: /api/pdf-parser/jobs/pdf-parse-fb936222-b154-476e-a419-3a08de69739d/result'),1
GET,/api/pdf-parser/jobs/pdf-parse-6fb75d49-fba9-4e19-8bf7-db250fd52603/result,HTTPError('404 Client Error: Not Found for url: /api/pdf-parser/jobs/pdf-parse-6fb75d49-fba9-4e19-8bf7-db250fd52603/result'),7
GET,/api/pdf-parser/jobs/pdf-parse-1250485b-29d0-4e2f-87b6-d722fec04042/result,HTTPError('404 Client Error: Not Found for url: /api/pdf-parser/jobs/pdf-parse-1250485b-29d0-4e2f-87b6-d722fec04042/result'),6
GET,/api/pdf-parser/jobs/pdf-parse-2a4cadfd-1083-4a3f-bd98-e925eabe9334/result,HTTPError('404 Client Error: Not Found for url: /api/pdf-parser/jobs/pdf-parse-2a4cadfd-1083-4a3f-bd98-e925eabe9334/result'),3
GET,/api/pdf-parser/jobs/pdf-parse-8f0d49f9-965b-4fc0-9427-dc858c7ac516/result,HTTPError('404 Client Error: Not Found for url: /api/pdf-parser/jobs/pdf-parse-8f0d49f9-965b-4fc0-9427-dc858c7ac516/result'),2
GET,/api/pdf-parser/jobs/pdf-parse-abd4d366-d951-4521-b3f8-a1f6643b7b51/result,HTTPError('404 Client Error: Not Found for url: /api/pdf-parser/jobs/pdf-parse-abd4d366-d951-4521-b3f8-a1f6643b7b51/result'),3
GET,/api/pdf-parser/jobs/pdf-parse-9a19e8c8-e428-4e92-8433-465ea05c49ff/result,HTTPError('404 Client Error: Not Found for url: /api/pdf-parser/jobs/pdf-parse-9a19e8c8-e428-4e92-8433-465ea05c49ff/result'),1
GET,/api/pdf-parser/jobs/pdf-parse-93d1aae6-daf8-4383-b51b-fac6008dfe5b/result,HTTPError('404 Client Error: Not Found for url: /api/pdf-parser/jobs/pdf-parse-93d1aae6-daf8-4383-b51b-fac6008dfe5b/result'),1
GET,/api/pdf-parser/jobs/pdf-parse-10328ec0-1590-44ab-8914-13652dfd7186/result,HTTPError('404 Client Error: Not Found for url: /api/pdf-parser/jobs/pdf-parse-10328ec0-1590-44ab-8914-13652dfd7186/result'),2
GET,/api/pdf-parser/jobs/pdf-parse-d56ba491-d1c3-479e-9ad4-d6b7eccc2dd9/result,HTTPError('404 Client Error: Not Found for url: /api/pdf-parser/jobs/pdf-parse-d56ba491-d1c3-479e-9ad4-d6b7eccc2dd9/result'),1
GET,/api/pdf-parser/jobs/pdf-parse-200e74f9-4971-426e-94f6-983cbcb5794c/result,HTTPError('404 Client Error: Not Found for url: /api/pdf-parser/jobs/pdf-parse-200e74f9-4971-426e-94f6-983cbcb5794c/result'),1
GET,/api/pdf-parser/jobs/pdf-parse-47cd2fea-025d-4d1b-b2f9-b8400c5c4579/result,HTTPError('404 Client Error: Not Found for url: /api/pdf-parser/jobs/pdf-parse-47cd2fea-025d-4d1b-b2f9-b8400c5c4579/result'),3
GET,/api/pdf-parser/jobs/pdf-parse-9ae70e10-c1c5-404b-897d-cf8e25da8b2f/result,HTTPError('404 Client Error: Not Found for url: /api/pdf-parser/jobs/pdf-parse-9ae70e10-c1c5-404b-897d-cf8e25da8b2f/result'),2
GET,/api/pdf-parser/jobs/pdf-parse-14beadf2-8d75-4904-9c99-fbbe22818b41/result,HTTPError('404 Client Error: Not Found for url: /api/pdf-parser/jobs/pdf-parse-14beadf2-8d75-4904-9c99-fbbe22818b41/result'),3
GET,/api/pdf-parser/jobs/pdf-parse-786ee91f-44e7-4af2-ab4c-fd3e41925748/result,HTTPError('404 Client Error: Not Found for url: /api/pdf-parser/jobs/pdf-parse-786ee91f-44e7-4af2-ab4c-fd3e41925748/result'),1
GET,/api/pdf-parser/jobs/pdf-parse-9a2d1996-ec5f-4f72-89c8-dc4bd6e6afcb/result,HTTPError('404 Client Error: Not Found for url: /api/pdf-parser/jobs/pdf-parse-9a2d1996-ec5f-4f72-89c8-dc4bd6e6afcb/result'),5
GET,/api/pdf-parser/jobs/pdf-parse-4f428ce7-330f-438d-bfc6-01d9937792b6/result,HTTPError('404 Client Error: Not Found for url: /api/pdf-parser/jobs/pdf-parse-4f428ce7-330f-438d-bfc6-01d9937792b6/result'),1
GET,/api/pdf-parser/jobs/pdf-parse-641e3d74-5dc5-4873-aa9f-fefb9541b106/result,HTTPError('404 Client Error: Not Found for url: /api/pdf-parser/jobs/pdf-parse-641e3d74-5dc5-4873-aa9f-fefb9541b106/result'),1
GET,/api/pdf-parser/jobs/pdf-parse-14f39b04-d4b8-4854-85c4-7aa65e14e3f3/result,HTTPError('404 Client Error: Not Found for url: /api/pdf-parser/jobs/pdf-parse-14f39b04-d4b8-4854-85c4-7aa65e14e3f3/result'),2
GET,/api/pdf-parser/jobs/pdf-parse-68fe4497-0aef-420d-a688-8d26403e8698/result,HTTPError('404 Client Error: Not Found for url: /api/pdf-parser/jobs/pdf-parse-68fe4497-0aef-420d-a688-8d26403e8698/result'),7
GET,/api/pdf-parser/jobs/pdf-parse-8f29efa4-cc8f-4837-a34f-84c563f27151/result,HTTPError('404 Client Error: Not Found for url: /api/pdf-parser/jobs/pdf-parse-8f29efa4-cc8f-4837-a34f-84c563f27151/result'),1
GET,/api/pdf-parser/jobs/pdf-parse-cedcd55e-15d0-4a4f-ac26-875ee2015e76/result,HTTPError('404 Client Error: Not Found for url: /api/pdf-parser/jobs/pdf-parse-cedcd55e-15d0-4a4f-ac26-875ee2015e76/result'),1
GET,/api/pdf-parser/jobs/pdf-parse-e7b59872-68ad-44ab-b334-65681991036f/result,HTTPError('404 Client Error: Not Found for url: /api/pdf-parser/jobs/pdf-parse-e7b59872-68ad-44ab-b334-65681991036f/result'),2
GET,/api/pdf-parser/jobs/pdf-parse-97d1c75b-3f8c-4d19-b055-45c3e1e6922f/result,HTTPError('404 Client Error: Not Found for url: /api/pdf-parser/jobs/pdf-parse-97d1c75b-3f8c-4d19-b055-45c3e1e6922f/result'),2
GET,/api/pdf-parser/jobs/pdf-parse-ce3a82a8-5ab2-46a5-898d-08c21415936a/result,HTTPError('404 Client Error: Not Found for url: /api/pdf-parser/jobs/pdf-parse-ce3a82a8-5ab2-46a5-898d-08c21415936a/result'),2
GET,/api/pdf-parser/jobs/pdf-parse-ba2a9e83-1bae-4896-986b-407063cd6373/result,HTTPError('404 Client Error: Not Found for url: /api/pdf-parser/jobs/pdf-parse-ba2a9e83-1bae-4896-986b-407063cd6373/result'),1
GET,/api/pdf-parser/jobs/pdf-parse-628ec32f-28d1-4040-9586-46c731a6b020/result,HTTPError('404 Client Error: Not Found for url: /api/pdf-parser/jobs/pdf-parse-628ec32f-28d1-4040-9586-46c731a6b020/result'),2
GET,/api/pdf-parser/jobs/pdf-parse-3be68c10-4d6f-47ae-9358-2eef90ed2fb7/result,HTTPError('404 Client Error: Not Found for url: /api/pdf-parser/jobs/pdf-parse-3be68c10-4d6f-47ae-9358-2eef90ed2fb7/result'),2
GET,/api/pdf-parser/jobs/pdf-parse-9b136375-d739-46c3-8919-1e7b58a77d11/result,HTTPError('404 Client Error: Not Found for url: /api/pdf-parser/jobs/pdf-parse-9b136375-d739-46c3-8919-1e7b58a77d11/result'),1
GET,/api/pdf-parser/jobs/pdf-parse-ecc0ecbb-819a-4d0a-ad9e-33d3f4b5688b/result,HTTPError('404 Client Error: Not Found for url: /api/pdf-parser/jobs/pdf-parse-ecc0ecbb-819a-4d0a-ad9e-33d3f4b5688b/result'),1
GET,/api/pdf-parser/jobs/pdf-parse-4fc1c16f-f1d6-4f18-9a21-0c2594e79ba3/result,HTTPError('404 Client Error: Not Found for url: /api/pdf-parser/jobs/pdf-parse-4fc1c16f-f1d6-4f18-9a21-0c2594e79ba3/result'),1
GET,/api/pdf-parser/jobs/pdf-parse-9560083e-b102-49e5-9cbd-eb3e3be8fb7f/result,HTTPError('404 Client Error: Not Found for url: /api/pdf-parser/jobs/pdf-parse-9560083e-b102-49e5-9cbd-eb3e3be8fb7f/result'),3
GET,/api/pdf-parser/jobs/pdf-parse-7757b801-341b-4608-9c40-475f10cc4b8c/result,HTTPError('404 Client Error: Not Found for url: /api/pdf-parser/jobs/pdf-parse-7757b801-341b-4608-9c40-475f10cc4b8c/result'),5
GET,/api/pdf-parser/jobs/pdf-parse-b7cbd1b4-6a03-4498-b3c4-330c7b5787bc/result,HTTPError('404 Client Error: Not Found for url: /api/pdf-parser/jobs/pdf-parse-b7cbd1b4-6a03-4498-b3c4-330c7b5787bc/result'),1
GET,/api/pdf-parser/jobs/pdf-parse-6a93dbdb-42ff-4029-a16a-9b44dec20c97/result,HTTPError('404 Client Error: Not Found for url: /api/pdf-parser/jobs/pdf-parse-6a93dbdb-42ff-4029-a16a-9b44dec20c97/result'),1
GET,/api/pdf-parser/jobs/pdf-parse-bd77bde8-250f-466e-a0ec-c0c1671dcf64/result,HTTPError('404 Client Error: Not Found for url: /api/pdf-parser/jobs/pdf-parse-bd77bde8-250f-466e-a0ec-c0c1671dcf64/result'),2
GET,/api/pdf-parser/jobs/pdf-parse-3db88a92-fd03-4dda-831e-d01b98fe02da/result,HTTPError('404 Client Error: Not Found for url: /api/pdf-parser/jobs/pdf-parse-3db88a92-fd03-4dda-831e-d01b98fe02da/result'),2
GET,/api/pdf-parser/jobs/pdf-parse-6fbdb926-b5c2-439c-9959-a8e4b57b914c/result,HTTPError('404 Client Error: Not Found for url: /api/pdf-parser/jobs/pdf-parse-6fbdb926-b5c2-439c-9959-a8e4b57b914c/result'),2
GET,/api/pdf-parser/jobs/pdf-parse-2ccc5866-1511-4a74-b5cf-f14f681ce6ef/result,HTTPError('404 Client Error: Not Found for url: /api/pdf-parser/jobs/pdf-parse-2ccc5866-1511-4a74-b5cf-f14f681ce6ef/result'),4
GET,/api/pdf-parser/jobs/pdf-parse-aa1791f5-b89a-487c-a82a-a96b68574c4c/result,HTTPError('404 Client Error: Not Found for url: /api/pdf-parser/jobs/pdf-parse-aa1791f5-b89a-487c-a82a-a96b68574c4c/result'),7
GET,/api/pdf-parser/jobs/pdf-parse-8f1a020e-df7f-4783-9858-14d68b91763d/result,HTTPError('404 Client Error: Not Found for url: /api/pdf-parser/jobs/pdf-parse-8f1a020e-df7f-4783-9858-14d68b91763d/result'),2
GET,/api/pdf-parser/jobs/pdf-parse-09127af5-b2c5-4754-ae42-90751590a665/result,HTTPError('404 Client Error: Not Found for url: /api/pdf-parser/jobs/pdf-parse-09127af5-b2c5-4754-ae42-90751590a665/result'),1
GET,/api/pdf-parser/jobs/pdf-parse-92984830-a143-47cb-a91e-b56685909c32/result,HTTPError('404 Client Error: Not Found for url: /api/pdf-parser/jobs/pdf-parse-92984830-a143-47cb-a91e-b56685909c32/result'),2
GET,/api/pdf-parser/jobs/pdf-parse-f722abbb-d0cd-4097-9930-1a66c943c927/result,HTTPError('404 Client Error: Not Found for url: /api/pdf-parser/jobs/pdf-parse-f722abbb-d0cd-4097-9930-1a66c943c927/result'),3
GET,/api/pdf-parser/jobs/pdf-parse-8899d36f-695e-4bb4-acc9-1f187e91da67/result,HTTPError('404 Client Error: Not Found for url: /api/pdf-parser/jobs/pdf-parse-8899d36f-695e-4bb4-acc9-1f187e91da67/result'),2
GET,/api/pdf-parser/jobs/pdf-parse-5e4778a9-5984-48c4-8e54-4df8525d27fe/result,HTTPError('404 Client Error: Not Found for url: /api/pdf-parser/jobs/pdf-parse-5e4778a9-5984-48c4-8e54-4df8525d27fe/result'),1
GET,/api/pdf-parser/jobs/pdf-parse-caea6bad-8c77-4606-aabd-70dbde64ac13/result,HTTPError('404 Client Error: Not Found for url: /api/pdf-parser/jobs/pdf-parse-caea6bad-8c77-4606-aabd-70dbde64ac13/result'),1
GET,/api/pdf-parser/jobs/pdf-parse-93e48fb1-b99f-412b-9d83-6f43c8790f27/result,HTTPError('404 Client Error: Not Found for url: /api/pdf-parser/jobs/pdf-parse-93e48fb1-b99f-412b-9d83-6f43c8790f27/result'),2
GET,/api/pdf-parser/jobs/pdf-parse-f2646ed7-30c1-4997-ae66-5c34b6b4b53b/result,HTTPError('404 Client Error: Not Found for url: /api/pdf-parser/jobs/pdf-parse-f2646ed7-30c1-4997-ae66-5c34b6b4b53b/result'),2
GET,/api/pdf-parser/jobs/pdf-parse-fd78e490-3d73-4f14-8075-5e97955d4f95/result,HTTPError('404 Client Error: Not Found for url: /api/pdf-parser/jobs/pdf-parse-fd78e490-3d73-4f14-8075-5e97955d4f95/result'),1
GET,/api/pdf-parser/jobs/pdf-parse-21f6f7af-5767-4bf1-91a7-db6ad767f8b9/result,HTTPError('404 Client Error: Not Found for url: /api/pdf-parser/jobs/pdf-parse-21f6f7af-5767-4bf1-91a7-db6ad767f8b9/result'),1
GET,/api/pdf-parser/jobs/pdf-parse-f85ab2cf-639a-4593-8c35-784598c62e78/result,HTTPError('404 Client Error: Not Found for url: /api/pdf-parser/jobs/pdf-parse-f85ab2cf-639a-4593-8c35-784598c62e78/result'),1
GET,/api/pdf-parser/jobs/pdf-parse-69bf8a24-e346-4fb1-b990-a58a6d8ff5f8/result,HTTPError('404 Client Error: Not Found for url: /api/pdf-parser/jobs/pdf-parse-69bf8a24-e346-4fb1-b990-a58a6d8ff5f8/result'),2
GET,/api/pdf-parser/jobs/pdf-parse-cff6ce01-3bb3-4857-bb83-f62868743f19/result,HTTPError('404 Client Error: Not Found for url: /api/pdf-parser/jobs/pdf-parse-cff6ce01-3bb3-4857-bb83-f62868743f19/result'),1
GET,/api/pdf-parser/jobs/pdf-parse-1fe59278-65de-49bd-9d65-55176cc38736/result,HTTPError('404 Client Error: Not Found for url: /api/pdf-parser/jobs/pdf-parse-1fe59278-65de-49bd-9d65-55176cc38736/result'),1
GET,/api/pdf-parser/jobs/pdf-parse-36435b95-363c-4041-8f3f-a6ac27a28eb4/result,HTTPError('404 Client Error: Not Found for url: /api/pdf-parser/jobs/pdf-parse-36435b95-363c-4041-8f3f-a6ac27a28eb4/result'),5
GET,/api/pdf-parser/jobs/pdf-parse-b771b368-2a23-490e-934d-aa1f8197e3fb/result,HTTPError('404 Client Error: Not Found for url: /api/pdf-parser/jobs/pdf-parse-b771b368-2a23-490e-934d-aa1f8197e3fb/result'),2
GET,/api/pdf-parser/jobs/pdf-parse-1b742e08-182c-415d-99e1-e13dcc3b3f15/result,HTTPError('404 Client Error: Not Found for url: /api/pdf-parser/jobs/pdf-parse-1b742e08-182c-415d-99e1-e13dcc3b3f15/result'),2
GET,/api/pdf-parser/jobs/pdf-parse-d48f3257-5a50-4864-ac42-b60cabc37474/result,HTTPError('404 Client Error: Not Found for url: /api/pdf-parser/jobs/pdf-parse-d48f3257-5a50-4864-ac42-b60cabc37474/result'),4
GET,/api/pdf-parser/jobs/pdf-parse-a1156274-5223-43f5-909f-f6167165b419/result,HTTPError('404 Client Error: Not Found for url: /api/pdf-parser/jobs/pdf-parse-a1156274-5223-43f5-909f-f6167165b419/result'),1
GET,/api/pdf-parser/jobs/pdf-parse-72bf89d8-539a-45ac-a611-2e38def17753/result,HTTPError('404 Client Error: Not Found for url: /api/pdf-parser/jobs/pdf-parse-72bf89d8-539a-45ac-a611-2e38def17753/result'),2
GET,/api/pdf-parser/jobs/pdf-parse-bd90d08c-dced-48d0-81e1-7b86c1d32975/result,HTTPError('404 Client Error: Not Found for url: /api/pdf-parser/jobs/pdf-parse-bd90d08c-dced-48d0-81e1-7b86c1d32975/result'),1
GET,/api/pdf-parser/jobs/pdf-parse-e96c416a-c51b-4d24-9bbf-0d13ca640a36/result,HTTPError('404 Client Error: Not Found for url: /api/pdf-parser/jobs/pdf-parse-e96c416a-c51b-4d24-9bbf-0d13ca640a36/result'),2
GET,/api/pdf-parser/jobs/pdf-parse-9bdd1ec4-a671-4149-a73e-734ab59ad162/result,HTTPError('404 Client Error: Not Found for url: /api/pdf-parser/jobs/pdf-parse-9bdd1ec4-a671-4149-a73e-734ab59ad162/result'),2
GET,/api/pdf-parser/jobs/pdf-parse-099bac46-84c8-42a0-968a-6acdc38a8d9c/result,HTTPError('404 Client Error: Not Found for url: /api/pdf-parser/jobs/pdf-parse-099bac46-84c8-42a0-968a-6acdc38a8d9c/result'),2
GET,/api/pdf-parser/jobs/pdf-parse-7363ba0c-35ca-4038-a5a1-217b805fc8e2/result,HTTPError('404 Client Error: Not Found for url: /api/pdf-parser/jobs/pdf-parse-7363ba0c-35ca-4038-a5a1-217b805fc8e2/result'),2
GET,/api/pdf-parser/jobs/pdf-parse-9e938be7-1960-4e2c-9efa-a8df187b9197/result,HTTPError('404 Client Error: Not Found for url: /api/pdf-parser/jobs/pdf-parse-9e938be7-1960-4e2c-9efa-a8df187b9197/result'),1
GET,/api/pdf-parser/jobs/pdf-parse-7a5fee07-f3a8-457a-8ee8-cf78704a217c/result,HTTPError('404 Client Error: Not Found for url: /api/pdf-parser/jobs/pdf-parse-7a5fee07-f3a8-457a-8ee8-cf78704a217c/result'),1
GET,/api/pdf-parser/jobs/pdf-parse-d307d0ac-54f3-4629-9ebe-4bc0e21ea890/result,HTTPError('404 Client Error: Not Found for url: /api/pdf-parser/jobs/pdf-parse-d307d0ac-54f3-4629-9ebe-4bc0e21ea890/result'),4
GET,/api/pdf-parser/jobs/pdf-parse-dcf8d804-355a-4e23-a457-19848fdecd20/result,HTTPError('404 Client Error: Not Found for url: /api/pdf-parser/jobs/pdf-parse-dcf8d804-355a-4e23-a457-19848fdecd20/result'),1
GET,/api/pdf-parser/jobs/pdf-parse-bfd696b2-d664-4664-8c9d-09fa6f2fdbe0/result,HTTPError('404 Client Error: Not Found for url: /api/pdf-parser/jobs/pdf-parse-bfd696b2-d664-4664-8c9d-09fa6f2fdbe0/result'),3
GET,/api/pdf-parser/jobs/pdf-parse-662f8808-ca15-40f1-b290-ddc0ddf89d6c/result,HTTPError('404 Client Error: Not Found for url: /api/pdf-parser/jobs/pdf-parse-662f8808-ca15-40f1-b290-ddc0ddf89d6c/result'),1
GET,/api/pdf-parser/jobs/pdf-parse-a72f961f-dfcb-4448-9f10-fb880b0a58e7/result,HTTPError('404 Client Error: Not Found for url: /api/pdf-parser/jobs/pdf-parse-a72f961f-dfcb-4448-9f10-fb880b0a58e7/result'),1
GET,/api/pdf-parser/jobs/pdf-parse-22ffa98e-d5f3-4381-8a6f-b6ca21a51309/result,HTTPError('404 Client Error: Not Found for url: /api/pdf-parser/jobs/pdf-parse-22ffa98e-d5f3-4381-8a6f-b6ca21a51309/result'),1
GET,/api/pdf-parser/jobs/pdf-parse-6547ddac-08c8-4006-b28a-43d5a95c270b/result,HTTPError('404 Client Error: Not Found for url: /api/pdf-parser/jobs/pdf-parse-6547ddac-08c8-4006-b28a-43d5a95c270b/result'),3
GET,/api/pdf-parser/jobs/pdf-parse-42738471-77e8-45c8-bb13-31d4abbf002e/result,HTTPError('404 Client Error: Not Found for url: /api/pdf-parser/jobs/pdf-parse-42738471-77e8-45c8-bb13-31d4abbf002e/result'),3
GET,/api/pdf-parser/jobs/pdf-parse-f9ec2d66-1abf-400d-ace8-f22bc780a3dd/result,HTTPError('404 Client Error: Not Found for url: /api/pdf-parser/jobs/pdf-parse-f9ec2d66-1abf-400d-ace8-f22bc780a3dd/result'),3
GET,/api/pdf-parser/jobs/pdf-parse-42eee008-46b8-4755-9d30-9d8c1b7ba119/result,HTTPError('404 Client Error: Not Found for url: /api/pdf-parser/jobs/pdf-parse-42eee008-46b8-4755-9d30-9d8c1b7ba119/result'),1
GET,/api/pdf-parser/jobs/pdf-parse-00f31578-cf2a-4fce-970b-06313f628a9a/result,HTTPError('404 Client Error: Not Found for url: /api/pdf-parser/jobs/pdf-parse-00f31578-cf2a-4fce-970b-06313f628a9a/result'),1
GET,/api/pdf-parser/jobs/pdf-parse-4380eeba-12c0-4542-a630-73e3ceeef951/result,HTTPError('404 Client Error: Not Found for url: /api/pdf-parser/jobs/pdf-parse-4380eeba-12c0-4542-a630-73e3ceeef951/result'),3
GET,/api/pdf-parser/jobs/pdf-parse-98447be2-48ff-46d9-b873-9cf7f4011da9/result,HTTPError('404 Client Error: Not Found for url: /api/pdf-parser/jobs/pdf-parse-98447be2-48ff-46d9-b873-9cf7f4011da9/result'),1
GET,/api/pdf-parser/jobs/pdf-parse-eeb0a1f3-0341-4972-91b1-de1849be851a/result,HTTPError('404 Client Error: Not Found for url: /api/pdf-parser/jobs/pdf-parse-eeb0a1f3-0341-4972-91b1-de1849be851a/result'),2
GET,/api/pdf-parser/jobs/pdf-parse-8eadc3e6-9e03-450c-9205-59a823a59417/result,HTTPError('404 Client Error: Not Found for url: /api/pdf-parser/jobs/pdf-parse-8eadc3e6-9e03-450c-9205-59a823a59417/result'),2
GET,/api/pdf-parser/jobs/pdf-parse-bb92ca4c-1a04-47ee-9cf9-99fe9355e7da/result,HTTPError('404 Client Error: Not Found for url: /api/pdf-parser/jobs/pdf-parse-bb92ca4c-1a04-47ee-9cf9-99fe9355e7da/result'),2
GET,/api/pdf-parser/jobs/pdf-parse-ccbca22c-36b7-4f04-ac1b-6ee7b6533bac/result,HTTPError('404 Client Error: Not Found for url: /api/pdf-parser/jobs/pdf-parse-ccbca22c-36b7-4f04-ac1b-6ee7b6533bac/result'),3
GET,/api/pdf-parser/jobs/pdf-parse-05e5aa41-0d05-4311-bcbc-49db50284170/result,HTTPError('404 Client Error: Not Found for url: /api/pdf-parser/jobs/pdf-parse-05e5aa41-0d05-4311-bcbc-49db50284170/result'),3
GET,/api/pdf-parser/jobs/pdf-parse-3552b657-d537-4cd2-b498-e727f80895fc/result,HTTPError('404 Client Error: Not Found for url: /api/pdf-parser/jobs/pdf-parse-3552b657-d537-4cd2-b498-e727f80895fc/result'),1
GET,/api/pdf-parser/jobs/pdf-parse-3cdf742f-d535-4e8e-90a6-d5477bbf12a1/result,HTTPError('404 Client Error: Not Found for url: /api/pdf-parser/jobs/pdf-parse-3cdf742f-d535-4e8e-90a6-d5477bbf12a1/result'),1
GET,/api/pdf-parser/jobs/pdf-parse-8ef85452-ebf6-4d35-ab0e-01b60c59ba40/result,HTTPError('404 Client Error: Not Found for url: /api/pdf-parser/jobs/pdf-parse-8ef85452-ebf6-4d35-ab0e-01b60c59ba40/result'),1
GET,/api/pdf-parser/jobs/pdf-parse-e98c5af1-e2cf-4626-9d53-05a38bc477be/result,HTTPError('404 Client Error: Not Found for url: /api/pdf-parser/jobs/pdf-parse-e98c5af1-e2cf-4626-9d53-05a38bc477be/result'),1
GET,/api/pdf-parser/jobs/pdf-parse-cbcb2d60-0f45-4087-b2be-ba34c8cb4ce6/result,HTTPError('404 Client Error: Not Found for url: /api/pdf-parser/jobs/pdf-parse-cbcb2d60-0f45-4087-b2be-ba34c8cb4ce6/result'),1
GET,/api/pdf-parser/jobs/pdf-parse-e44ae90a-773f-4400-825b-ccbf646bf78e/result,HTTPError('404 Client Error: Not Found for url: /api/pdf-parser/jobs/pdf-parse-e44ae90a-773f-4400-825b-ccbf646bf78e/result'),1
GET,/api/pdf-parser/jobs/pdf-parse-e81e0e48-81fd-40aa-88de-75d052f01836/result,HTTPError('404 Client Error: Not Found for url: /api/pdf-parser/jobs/pdf-parse-e81e0e48-81fd-40aa-88de-75d052f01836/result'),1
GET,/api/pdf-parser/jobs/pdf-parse-af224b72-699e-4dfc-bbba-133e618c7f99/result,HTTPError('404 Client Error: Not Found for url: /api/pdf-parser/jobs/pdf-parse-af224b72-699e-4dfc-bbba-133e618c7f99/result'),1
GET,/api/pdf-parser/jobs/pdf-parse-99ceb6b8-6852-46b4-899b-f3ba6341c94f/result,HTTPError('404 Client Error: Not Found for url: /api/pdf-parser/jobs/pdf-parse-99ceb6b8-6852-46b4-899b-f3ba6341c94f/result'),4
GET,/api/pdf-parser/jobs/pdf-parse-73a70978-d5a4-49b2-aac4-8a646adea60d/result,HTTPError('404 Client Error: Not Found for url: /api/pdf-parser/jobs/pdf-parse-73a70978-d5a4-49b2-aac4-8a646adea60d/result'),1
GET,/api/pdf-parser/jobs/pdf-parse-a4a9a21f-89dc-4f59-ac8a-1c0fc5dfaa96/result,HTTPError('404 Client Error: Not Found for url: /api/pdf-parser/jobs/pdf-parse-a4a9a21f-89dc-4f59-ac8a-1c0fc5dfaa96/result'),1
GET,/api/pdf-parser/jobs/pdf-parse-70761d9c-d7ca-4090-9300-0aaf0d368a8f/result,HTTPError('404 Client Error: Not Found for url: /api/pdf-parser/jobs/pdf-parse-70761d9c-d7ca-4090-9300-0aaf0d368a8f/result'),1
GET,/api/pdf-parser/jobs/pdf-parse-2e347934-63c2-49c3-b4ae-7b4694982164/result,HTTPError('404 Client Error: Not Found for url: /api/pdf-parser/jobs/pdf-parse-2e347934-63c2-49c3-b4ae-7b4694982164/result'),5
GET,/api/pdf-parser/jobs/pdf-parse-513b98e8-e95b-4383-be92-2d50dd376c32/result,HTTPError('404 Client Error: Not Found for url: /api/pdf-parser/jobs/pdf-parse-513b98e8-e95b-4383-be92-2d50dd376c32/result'),1
GET,/api/pdf-parser/jobs/pdf-parse-feb77eab-8ffa-4c63-908d-b291f08d82b6/result,HTTPError('404 Client Error: Not Found for url: /api/pdf-parser/jobs/pdf-parse-feb77eab-8ffa-4c63-908d-b291f08d82b6/result'),2
GET,/api/pdf-parser/jobs/pdf-parse-f9d55758-70ee-43cd-8f76-afe054a0b566/result,HTTPError('404 Client Error: Not Found for url: /api/pdf-parser/jobs/pdf-parse-f9d55758-70ee-43cd-8f76-afe054a0b566/result'),2
GET,/api/pdf-parser/jobs/pdf-parse-75011f9a-186b-47d5-9db6-65a2589547e0/result,HTTPError('404 Client Error: Not Found for url: /api/pdf-parser/jobs/pdf-parse-75011f9a-186b-47d5-9db6-65a2589547e0/result'),1
GET,/api/pdf-parser/jobs/pdf-parse-48944da4-3514-4d33-a624-8b8ec17ea5b4/result,HTTPError('404 Client Error: Not Found for url: /api/pdf-parser/jobs/pdf-parse-48944da4-3514-4d33-a624-8b8ec17ea5b4/result'),3
GET,/api/pdf-parser/jobs/pdf-parse-5069ff34-df3c-4b5d-8ed1-40720989e70e/result,HTTPError('404 Client Error: Not Found for url: /api/pdf-parser/jobs/pdf-parse-5069ff34-df3c-4b5d-8ed1-40720989e70e/result'),1
GET,/api/pdf-parser/jobs/pdf-parse-d72ad559-88d5-470c-9cae-4545439cc00c/result,HTTPError('404 Client Error: Not Found for url: /api/pdf-parser/jobs/pdf-parse-d72ad559-88d5-470c-9cae-4545439cc00c/result'),3
GET,/api/pdf-parser/jobs/pdf-parse-6905f046-71e2-4a02-bff5-283f456b747c/result,HTTPError('404 Client Error: Not Found for url: /api/pdf-parser/jobs/pdf-parse-6905f046-71e2-4a02-bff5-283f456b747c/result'),4
GET,/api/pdf-parser/jobs/pdf-parse-f0c01624-e693-4f01-a4de-90ffdf6fbcfb/result,HTTPError('404 Client Error: Not Found for url: /api/pdf-parser/jobs/pdf-parse-f0c01624-e693-4f01-a4de-90ffdf6fbcfb/result'),2
GET,/api/pdf-parser/jobs/pdf-parse-b00d8eef-a393-4113-a1a2-00bfe0a88f78/result,HTTPError('404 Client Error: Not Found for url: /api/pdf-parser/jobs/pdf-parse-b00d8eef-a393-4113-a1a2-00bfe0a88f78/result'),2
GET,/api/pdf-parser/jobs/pdf-parse-b91eccdd-e311-471a-8956-c0a54c23408f/result,HTTPError('404 Client Error: Not Found for url: /api/pdf-parser/jobs/pdf-parse-b91eccdd-e311-471a-8956-c0a54c23408f/result'),1
GET,/api/pdf-parser/jobs/pdf-parse-ab885180-2362-42ef-8800-bfd0dd6f5096/result,HTTPError('404 Client Error: Not Found for url: /api/pdf-parser/jobs/pdf-parse-ab885180-2362-42ef-8800-bfd0dd6f5096/result'),1
GET,/api/pdf-parser/jobs/pdf-parse-45f537ed-e5f6-4111-b229-552d2707663f/result,HTTPError('404 Client Error: Not Found for url: /api/pdf-parser/jobs/pdf-parse-45f537ed-e5f6-4111-b229-552d2707663f/result'),1
GET,/api/pdf-parser/jobs/pdf-parse-678e3405-d24e-4037-852d-2ee9afe5d242/result,HTTPError('404 Client Error: Not Found for url: /api/pdf-parser/jobs/pdf-parse-678e3405-d24e-4037-852d-2ee9afe5d242/result'),2
GET,/api/pdf-parser/jobs/pdf-parse-99a5423d-ef12-4341-a6b1-5281b1283fcd/result,HTTPError('404 Client Error: Not Found for url: /api/pdf-parser/jobs/pdf-parse-99a5423d-ef12-4341-a6b1-5281b1283fcd/result'),2
GET,/api/pdf-parser/jobs/pdf-parse-30f7b78e-c14a-4150-a69e-3b2b30f423d2/result,HTTPError('404 Client Error: Not Found for url: /api/pdf-parser/jobs/pdf-parse-30f7b78e-c14a-4150-a69e-3b2b30f423d2/result'),1
GET,/api/pdf-parser/jobs/pdf-parse-b409c4d4-11a6-4f4f-a43a-be38842fe1d5/result,HTTPError('404 Client Error: Not Found for url: /api/pdf-parser/jobs/pdf-parse-b409c4d4-11a6-4f4f-a43a-be38842fe1d5/result'),1
GET,/api/pdf-parser/jobs/pdf-parse-a5d23eeb-28ad-414c-8572-91e7b1350f4f/result,HTTPError('404 Client Error: Not Found for url: /api/pdf-parser/jobs/pdf-parse-a5d23eeb-28ad-414c-8572-91e7b1350f4f/result'),1
GET,/api/pdf-parser/jobs/pdf-parse-b2ab372e-8862-4e62-a923-92fc13510994/result,HTTPError('404 Client Error: Not Found for url: /api/pdf-parser/jobs/pdf-parse-b2ab372e-8862-4e62-a923-92fc13510994/result'),1
GET,/api/pdf-parser/jobs/pdf-parse-29e19d92-3f70-41a4-b047-3fc045c19fc0/result,HTTPError('404 Client Error: Not Found for url: /api/pdf-parser/jobs/pdf-parse-29e19d92-3f70-41a4-b047-3fc045c19fc0/result'),1
GET,/api/pdf-parser/jobs/pdf-parse-f8798e44-9a15-4b2f-9de5-28b27c9eefe9/result,HTTPError('404 Client Error: Not Found for url: /api/pdf-parser/jobs/pdf-parse-f8798e44-9a15-4b2f-9de5-28b27c9eefe9/result'),1
GET,/api/pdf-parser/jobs/pdf-parse-552133e5-416c-4846-b4c0-88b974e84b6a/result,HTTPError('404 Client Error: Not Found for url: /api/pdf-parser/jobs/pdf-parse-552133e5-416c-4846-b4c0-88b974e84b6a/result'),2
GET,/api/pdf-parser/jobs/pdf-parse-08ec1bdf-0189-4077-91cb-123b797f50bd/result,HTTPError('404 Client Error: Not Found for url: /api/pdf-parser/jobs/pdf-parse-08ec1bdf-0189-4077-91cb-123b797f50bd/result'),1
GET,/api/pdf-parser/jobs/pdf-parse-ae099fc1-6bf5-48a9-a1b9-c0e75e12e6c3/result,HTTPError('404 Client Error: Not Found for url: /api/pdf-parser/jobs/pdf-parse-ae099fc1-6bf5-48a9-a1b9-c0e75e12e6c3/result'),1
GET,/api/pdf-parser/jobs/pdf-parse-4f712476-9623-4eaa-9bfc-df66741d6a67/result,HTTPError('404 Client Error: Not Found for url: /api/pdf-parser/jobs/pdf-parse-4f712476-9623-4eaa-9bfc-df66741d6a67/result'),1
GET,/api/pdf-parser/jobs/pdf-parse-dd27a374-7db5-40d8-9619-3a64b7d310ea/result,HTTPError('404 Client Error: Not Found for url: /api/pdf-parser/jobs/pdf-parse-dd27a374-7db5-40d8-9619-3a64b7d310ea/result'),1
GET,/api/pdf-parser/jobs/pdf-parse-ecce4061-a700-4d20-87bf-ed90f50ece86/result,HTTPError('404 Client Error: Not Found for url: /api/pdf-parser/jobs/pdf-parse-ecce4061-a700-4d20-87bf-ed90f50ece86/result'),2
GET,/api/pdf-parser/jobs/pdf-parse-b7862938-80cd-4190-a98d-43980ef84b57/result,HTTPError('404 Client Error: Not Found for url: /api/pdf-parser/jobs/pdf-parse-b7862938-80cd-4190-a98d-43980ef84b57/result'),1
GET,/api/pdf-parser/jobs/pdf-parse-3f2b72da-e846-4267-bb42-d609002364bc/result,HTTPError('404 Client Error: Not Found for url: /api/pdf-parser/jobs/pdf-parse-3f2b72da-e846-4267-bb42-d609002364bc/result'),3
GET,/api/pdf-parser/jobs/pdf-parse-af18d95c-d035-486c-a9c7-4b3377851012/result,HTTPError('404 Client Error: Not Found for url: /api/pdf-parser/jobs/pdf-parse-af18d95c-d035-486c-a9c7-4b3377851012/result'),1
GET,/api/pdf-parser/jobs/pdf-parse-91cb6c0d-39c5-429f-83c8-e7c3b00640fd/result,HTTPError('404 Client Error: Not Found for url: /api/pdf-parser/jobs/pdf-parse-91cb6c0d-39c5-429f-83c8-e7c3b00640fd/result'),1
GET,/api/pdf-parser/jobs/pdf-parse-b21eb7f1-5932-44bb-89aa-8ee3cedfac33/result,HTTPError('404 Client Error: Not Found for url: /api/pdf-parser/jobs/pdf-parse-b21eb7f1-5932-44bb-89aa-8ee3cedfac33/result'),2
GET,/api/pdf-parser/jobs/pdf-parse-7f29bcda-e561-4c07-8927-f30e6ba2d028/result,HTTPError('404 Client Error: Not Found for url: /api/pdf-parser/jobs/pdf-parse-7f29bcda-e561-4c07-8927-f30e6ba2d028/result'),1
GET,/api/pdf-parser/jobs/pdf-parse-1d626da1-e687-4bf4-90e3-0fe7356c70db/result,HTTPError('404 Client Error: Not Found for url: /api/pdf-parser/jobs/pdf-parse-1d626da1-e687-4bf4-90e3-0fe7356c70db/result'),3
GET,/api/pdf-parser/jobs/pdf-parse-99da307c-ec3f-4dde-a153-63320e21b9f3/result,HTTPError('404 Client Error: Not Found for url: /api/pdf-parser/jobs/pdf-parse-99da307c-ec3f-4dde-a153-63320e21b9f3/result'),2
GET,/api/pdf-parser/jobs/pdf-parse-95c08edc-6253-4a08-830d-a649984ddaae/result,HTTPError('404 Client Error: Not Found for url: /api/pdf-parser/jobs/pdf-parse-95c08edc-6253-4a08-830d-a649984ddaae/result'),3
GET,/api/pdf-parser/jobs/pdf-parse-8eacd577-321d-46d3-9f7e-f4d93e2bc37d/result,HTTPError('404 Client Error: Not Found for url: /api/pdf-parser/jobs/pdf-parse-8eacd577-321d-46d3-9f7e-f4d93e2bc37d/result'),3
GET,/api/pdf-parser/jobs/pdf-parse-07459149-c0bc-4cff-97e9-1f95e5e892bc/result,HTTPError('404 Client Error: Not Found for url: /api/pdf-parser/jobs/pdf-parse-07459149-c0bc-4cff-97e9-1f95e5e892bc/result'),2
GET,/api/pdf-parser/jobs/pdf-parse-084500a6-1d42-4e63-ba13-cb068b7d94ec/result,HTTPError('404 Client Error: Not Found for url: /api/pdf-parser/jobs/pdf-parse-084500a6-1d42-4e63-ba13-cb068b7d94ec/result'),3
GET,/api/pdf-parser/jobs/pdf-parse-f328d1df-508e-4592-81e3-d1565ebc33d3/result,HTTPError('404 Client Error: Not Found for url: /api/pdf-parser/jobs/pdf-parse-f328d1df-508e-4592-81e3-d1565ebc33d3/result'),2
GET,/api/pdf-parser/jobs/pdf-parse-733186f4-63da-432b-b830-b4f0304c22e4/result,HTTPError('404 Client Error: Not Found for url: /api/pdf-parser/jobs/pdf-parse-733186f4-63da-432b-b830-b4f0304c22e4/result'),1
GET,/api/pdf-parser/jobs/pdf-parse-a797ff9d-4acb-4bef-b142-0277a72dcc36/result,HTTPError('404 Client Error: Not Found for url: /api/pdf-parser/jobs/pdf-parse-a797ff9d-4acb-4bef-b142-0277a72dcc36/result'),1
GET,/api/pdf-parser/jobs/pdf-parse-f68aba93-f9af-43c4-b7c1-49f0dac39d92/result,HTTPError('404 Client Error: Not Found for url: /api/pdf-parser/jobs/pdf-parse-f68aba93-f9af-43c4-b7c1-49f0dac39d92/result'),1
GET,/api/pdf-parser/jobs/pdf-parse-a9626590-4323-4c58-8c96-78e254b8c716/result,HTTPError('404 Client Error: Not Found for url: /api/pdf-parser/jobs/pdf-parse-a9626590-4323-4c58-8c96-78e254b8c716/result'),2
GET,/api/pdf-parser/jobs/pdf-parse-668307f7-0507-42cf-aeba-994fc0845a04/result,HTTPError('404 Client Error: Not Found for url: /api/pdf-parser/jobs/pdf-parse-668307f7-0507-42cf-aeba-994fc0845a04/result'),3
GET,/api/pdf-parser/jobs/pdf-parse-8e6a3a14-ef82-46b6-ae5a-8dcbfed01d8c/result,HTTPError('404 Client Error: Not Found for url: /api/pdf-parser/jobs/pdf-parse-8e6a3a14-ef82-46b6-ae5a-8dcbfed01d8c/result'),2
GET,/api/pdf-parser/jobs/pdf-parse-0e266fd1-ae9e-4d16-a064-c0e43d706dc0/result,HTTPError('404 Client Error: Not Found for url: /api/pdf-parser/jobs/pdf-parse-0e266fd1-ae9e-4d16-a064-c0e43d706dc0/result'),2
GET,/api/pdf-parser/jobs/pdf-parse-353d7979-4da9-4701-869b-8d331b095e7e/result,HTTPError('404 Client Error: Not Found for url: /api/pdf-parser/jobs/pdf-parse-353d7979-4da9-4701-869b-8d331b095e7e/result'),1
GET,/api/pdf-parser/jobs/pdf-parse-d1545c18-6cdd-4f46-a673-e32965f0ef02/result,HTTPError('404 Client Error: Not Found for url: /api/pdf-parser/jobs/pdf-parse-d1545c18-6cdd-4f46-a673-e32965f0ef02/result'),1
GET,/api/pdf-parser/jobs/pdf-parse-fe879b29-37fc-4a34-80c9-40fed141f23e/result,HTTPError('404 Client Error: Not Found for url: /api/pdf-parser/jobs/pdf-parse-fe879b29-37fc-4a34-80c9-40fed141f23e/result'),4
GET,/api/pdf-parser/jobs/pdf-parse-f1377f82-1dbd-457c-943a-6216dd4a6d01/result,HTTPError('404 Client Error: Not Found for url: /api/pdf-parser/jobs/pdf-parse-f1377f82-1dbd-457c-943a-6216dd4a6d01/result'),1
GET,/api/pdf-parser/jobs/pdf-parse-7793fe73-d05b-490f-a2bd-c31d197f05e3/result,HTTPError('404 Client Error: Not Found for url: /api/pdf-parser/jobs/pdf-parse-7793fe73-d05b-490f-a2bd-c31d197f05e3/result'),1
GET,/api/pdf-parser/jobs/pdf-parse-729cc1d3-6810-443b-bc17-ac6f0295011c/result,HTTPError('404 Client Error: Not Found for url: /api/pdf-parser/jobs/pdf-parse-729cc1d3-6810-443b-bc17-ac6f0295011c/result'),1
GET,/api/pdf-parser/jobs/pdf-parse-cf8c804b-16d2-4438-9d18-5a481f8cc51f/result,HTTPError('404 Client Error: Not Found for url: /api/pdf-parser/jobs/pdf-parse-cf8c804b-16d2-4438-9d18-5a481f8cc51f/result'),3
GET,/api/pdf-parser/jobs/pdf-parse-152e2e50-ed30-4064-955c-271e3a12e3c3/result,HTTPError('404 Client Error: Not Found for url: /api/pdf-parser/jobs/pdf-parse-152e2e50-ed30-4064-955c-271e3a12e3c3/result'),1
GET,/api/pdf-parser/jobs/pdf-parse-e6673f6b-ea7e-4fa0-ae1c-1ba9f3aa0cfb/result,HTTPError('404 Client Error: Not Found for url: /api/pdf-parser/jobs/pdf-parse-e6673f6b-ea7e-4fa0-ae1c-1ba9f3aa0cfb/result'),2
GET,/api/pdf-parser/jobs/pdf-parse-32fed933-d48f-4555-84f6-5ca5e1bfaa3b/result,HTTPError('404 Client Error: Not Found for url: /api/pdf-parser/jobs/pdf-parse-32fed933-d48f-4555-84f6-5ca5e1bfaa3b/result'),4
GET,/api/pdf-parser/jobs/pdf-parse-d25e2c04-0d10-4d9a-83bf-1373a81a9f3d/result,HTTPError('404 Client Error: Not Found for url: /api/pdf-parser/jobs/pdf-parse-d25e2c04-0d10-4d9a-83bf-1373a81a9f3d/result'),1
GET,/api/pdf-parser/jobs/pdf-parse-f35b9404-a6bb-487d-94f1-b3df2ca30212/result,HTTPError('404 Client Error: Not Found for url: /api/pdf-parser/jobs/pdf-parse-f35b9404-a6bb-487d-94f1-b3df2ca30212/result'),1
GET,/api/pdf-parser/jobs/pdf-parse-d8c9b708-d6f8-4d0e-b939-2d8522101ee7/result,HTTPError('404 Client Error: Not Found for url: /api/pdf-parser/jobs/pdf-parse-d8c9b708-d6f8-4d0e-b939-2d8522101ee7/result'),1
GET,/api/pdf-parser/jobs/pdf-parse-666320fd-a31c-4938-b096-4393a96b77b1/result,HTTPError('404 Client Error: Not Found for url: /api/pdf-parser/jobs/pdf-parse-666320fd-a31c-4938-b096-4393a96b77b1/result'),1
GET,/api/pdf-parser/jobs/pdf-parse-845b151b-be3a-4653-a336-43190ec42b45/result,HTTPError('404 Client Error: Not Found for url: /api/pdf-parser/jobs/pdf-parse-845b151b-be3a-4653-a336-43190ec42b45/result'),2
GET,/api/pdf-parser/jobs/pdf-parse-075c9586-3a51-4123-8f5a-9f6048ac577a/result,HTTPError('404 Client Error: Not Found for url: /api/pdf-parser/jobs/pdf-parse-075c9586-3a51-4123-8f5a-9f6048ac577a/result'),1
GET,/api/pdf-parser/jobs/pdf-parse-7a928f9a-2c45-435b-a431-6bae9bf9190c/result,HTTPError('404 Client Error: Not Found for url: /api/pdf-parser/jobs/pdf-parse-7a928f9a-2c45-435b-a431-6bae9bf9190c/result'),2
GET,/api/pdf-parser/jobs/pdf-parse-d8f5f7b6-6dd5-4ed0-93bf-e2f75c4c3b8e/result,HTTPError('404 Client Error: Not Found for url: /api/pdf-parser/jobs/pdf-parse-d8f5f7b6-6dd5-4ed0-93bf-e2f75c4c3b8e/result'),3
GET,/api/pdf-parser/jobs/pdf-parse-91285735-d1b6-4951-800d-3f62b55f6eb0/result,HTTPError('404 Client Error: Not Found for url: /api/pdf-parser/jobs/pdf-parse-91285735-d1b6-4951-800d-3f62b55f6eb0/result'),1
GET,/api/pdf-parser/jobs/pdf-parse-84575293-7be9-49d1-b1e8-ded57e165846/result,HTTPError('404 Client Error: Not Found for url: /api/pdf-parser/jobs/pdf-parse-84575293-7be9-49d1-b1e8-ded57e165846/result'),4
GET,/api/pdf-parser/jobs/pdf-parse-63470f67-69c4-424f-ab34-9432dbf45a7e/result,HTTPError('404 Client Error: Not Found for url: /api/pdf-parser/jobs/pdf-parse-63470f67-69c4-424f-ab34-9432dbf45a7e/result'),2
GET,/api/pdf-parser/jobs/pdf-parse-ccdd1eb0-380a-49c8-bc1d-b3667552e800/result,HTTPError('404 Client Error: Not Found for url: /api/pdf-parser/jobs/pdf-parse-ccdd1eb0-380a-49c8-bc1d-b3667552e800/result'),1
GET,/api/pdf-parser/jobs/pdf-parse-59be343e-c60a-4ff3-b3cb-8ab41ade4236/result,HTTPError('404 Client Error: Not Found for url: /api/pdf-parser/jobs/pdf-parse-59be343e-c60a-4ff3-b3cb-8ab41ade4236/result'),1
GET,/api/pdf-parser/jobs/pdf-parse-f642816a-b4a5-401b-ac47-3cf9d2ae8aa2/result,HTTPError('404 Client Error: Not Found for url: /api/pdf-parser/jobs/pdf-parse-f642816a-b4a5-401b-ac47-3cf9d2ae8aa2/result'),3
GET,/api/pdf-parser/jobs/pdf-parse-ea58e486-53c6-4519-8e8e-c4415f95a4d5/result,HTTPError('404 Client Error: Not Found for url: /api/pdf-parser/jobs/pdf-parse-ea58e486-53c6-4519-8e8e-c4415f95a4d5/result'),1
GET,/api/pdf-parser/jobs/pdf-parse-9e360f09-a371-467d-be01-739fc1571eab/result,HTTPError('404 Client Error: Not Found for url: /api/pdf-parser/jobs/pdf-parse-9e360f09-a371-467d-be01-739fc1571eab/result'),1
GET,/api/pdf-parser/jobs/pdf-parse-57934255-f260-4ef6-bf6f-ebcd0d91f9d4/result,HTTPError('404 Client Error: Not Found for url: /api/pdf-parser/jobs/pdf-parse-57934255-f260-4ef6-bf6f-ebcd0d91f9d4/result'),1
GET,/api/pdf-parser/jobs/pdf-parse-574076e2-b077-4326-bbcf-f995891f89fa/result,HTTPError('404 Client Error: Not Found for url: /api/pdf-parser/jobs/pdf-parse-574076e2-b077-4326-bbcf-f995891f89fa/result'),3
GET,/api/pdf-parser/jobs/pdf-parse-042c78af-28f2-453d-98f5-ce0ea06d03e8/result,HTTPError('404 Client Error: Not Found for url: /api/pdf-parser/jobs/pdf-parse-042c78af-28f2-453d-98f5-ce0ea06d03e8/result'),1
GET,/api/pdf-parser/jobs/pdf-parse-9154d085-35e5-4a27-8800-eaf7939ba517/result,HTTPError('404 Client Error: Not Found for url: /api/pdf-parser/jobs/pdf-parse-9154d085-35e5-4a27-8800-eaf7939ba517/result'),1
GET,/api/pdf-parser/jobs/pdf-parse-1460c110-38a4-4d5a-aa97-09346dba3797/result,HTTPError('404 Client Error: Not Found for url: /api/pdf-parser/jobs/pdf-parse-1460c110-38a4-4d5a-aa97-09346dba3797/result'),1
GET,/api/pdf-parser/jobs/pdf-parse-fd6c767c-fa3c-41f1-9055-48c0cf53927f/result,HTTPError('404 Client Error: Not Found for url: /api/pdf-parser/jobs/pdf-parse-fd6c767c-fa3c-41f1-9055-48c0cf53927f/result'),1
GET,/api/pdf-parser/jobs/pdf-parse-73ed693d-8ed9-444f-bb16-17aea934a7e8/result,HTTPError('404 Client Error: Not Found for url: /api/pdf-parser/jobs/pdf-parse-73ed693d-8ed9-444f-bb16-17aea934a7e8/result'),1
GET,/api/pdf-parser/jobs/pdf-parse-0b40ee8a-5fab-4c52-8a9c-fa939c40158f/result,HTTPError('404 Client Error: Not Found for url: /api/pdf-parser/jobs/pdf-parse-0b40ee8a-5fab-4c52-8a9c-fa939c40158f/result'),2
GET,/api/pdf-parser/jobs/pdf-parse-88d72f0a-4678-48fb-a72d-44b0d2d77140/result,HTTPError('404 Client Error: Not Found for url: /api/pdf-parser/jobs/pdf-parse-88d72f0a-4678-48fb-a72d-44b0d2d77140/result'),1
GET,/api/pdf-parser/jobs/pdf-parse-c1071575-aa88-4689-89ef-b0864a78e66f/result,HTTPError('404 Client Error: Not Found for url: /api/pdf-parser/jobs/pdf-parse-c1071575-aa88-4689-89ef-b0864a78e66f/result'),4
GET,/api/pdf-parser/jobs/pdf-parse-c985aebd-e7d4-48c3-82d0-160e0863e202/result,HTTPError('404 Client Error: Not Found for url: /api/pdf-parser/jobs/pdf-parse-c985aebd-e7d4-48c3-82d0-160e0863e202/result'),1
GET,/api/pdf-parser/jobs/pdf-parse-711a03eb-7fba-4951-9434-98da06cf5b21/result,HTTPError('404 Client Error: Not Found for url: /api/pdf-parser/jobs/pdf-parse-711a03eb-7fba-4951-9434-98da06cf5b21/result'),1
GET,/api/pdf-parser/jobs/pdf-parse-31a89ffe-3e94-4871-83ca-b581cd7b1e87/result,HTTPError('404 Client Error: Not Found for url: /api/pdf-parser/jobs/pdf-parse-31a89ffe-3e94-4871-83ca-b581cd7b1e87/result'),1
GET,/api/pdf-parser/jobs/pdf-parse-775b7642-348b-4ccc-afd0-dcc285babfe0/result,HTTPError('404 Client Error: Not Found for url: /api/pdf-parser/jobs/pdf-parse-775b7642-348b-4ccc-afd0-dcc285babfe0/result'),2
GET,/api/pdf-parser/jobs/pdf-parse-73ddb56f-daa7-44ad-9252-7a7764fa3a1f/result,HTTPError('404 Client Error: Not Found for url: /api/pdf-parser/jobs/pdf-parse-73ddb56f-daa7-44ad-9252-7a7764fa3a1f/result'),3
GET,/api/pdf-parser/jobs/pdf-parse-f4b2f503-33ee-4203-b6af-d2ea050cd2da/result,HTTPError('404 Client Error: Not Found for url: /api/pdf-parser/jobs/pdf-parse-f4b2f503-33ee-4203-b6af-d2ea050cd2da/result'),2
GET,/api/pdf-parser/jobs/pdf-parse-36eb8bc8-6f35-43c3-9cd4-bf6676455d40/result,HTTPError('404 Client Error: Not Found for url: /api/pdf-parser/jobs/pdf-parse-36eb8bc8-6f35-43c3-9cd4-bf6676455d40/result'),2
GET,/api/pdf-parser/jobs/pdf-parse-0051a235-8d8d-4542-a1fb-eaabf5b5dfba/result,HTTPError('404 Client Error: Not Found for url: /api/pdf-parser/jobs/pdf-parse-0051a235-8d8d-4542-a1fb-eaabf5b5dfba/result'),1
GET,/api/pdf-parser/jobs/pdf-parse-a988ee9b-877a-466b-a3a1-9792acbe983c/result,HTTPError('404 Client Error: Not Found for url: /api/pdf-parser/jobs/pdf-parse-a988ee9b-877a-466b-a3a1-9792acbe983c/result'),1
GET,/api/pdf-parser/jobs/pdf-parse-9ad5f897-5a5e-492a-a113-3141515e1b2f/result,HTTPError('404 Client Error: Not Found for url: /api/pdf-parser/jobs/pdf-parse-9ad5f897-5a5e-492a-a113-3141515e1b2f/result'),1
GET,/api/pdf-parser/jobs/pdf-parse-809535c0-fe72-4f23-869a-699cd0ec8e01/result,HTTPError('404 Client Error: Not Found for url: /api/pdf-parser/jobs/pdf-parse-809535c0-fe72-4f23-869a-699cd0ec8e01/result'),5
GET,/api/pdf-parser/jobs/pdf-parse-7816cc5f-7b1c-4567-9b83-51f81b7c7e9e/result,HTTPError('404 Client Error: Not Found for url: /api/pdf-parser/jobs/pdf-parse-7816cc5f-7b1c-4567-9b83-51f81b7c7e9e/result'),1
GET,/api/pdf-parser/jobs/pdf-parse-0510b7cc-b76c-4f94-80bf-b63644d7e37f/result,HTTPError('404 Client Error: Not Found for url: /api/pdf-parser/jobs/pdf-parse-0510b7cc-b76c-4f94-80bf-b63644d7e37f/result'),1
GET,/api/pdf-parser/jobs/pdf-parse-19d0c0cd-8b62-41cc-8342-eaa916abdf97/result,HTTPError('404 Client Error: Not Found for url: /api/pdf-parser/jobs/pdf-parse-19d0c0cd-8b62-41cc-8342-eaa916abdf97/result'),1
GET,/api/pdf-parser/jobs/pdf-parse-77e8dc2d-0b15-4bd0-a3c0-883fe28ec580/result,HTTPError('404 Client Error: Not Found for url: /api/pdf-parser/jobs/pdf-parse-77e8dc2d-0b15-4bd0-a3c0-883fe28ec580/result'),1
GET,/api/pdf-parser/jobs/pdf-parse-67aa819c-eb85-4ce1-86ab-166488b45705/result,HTTPError('404 Client Error: Not Found for url: /api/pdf-parser/jobs/pdf-parse-67aa819c-eb85-4ce1-86ab-166488b45705/result'),1
GET,/api/pdf-parser/jobs/pdf-parse-543f4f63-c1c4-42b0-a501-289ce53bfef8/result,HTTPError('404 Client Error: Not Found for url: /api/pdf-parser/jobs/pdf-parse-543f4f63-c1c4-42b0-a501-289ce53bfef8/result'),2
GET,/api/pdf-parser/jobs/pdf-parse-400bf10a-a3d3-476f-a9f4-b2946071217f/result,HTTPError('404 Client Error: Not Found for url: /api/pdf-parser/jobs/pdf-parse-400bf10a-a3d3-476f-a9f4-b2946071217f/result'),2
GET,/api/pdf-parser/jobs/pdf-parse-a8e19bc0-f1d6-4142-a0c8-b2090674f743/result,HTTPError('404 Client Error: Not Found for url: /api/pdf-parser/jobs/pdf-parse-a8e19bc0-f1d6-4142-a0c8-b2090674f743/result'),1
GET,/api/pdf-parser/jobs/pdf-parse-853e83fd-14c0-469c-a7a2-f2d3307fcbb4/result,HTTPError('404 Client Error: Not Found for url: /api/pdf-parser/jobs/pdf-parse-853e83fd-14c0-469c-a7a2-f2d3307fcbb4/result'),2
GET,/api/pdf-parser/jobs/pdf-parse-cb5868b1-c4d7-4d70-a309-ad6969f15680/result,HTTPError('404 Client Error: Not Found for url: /api/pdf-parser/jobs/pdf-parse-cb5868b1-c4d7-4d70-a309-ad6969f15680/result'),1
GET,/api/pdf-parser/jobs/pdf-parse-a175215d-5e80-45d5-90b6-3126394164ee/result,HTTPError('404 Client Error: Not Found for url: /api/pdf-parser/jobs/pdf-parse-a175215d-5e80-45d5-90b6-3126394164ee/result'),4
GET,/api/pdf-parser/jobs/pdf-parse-725d3ffd-19de-492d-814a-f034a288d0fc/result,HTTPError('404 Client Error: Not Found for url: /api/pdf-parser/jobs/pdf-parse-725d3ffd-19de-492d-814a-f034a288d0fc/result'),2
GET,/api/pdf-parser/jobs/pdf-parse-9fb80866-e641-4ec4-af7b-e0d0a4165a70/result,HTTPError('404 Client Error: Not Found for url: /api/pdf-parser/jobs/pdf-parse-9fb80866-e641-4ec4-af7b-e0d0a4165a70/result'),1
GET,/api/pdf-parser/jobs/pdf-parse-d78132e7-a10c-4933-ba4d-30c7b2457c4b/result,HTTPError('404 Client Error: Not Found for url: /api/pdf-parser/jobs/pdf-parse-d78132e7-a10c-4933-ba4d-30c7b2457c4b/result'),1
GET,/api/pdf-parser/jobs/pdf-parse-dbb5bc70-2144-42a6-bbe8-419a63048d29/result,HTTPError('404 Client Error: Not Found for url: /api/pdf-parser/jobs/pdf-parse-dbb5bc70-2144-42a6-bbe8-419a63048d29/result'),2
GET,/api/pdf-parser/jobs/pdf-parse-8c04a28a-25bc-4803-96d2-aa5178c066aa/result,HTTPError('404 Client Error: Not Found for url: /api/pdf-parser/jobs/pdf-parse-8c04a28a-25bc-4803-96d2-aa5178c066aa/result'),2
GET,/api/pdf-parser/jobs/pdf-parse-b73a6444-2623-45a8-8e53-fdef38a4be95/result,HTTPError('404 Client Error: Not Found for url: /api/pdf-parser/jobs/pdf-parse-b73a6444-2623-45a8-8e53-fdef38a4be95/result'),3
GET,/api/pdf-parser/jobs/pdf-parse-6f337c57-6fce-4892-9538-52b9042aee26/result,HTTPError('404 Client Error: Not Found for url: /api/pdf-parser/jobs/pdf-parse-6f337c57-6fce-4892-9538-52b9042aee26/result'),1
GET,/api/pdf-parser/jobs/pdf-parse-4ba1f644-7e5d-4bc1-a29a-2edae75c0fbb/result,HTTPError('404 Client Error: Not Found for url: /api/pdf-parser/jobs/pdf-parse-4ba1f644-7e5d-4bc1-a29a-2edae75c0fbb/result'),1
GET,/api/pdf-parser/jobs/pdf-parse-7bf4b624-fa6d-4814-a163-60b426c3cfb4/result,HTTPError('404 Client Error: Not Found for url: /api/pdf-parser/jobs/pdf-parse-7bf4b624-fa6d-4814-a163-60b426c3cfb4/result'),3
GET,/api/pdf-parser/jobs/pdf-parse-654b9d69-6bd4-4862-a704-bced02e1c3ba/result,HTTPError('404 Client Error: Not Found for url: /api/pdf-parser/jobs/pdf-parse-654b9d69-6bd4-4862-a704-bced02e1c3ba/result'),1
GET,/api/pdf-parser/jobs/pdf-parse-c62f212b-1874-4998-83a5-119fec51e791/result,HTTPError('404 Client Error: Not Found for url: /api/pdf-parser/jobs/pdf-parse-c62f212b-1874-4998-83a5-119fec51e791/result'),2
GET,/api/pdf-parser/jobs/pdf-parse-4baa15bf-b587-458f-b31a-00769b9944ac/result,HTTPError('404 Client Error: Not Found for url: /api/pdf-parser/jobs/pdf-parse-4baa15bf-b587-458f-b31a-00769b9944ac/result'),1
GET,/api/pdf-parser/jobs/pdf-parse-631934d7-d44c-4fd6-a396-09d5d113f597/result,HTTPError('404 Client Error: Not Found for url: /api/pdf-parser/jobs/pdf-parse-631934d7-d44c-4fd6-a396-09d5d113f597/result'),3
GET,/api/pdf-parser/jobs/pdf-parse-c4e459bc-f5e5-4bc7-bfde-165418bf0638/result,HTTPError('404 Client Error: Not Found for url: /api/pdf-parser/jobs/pdf-parse-c4e459bc-f5e5-4bc7-bfde-165418bf0638/result'),1
GET,/api/pdf-parser/jobs/pdf-parse-9f6d7644-56ce-4844-ad65-1e12e086b879/result,HTTPError('404 Client Error: Not Found for url: /api/pdf-parser/jobs/pdf-parse-9f6d7644-56ce-4844-ad65-1e12e086b879/result'),1
GET,/api/pdf-parser/jobs/pdf-parse-3b0b8888-7c06-44ce-aed4-6198e762b622/result,HTTPError('404 Client Error: Not Found for url: /api/pdf-parser/jobs/pdf-parse-3b0b8888-7c06-44ce-aed4-6198e762b622/result'),1
GET,/api/pdf-parser/jobs/pdf-parse-8712cd65-cd57-4ed6-8bee-78f4246091d5/result,HTTPError('404 Client Error: Not Found for url: /api/pdf-parser/jobs/pdf-parse-8712cd65-cd57-4ed6-8bee-78f4246091d5/result'),1
GET,/api/pdf-parser/jobs/pdf-parse-500c1b27-1adc-4e25-9841-0632a45a37fb/result,HTTPError('404 Client Error: Not Found for url: /api/pdf-parser/jobs/pdf-parse-500c1b27-1adc-4e25-9841-0632a45a37fb/result'),1
GET,/api/pdf-parser/jobs/pdf-parse-9c0b2e89-549c-42fa-ad40-4cd5a9ad83dd/result,HTTPError('404 Client Error: Not Found for url: /api/pdf-parser/jobs/pdf-parse-9c0b2e89-549c-42fa-ad40-4cd5a9ad83dd/result'),3
GET,/api/pdf-parser/jobs/pdf-parse-7d21cbff-5919-4be5-917e-c08b7326912a/result,HTTPError('404 Client Error: Not Found for url: /api/pdf-parser/jobs/pdf-parse-7d21cbff-5919-4be5-917e-c08b7326912a/result'),1
GET,/api/pdf-parser/jobs/pdf-parse-2f291f34-0d16-427b-aee7-140c386af891/result,HTTPError('404 Client Error: Not Found for url: /api/pdf-parser/jobs/pdf-parse-2f291f34-0d16-427b-aee7-140c386af891/result'),1
GET,/api/pdf-parser/jobs/pdf-parse-629a97e5-30d3-4ba3-bc5f-ecfcb253b65c/result,HTTPError('404 Client Error: Not Found for url: /api/pdf-parser/jobs/pdf-parse-629a97e5-30d3-4ba3-bc5f-ecfcb253b65c/result'),1
GET,/api/pdf-parser/jobs/pdf-parse-20e6b0cc-5836-4b12-9893-b243ceb5f2b6/result,HTTPError('404 Client Error: Not Found for url: /api/pdf-parser/jobs/pdf-parse-20e6b0cc-5836-4b12-9893-b243ceb5f2b6/result'),3
GET,/api/pdf-parser/jobs/pdf-parse-14c958bf-796d-45d2-abee-544386ff4a59/result,HTTPError('404 Client Error: Not Found for url: /api/pdf-parser/jobs/pdf-parse-14c958bf-796d-45d2-abee-544386ff4a59/result'),2
GET,/api/pdf-parser/jobs/pdf-parse-c368aa64-1488-46be-85b4-bc1149d80f26/result,HTTPError('404 Client Error: Not Found for url: /api/pdf-parser/jobs/pdf-parse-c368aa64-1488-46be-85b4-bc1149d80f26/result'),1
GET,/api/pdf-parser/jobs/pdf-parse-07b331b0-d39d-461d-afd7-9a9e96d04736/result,HTTPError('404 Client Error: Not Found for url: /api/pdf-parser/jobs/pdf-parse-07b331b0-d39d-461d-afd7-9a9e96d04736/result'),3
GET,/api/pdf-parser/jobs/pdf-parse-29053ef4-058e-4ab1-a82d-237668ebc546/result,HTTPError('404 Client Error: Not Found for url: /api/pdf-parser/jobs/pdf-parse-29053ef4-058e-4ab1-a82d-237668ebc546/result'),3
GET,/api/pdf-parser/jobs/pdf-parse-718333f0-6540-48bd-83c4-f0b6c61aac96/result,HTTPError('404 Client Error: Not Found for url: /api/pdf-parser/jobs/pdf-parse-718333f0-6540-48bd-83c4-f0b6c61aac96/result'),5
GET,/api/pdf-parser/jobs/pdf-parse-23620d22-2a2a-4b5a-8bde-847f7a2b4e53/result,HTTPError('404 Client Error: Not Found for url: /api/pdf-parser/jobs/pdf-parse-23620d22-2a2a-4b5a-8bde-847f7a2b4e53/result'),1
GET,/api/pdf-parser/jobs/pdf-parse-ef22f71d-730a-40a5-82d7-aa42d816e635/result,HTTPError('404 Client Error: Not Found for url: /api/pdf-parser/jobs/pdf-parse-ef22f71d-730a-40a5-82d7-aa42d816e635/result'),1
GET,/api/pdf-parser/jobs/pdf-parse-3faeaebc-6216-45a0-965f-f89ace860f74/result,HTTPError('404 Client Error: Not Found for url: /api/pdf-parser/jobs/pdf-parse-3faeaebc-6216-45a0-965f-f89ace860f74/result'),2
GET,/api/pdf-parser/jobs/pdf-parse-e2dc5a48-bbed-4467-ad04-de4e06a2f983/result,HTTPError('404 Client Error: Not Found for url: /api/pdf-parser/jobs/pdf-parse-e2dc5a48-bbed-4467-ad04-de4e06a2f983/result'),3
GET,/api/pdf-parser/jobs/pdf-parse-841b0d6b-e2b9-4a92-b1a1-4069346428ad/result,HTTPError('404 Client Error: Not Found for url: /api/pdf-parser/jobs/pdf-parse-841b0d6b-e2b9-4a92-b1a1-4069346428ad/result'),1
GET,/api/pdf-parser/jobs/pdf-parse-48d03f81-ca96-4b69-ac38-4132ced3f1af/result,HTTPError('404 Client Error: Not Found for url: /api/pdf-parser/jobs/pdf-parse-48d03f81-ca96-4b69-ac38-4132ced3f1af/result'),1
GET,/api/pdf-parser/jobs/pdf-parse-6f2b256d-42d7-4a83-9751-53131cde1d90/result,HTTPError('404 Client Error: Not Found for url: /api/pdf-parser/jobs/pdf-parse-6f2b256d-42d7-4a83-9751-53131cde1d90/result'),1
GET,/api/pdf-parser/jobs/pdf-parse-76c17af1-e8ea-41e7-b21b-779c9710ae0a/result,HTTPError('404 Client Error: Not Found for url: /api/pdf-parser/jobs/pdf-parse-76c17af1-e8ea-41e7-b21b-779c9710ae0a/result'),2
GET,/api/pdf-parser/jobs/pdf-parse-2cc81d2e-c66b-4506-b93a-afcb5f7a674e/result,HTTPError('404 Client Error: Not Found for url: /api/pdf-parser/jobs/pdf-parse-2cc81d2e-c66b-4506-b93a-afcb5f7a674e/result'),1
GET,/api/pdf-parser/jobs/pdf-parse-d93fd9dc-0516-42f9-bad1-b6847fa28206/result,HTTPError('404 Client Error: Not Found for url: /api/pdf-parser/jobs/pdf-parse-d93fd9dc-0516-42f9-bad1-b6847fa28206/result'),1
GET,/api/pdf-parser/jobs/pdf-parse-f579e536-01b7-4731-a570-72474c955b16/result,HTTPError('404 Client Error: Not Found for url: /api/pdf-parser/jobs/pdf-parse-f579e536-01b7-4731-a570-72474c955b16/result'),1
GET,/api/pdf-parser/jobs/pdf-parse-cb0c2000-7543-43bc-9ab9-12aca78adf8d/result,HTTPError('404 Client Error: Not Found for url: /api/pdf-parser/jobs/pdf-parse-cb0c2000-7543-43bc-9ab9-12aca78adf8d/result'),1
GET,/api/pdf-parser/jobs/pdf-parse-5ca12ef4-d1b1-4e65-9683-3cddd7ed2217/result,HTTPError('404 Client Error: Not Found for url: /api/pdf-parser/jobs/pdf-parse-5ca12ef4-d1b1-4e65-9683-3cddd7ed2217/result'),2
GET,/api/pdf-parser/jobs/pdf-parse-0374ba72-a6eb-4e0c-ba69-92923c72f57a/result,HTTPError('404 Client Error: Not Found for url: /api/pdf-parser/jobs/pdf-parse-0374ba72-a6eb-4e0c-ba69-92923c72f57a/result'),2
GET,/api/pdf-parser/jobs/pdf-parse-94298585-030b-422d-950d-3cb10a887e8d/result,HTTPError('404 Client Error: Not Found for url: /api/pdf-parser/jobs/pdf-parse-94298585-030b-422d-950d-3cb10a887e8d/result'),1
GET,/api/pdf-parser/jobs/pdf-parse-be225a7f-f9e0-4d88-abe3-d4114fcd2330/result,HTTPError('404 Client Error: Not Found for url: /api/pdf-parser/jobs/pdf-parse-be225a7f-f9e0-4d88-abe3-d4114fcd2330/result'),1
GET,/api/pdf-parser/jobs/pdf-parse-63a1f502-742e-4534-8d66-b54c7ac5f88c/result,HTTPError('404 Client Error: Not Found for url: /api/pdf-parser/jobs/pdf-parse-63a1f502-742e-4534-8d66-b54c7ac5f88c/result'),1
GET,/api/pdf-parser/jobs/pdf-parse-109a3af0-1d47-4610-9195-bb69039fd067/result,HTTPError('404 Client Error: Not Found for url: /api/pdf-parser/jobs/pdf-parse-109a3af0-1d47-4610-9195-bb69039fd067/result'),3
GET,/api/pdf-parser/jobs/pdf-parse-2097432b-6a16-4c42-bb39-6b979c864010/result,HTTPError('404 Client Error: Not Found for url: /api/pdf-parser/jobs/pdf-parse-2097432b-6a16-4c42-bb39-6b979c864010/result'),3
GET,/api/pdf-parser/jobs/pdf-parse-0339313a-b347-4509-8cda-a4f0f66e3a47/result,HTTPError('404 Client Error: Not Found for url: /api/pdf-parser/jobs/pdf-parse-0339313a-b347-4509-8cda-a4f0f66e3a47/result'),2
GET,/api/pdf-parser/jobs/pdf-parse-2635b0fc-da90-4edd-b1b7-99bf9f0ae36c/result,HTTPError('404 Client Error: Not Found for url: /api/pdf-parser/jobs/pdf-parse-2635b0fc-da90-4edd-b1b7-99bf9f0ae36c/result'),1
GET,/api/pdf-parser/jobs/pdf-parse-41cc3d1a-cdf1-44d4-b35a-3cf52e096133/result,HTTPError('404 Client Error: Not Found for url: /api/pdf-parser/jobs/pdf-parse-41cc3d1a-cdf1-44d4-b35a-3cf52e096133/result'),2
GET,/api/pdf-parser/jobs/pdf-parse-4a10eb4d-daca-4fdb-a26f-9f93ba773014/result,HTTPError('404 Client Error: Not Found for url: /api/pdf-parser/jobs/pdf-parse-4a10eb4d-daca-4fdb-a26f-9f93ba773014/result'),1
GET,/api/pdf-parser/jobs/pdf-parse-8ca28019-1038-44a2-9a56-dd7857f92718/result,HTTPError('404 Client Error: Not Found for url: /api/pdf-parser/jobs/pdf-parse-8ca28019-1038-44a2-9a56-dd7857f92718/result'),2
GET,/api/pdf-parser/jobs/pdf-parse-463053ee-be5e-42e7-8581-c6270a4bdc11/result,HTTPError('404 Client Error: Not Found for url: /api/pdf-parser/jobs/pdf-parse-463053ee-be5e-42e7-8581-c6270a4bdc11/result'),2
GET,/api/pdf-parser/jobs/pdf-parse-29740283-2947-48dc-b4db-06ecf904c460/result,HTTPError('404 Client Error: Not Found for url: /api/pdf-parser/jobs/pdf-parse-29740283-2947-48dc-b4db-06ecf904c460/result'),1
GET,/api/pdf-parser/jobs/pdf-parse-5863ebec-2392-4aa2-a600-c4ebee651784/result,HTTPError('404 Client Error: Not Found for url: /api/pdf-parser/jobs/pdf-parse-5863ebec-2392-4aa2-a600-c4ebee651784/result'),1
GET,/api/pdf-parser/jobs/pdf-parse-cf1e2913-7780-4975-9ae6-ccbd83ae3b00/result,HTTPError('404 Client Error: Not Found for url: /api/pdf-parser/jobs/pdf-parse-cf1e2913-7780-4975-9ae6-ccbd83ae3b00/result'),2
GET,/api/pdf-parser/jobs/pdf-parse-80a4be7f-f479-4977-aaa2-616ac0947273/result,HTTPError('404 Client Error: Not Found for url: /api/pdf-parser/jobs/pdf-parse-80a4be7f-f479-4977-aaa2-616ac0947273/result'),1
GET,/api/pdf-parser/jobs/pdf-parse-c7d16fc8-9161-4e43-b11e-f9f59f54a421/result,HTTPError('404 Client Error: Not Found for url: /api/pdf-parser/jobs/pdf-parse-c7d16fc8-9161-4e43-b11e-f9f59f54a421/result'),4
GET,/api/pdf-parser/jobs/pdf-parse-0fd1d1af-acba-4008-8f72-b9899e0c14d9/result,HTTPError('404 Client Error: Not Found for url: /api/pdf-parser/jobs/pdf-parse-0fd1d1af-acba-4008-8f72-b9899e0c14d9/result'),1
GET,/api/pdf-parser/jobs/pdf-parse-0d104c8f-a03a-42a4-8cce-3e4dd2f59539/result,HTTPError('404 Client Error: Not Found for url: /api/pdf-parser/jobs/pdf-parse-0d104c8f-a03a-42a4-8cce-3e4dd2f59539/result'),1
GET,/api/pdf-parser/jobs/pdf-parse-3aa3dd89-9531-4b3f-9482-675b8af52dbc/result,HTTPError('404 Client Error: Not Found for url: /api/pdf-parser/jobs/pdf-parse-3aa3dd89-9531-4b3f-9482-675b8af52dbc/result'),1
GET,/api/pdf-parser/jobs/pdf-parse-90fdaf4a-da21-4e8a-9785-124de2b0f120/result,HTTPError('404 Client Error: Not Found for url: /api/pdf-parser/jobs/pdf-parse-90fdaf4a-da21-4e8a-9785-124de2b0f120/result'),2
GET,/api/pdf-parser/jobs/pdf-parse-caa9e372-84d9-4435-a0be-2706c701cca4/result,HTTPError('404 Client Error: Not Found for url: /api/pdf-parser/jobs/pdf-parse-caa9e372-84d9-4435-a0be-2706c701cca4/result'),1
GET,/api/pdf-parser/jobs/pdf-parse-5cd601c7-efae-48d8-8646-ded31bb5815a/result,HTTPError('404 Client Error: Not Found for url: /api/pdf-parser/jobs/pdf-parse-5cd601c7-efae-48d8-8646-ded31bb5815a/result'),2
GET,/api/pdf-parser/jobs/pdf-parse-b1357100-48c5-409e-8280-e4126901c8b9/result,HTTPError('404 Client Error: Not Found for url: /api/pdf-parser/jobs/pdf-parse-b1357100-48c5-409e-8280-e4126901c8b9/result'),1
GET,/api/pdf-parser/jobs/pdf-parse-9e7d5493-641a-46d7-946a-8c16a3d87e85/result,HTTPError('404 Client Error: Not Found for url: /api/pdf-parser/jobs/pdf-parse-9e7d5493-641a-46d7-946a-8c16a3d87e85/result'),1
GET,/api/pdf-parser/jobs/pdf-parse-1598292d-90a2-4a92-a869-6ec8b545d137/result,HTTPError('404 Client Error: Not Found for url: /api/pdf-parser/jobs/pdf-parse-1598292d-90a2-4a92-a869-6ec8b545d137/result'),2
GET,/api/pdf-parser/jobs/pdf-parse-3999a718-4385-4a6a-acfa-0b6e52a52d0e/result,HTTPError('404 Client Error: Not Found for url: /api/pdf-parser/jobs/pdf-parse-3999a718-4385-4a6a-acfa-0b6e52a52d0e/result'),1
GET,/api/pdf-parser/jobs/pdf-parse-12e0b572-44be-4001-b1a0-15bcd280a911/result,HTTPError('404 Client Error: Not Found for url: /api/pdf-parser/jobs/pdf-parse-12e0b572-44be-4001-b1a0-15bcd280a911/result'),1
GET,/api/pdf-parser/jobs/pdf-parse-d2f4697d-c43e-44c7-b814-d87a95e60174/result,HTTPError('404 Client Error: Not Found for url: /api/pdf-parser/jobs/pdf-parse-d2f4697d-c43e-44c7-b814-d87a95e60174/result'),3
GET,/api/pdf-parser/jobs/pdf-parse-f70eaf92-cde3-4726-b646-5f83548a7eb5/result,HTTPError('404 Client Error: Not Found for url: /api/pdf-parser/jobs/pdf-parse-f70eaf92-cde3-4726-b646-5f83548a7eb5/result'),2
GET,/api/pdf-parser/jobs/pdf-parse-eee06065-44cd-46c4-8810-21f893a228fc/result,HTTPError('404 Client Error: Not Found for url: /api/pdf-parser/jobs/pdf-parse-eee06065-44cd-46c4-8810-21f893a228fc/result'),1
GET,/api/pdf-parser/jobs/pdf-parse-57d85c1e-bdb0-4d8b-baeb-105eb98764d8/result,HTTPError('404 Client Error: Not Found for url: /api/pdf-parser/jobs/pdf-parse-57d85c1e-bdb0-4d8b-baeb-105eb98764d8/result'),5
GET,/api/pdf-parser/jobs/pdf-parse-97268505-adbb-43ea-b599-af9288a5132a/result,HTTPError('404 Client Error: Not Found for url: /api/pdf-parser/jobs/pdf-parse-97268505-adbb-43ea-b599-af9288a5132a/result'),1
GET,/api/pdf-parser/jobs/pdf-parse-071c21c7-55ee-4052-9485-bc7aaa78bbbf/result,HTTPError('404 Client Error: Not Found for url: /api/pdf-parser/jobs/pdf-parse-071c21c7-55ee-4052-9485-bc7aaa78bbbf/result'),1
GET,/api/pdf-parser/jobs/pdf-parse-ee49109a-3111-42b9-99cd-1ae69923b93b/result,HTTPError('404 Client Error: Not Found for url: /api/pdf-parser/jobs/pdf-parse-ee49109a-3111-42b9-99cd-1ae69923b93b/result'),1
GET,/api/pdf-parser/jobs/pdf-parse-abe0b564-0150-4850-af1e-5c9bb2ac3c39/result,HTTPError('404 Client Error: Not Found for url: /api/pdf-parser/jobs/pdf-parse-abe0b564-0150-4850-af1e-5c9bb2ac3c39/result'),4
GET,/api/pdf-parser/jobs/pdf-parse-5b7e3215-46b2-481e-998a-2e8ada387916/result,HTTPError('404 Client Error: Not Found for url: /api/pdf-parser/jobs/pdf-parse-5b7e3215-46b2-481e-998a-2e8ada387916/result'),1
GET,/api/pdf-parser/jobs/pdf-parse-9ad359de-eee2-4421-84ad-41b246710263/result,HTTPError('404 Client Error: Not Found for url: /api/pdf-parser/jobs/pdf-parse-9ad359de-eee2-4421-84ad-41b246710263/result'),3
GET,/api/pdf-parser/jobs/pdf-parse-eb08870e-b53f-448f-8a0b-377e07461436/result,HTTPError('404 Client Error: Not Found for url: /api/pdf-parser/jobs/pdf-parse-eb08870e-b53f-448f-8a0b-377e07461436/result'),1
GET,/api/pdf-parser/jobs/pdf-parse-9638a734-c8ee-47c0-a8e4-75e6fb877b50/result,HTTPError('404 Client Error: Not Found for url: /api/pdf-parser/jobs/pdf-parse-9638a734-c8ee-47c0-a8e4-75e6fb877b50/result'),2
GET,/api/pdf-parser/jobs/pdf-parse-15c6ce9e-7e90-497d-98c2-5b74655c9d72/result,HTTPError('404 Client Error: Not Found for url: /api/pdf-parser/jobs/pdf-parse-15c6ce9e-7e90-497d-98c2-5b74655c9d72/result'),2
GET,/api/pdf-parser/jobs/pdf-parse-4d1e17ce-b001-401e-b0ef-a77174c34bd9/result,HTTPError('404 Client Error: Not Found for url: /api/pdf-parser/jobs/pdf-parse-4d1e17ce-b001-401e-b0ef-a77174c34bd9/result'),1
GET,/api/pdf-parser/jobs/pdf-parse-e9e34cdc-f19d-471a-b62d-0dad5af7102d/result,HTTPError('404 Client Error: Not Found for url: /api/pdf-parser/jobs/pdf-parse-e9e34cdc-f19d-471a-b62d-0dad5af7102d/result'),1
GET,/api/pdf-parser/jobs/pdf-parse-7116358a-36f5-4c27-b029-2a8a23235487/result,HTTPError('404 Client Error: Not Found for url: /api/pdf-parser/jobs/pdf-parse-7116358a-36f5-4c27-b029-2a8a23235487/result'),2
GET,/api/pdf-parser/jobs/pdf-parse-a180e5a2-3546-4ccf-8b1e-684c4dc68c5e/result,HTTPError('404 Client Error: Not Found for url: /api/pdf-parser/jobs/pdf-parse-a180e5a2-3546-4ccf-8b1e-684c4dc68c5e/result'),1
GET,/api/pdf-parser/jobs/pdf-parse-0fb4abce-f774-4991-a148-bc32d1d44f55/result,HTTPError('404 Client Error: Not Found for url: /api/pdf-parser/jobs/pdf-parse-0fb4abce-f774-4991-a148-bc32d1d44f55/result'),2
GET,/api/pdf-parser/jobs/pdf-parse-1bf4b2ad-5519-4bb2-a6e8-972bb63683fc/result,HTTPError('404 Client Error: Not Found for url: /api/pdf-parser/jobs/pdf-parse-1bf4b2ad-5519-4bb2-a6e8-972bb63683fc/result'),1
GET,/api/pdf-parser/jobs/pdf-parse-f9ece23e-7d4b-44fa-8ba9-c7f523bbf8a4/result,HTTPError('404 Client Error: Not Found for url: /api/pdf-parser/jobs/pdf-parse-f9ece23e-7d4b-44fa-8ba9-c7f523bbf8a4/result'),1
GET,/api/pdf-parser/jobs/pdf-parse-bfbe207d-c613-4ed4-a7c6-4e61ebbc47fd/result,HTTPError('404 Client Error: Not Found for url: /api/pdf-parser/jobs/pdf-parse-bfbe207d-c613-4ed4-a7c6-4e61ebbc47fd/result'),2
GET,/api/pdf-parser/jobs/pdf-parse-ccdaa2a1-6b6e-4737-a633-ae10ced83edf/result,HTTPError('404 Client Error: Not Found for url: /api/pdf-parser/jobs/pdf-parse-ccdaa2a1-6b6e-4737-a633-ae10ced83edf/result'),4
GET,/api/pdf-parser/jobs/pdf-parse-bf3c1810-d4d1-48f3-b2cd-303d5f3bbd89/result,HTTPError('404 Client Error: Not Found for url: /api/pdf-parser/jobs/pdf-parse-bf3c1810-d4d1-48f3-b2cd-303d5f3bbd89/result'),2
GET,/api/pdf-parser/jobs/pdf-parse-836bc628-11f4-40d6-8242-088628821218/result,HTTPError('404 Client Error: Not Found for url: /api/pdf-parser/jobs/pdf-parse-836bc628-11f4-40d6-8242-088628821218/result'),2
GET,/api/pdf-parser/jobs/pdf-parse-ff77523b-0954-4582-a712-35621af5296a/result,HTTPError('404 Client Error: Not Found for url: /api/pdf-parser/jobs/pdf-parse-ff77523b-0954-4582-a712-35621af5296a/result'),2
GET,/api/pdf-parser/jobs/pdf-parse-0c130569-dc29-41d7-9826-45f42fa9480d/result,HTTPError('404 Client Error: Not Found for url: /api/pdf-parser/jobs/pdf-parse-0c130569-dc29-41d7-9826-45f42fa9480d/result'),1
GET,/api/pdf-parser/jobs/pdf-parse-d9ffc4e7-fb1f-4c50-9965-1fd082988318/result,HTTPError('404 Client Error: Not Found for url: /api/pdf-parser/jobs/pdf-parse-d9ffc4e7-fb1f-4c50-9965-1fd082988318/result'),4
GET,/api/pdf-parser/jobs/pdf-parse-41018328-7bd8-4900-91ff-ca0df5e4899a/result,HTTPError('404 Client Error: Not Found for url: /api/pdf-parser/jobs/pdf-parse-41018328-7bd8-4900-91ff-ca0df5e4899a/result'),1
GET,/api/pdf-parser/jobs/pdf-parse-bb9be301-c360-43f5-9153-12ce78253d83/result,HTTPError('404 Client Error: Not Found for url: /api/pdf-parser/jobs/pdf-parse-bb9be301-c360-43f5-9153-12ce78253d83/result'),2
GET,/api/pdf-parser/jobs/pdf-parse-4752f5aa-83fd-4c53-bf9c-1dd4b8083ee7/result,HTTPError('404 Client Error: Not Found for url: /api/pdf-parser/jobs/pdf-parse-4752f5aa-83fd-4c53-bf9c-1dd4b8083ee7/result'),2
GET,/api/pdf-parser/jobs/pdf-parse-77b9208a-4b66-4e08-be1b-1c67cbefa081/result,HTTPError('404 Client Error: Not Found for url: /api/pdf-parser/jobs/pdf-parse-77b9208a-4b66-4e08-be1b-1c67cbefa081/result'),3
GET,/api/pdf-parser/jobs/pdf-parse-58350e5e-0719-4418-b897-37f2cdf0e4cb/result,HTTPError('404 Client Error: Not Found for url: /api/pdf-parser/jobs/pdf-parse-58350e5e-0719-4418-b897-37f2cdf0e4cb/result'),1
GET,/api/pdf-parser/jobs/pdf-parse-badae02c-24fd-427a-bc1c-8d13970403d0/result,HTTPError('404 Client Error: Not Found for url: /api/pdf-parser/jobs/pdf-parse-badae02c-24fd-427a-bc1c-8d13970403d0/result'),1
GET,/api/pdf-parser/jobs/pdf-parse-787cb9dd-c0a2-41ef-abf4-cb001d832503/result,HTTPError('404 Client Error: Not Found for url: /api/pdf-parser/jobs/pdf-parse-787cb9dd-c0a2-41ef-abf4-cb001d832503/result'),3
GET,/api/pdf-parser/jobs/pdf-parse-b25e2c2d-7385-4fbb-8c02-844d6ecdaee8/result,HTTPError('404 Client Error: Not Found for url: /api/pdf-parser/jobs/pdf-parse-b25e2c2d-7385-4fbb-8c02-844d6ecdaee8/result'),1
GET,/api/pdf-parser/jobs/pdf-parse-159ab948-1ebf-4a03-a4bb-980eff17ecab/result,HTTPError('404 Client Error: Not Found for url: /api/pdf-parser/jobs/pdf-parse-159ab948-1ebf-4a03-a4bb-980eff17ecab/result'),4
GET,/api/pdf-parser/jobs/pdf-parse-d1ef68df-3613-45dc-867d-57c682f38bae/result,HTTPError('404 Client Error: Not Found for url: /api/pdf-parser/jobs/pdf-parse-d1ef68df-3613-45dc-867d-57c682f38bae/result'),1
GET,/api/pdf-parser/jobs/pdf-parse-a338e31e-7faa-429a-b043-af195508af16/result,HTTPError('404 Client Error: Not Found for url: /api/pdf-parser/jobs/pdf-parse-a338e31e-7faa-429a-b043-af195508af16/result'),1
GET,/api/pdf-parser/jobs/pdf-parse-2be9a639-e41f-4872-857c-74c223d25000/result,HTTPError('404 Client Error: Not Found for url: /api/pdf-parser/jobs/pdf-parse-2be9a639-e41f-4872-857c-74c223d25000/result'),1
GET,/api/pdf-parser/jobs/pdf-parse-15fa7b3f-dab9-4b90-bd55-97855e3e026a/result,HTTPError('404 Client Error: Not Found for url: /api/pdf-parser/jobs/pdf-parse-15fa7b3f-dab9-4b90-bd55-97855e3e026a/result'),5
GET,/api/pdf-parser/jobs/pdf-parse-fff249db-bf2a-4998-8b1f-8ca8a310c5e8/result,HTTPError('404 Client Error: Not Found for url: /api/pdf-parser/jobs/pdf-parse-fff249db-bf2a-4998-8b1f-8ca8a310c5e8/result'),1
GET,/api/pdf-parser/jobs/pdf-parse-d9325b51-c9dd-40d4-b8a5-8511ffd0f163/result,HTTPError('404 Client Error: Not Found for url: /api/pdf-parser/jobs/pdf-parse-d9325b51-c9dd-40d4-b8a5-8511ffd0f163/result'),1
GET,/api/pdf-parser/jobs/pdf-parse-f2dc54b2-af91-41bc-8f9c-c17ebec8603d/result,HTTPError('404 Client Error: Not Found for url: /api/pdf-parser/jobs/pdf-parse-f2dc54b2-af91-41bc-8f9c-c17ebec8603d/result'),2
GET,/api/pdf-parser/jobs/pdf-parse-1a017738-769d-4ea0-8c83-72fd09e7bb8e/result,HTTPError('404 Client Error: Not Found for url: /api/pdf-parser/jobs/pdf-parse-1a017738-769d-4ea0-8c83-72fd09e7bb8e/result'),2
GET,/api/pdf-parser/jobs/pdf-parse-197ed225-26dd-451b-a400-f1534b938b58/result,HTTPError('404 Client Error: Not Found for url: /api/pdf-parser/jobs/pdf-parse-197ed225-26dd-451b-a400-f1534b938b58/result'),1
GET,/api/pdf-parser/jobs/pdf-parse-ec89ad44-1853-4811-9cb2-3c622a73a1ac/result,HTTPError('404 Client Error: Not Found for url: /api/pdf-parser/jobs/pdf-parse-ec89ad44-1853-4811-9cb2-3c622a73a1ac/result'),1
GET,/api/pdf-parser/jobs/pdf-parse-9a0991ea-42d9-4131-93f2-7d7cdfa8fe34/result,HTTPError('404 Client Error: Not Found for url: /api/pdf-parser/jobs/pdf-parse-9a0991ea-42d9-4131-93f2-7d7cdfa8fe34/result'),1
GET,/api/pdf-parser/jobs/pdf-parse-759e27d9-12a9-4e5c-a9c4-1d3136b95317/result,HTTPError('404 Client Error: Not Found for url: /api/pdf-parser/jobs/pdf-parse-759e27d9-12a9-4e5c-a9c4-1d3136b95317/result'),4
GET,/api/pdf-parser/jobs/pdf-parse-e119e14c-ad5c-4290-a84a-370b73e794c4/result,HTTPError('404 Client Error: Not Found for url: /api/pdf-parser/jobs/pdf-parse-e119e14c-ad5c-4290-a84a-370b73e794c4/result'),2
GET,/api/pdf-parser/jobs/pdf-parse-c9d0397d-fcef-406a-9ac7-fe7731591fb2/result,HTTPError('404 Client Error: Not Found for url: /api/pdf-parser/jobs/pdf-parse-c9d0397d-fcef-406a-9ac7-fe7731591fb2/result'),6
GET,/api/pdf-parser/jobs/pdf-parse-12049ea8-b1c8-4e38-ae5a-089bf9f7945b/result,HTTPError('404 Client Error: Not Found for url: /api/pdf-parser/jobs/pdf-parse-12049ea8-b1c8-4e38-ae5a-089bf9f7945b/result'),1
GET,/api/pdf-parser/jobs/pdf-parse-61f43c97-8931-40d5-b008-284ff3674890/result,HTTPError('404 Client Error: Not Found for url: /api/pdf-parser/jobs/pdf-parse-61f43c97-8931-40d5-b008-284ff3674890/result'),1
GET,/api/pdf-parser/jobs/pdf-parse-120fa4b8-4158-4377-a4a6-48579c69e82a/result,HTTPError('404 Client Error: Not Found for url: /api/pdf-parser/jobs/pdf-parse-120fa4b8-4158-4377-a4a6-48579c69e82a/result'),2
GET,/api/pdf-parser/jobs/pdf-parse-101c0795-4a17-484c-86c0-41d9fca5d965/result,HTTPError('404 Client Error: Not Found for url: /api/pdf-parser/jobs/pdf-parse-101c0795-4a17-484c-86c0-41d9fca5d965/result'),1
GET,/api/pdf-parser/jobs/pdf-parse-22c964f6-e8f0-456f-97cc-ef31d9086129/result,HTTPError('404 Client Error: Not Found for url: /api/pdf-parser/jobs/pdf-parse-22c964f6-e8f0-456f-97cc-ef31d9086129/result'),2
GET,/api/pdf-parser/jobs/pdf-parse-67e72c05-4530-4cd5-91d8-05d6b0dabfdf/result,HTTPError('404 Client Error: Not Found for url: /api/pdf-parser/jobs/pdf-parse-67e72c05-4530-4cd5-91d8-05d6b0dabfdf/result'),1
GET,/api/pdf-parser/jobs/pdf-parse-984b2632-2a3f-4f82-b83b-1961c6654a9a/result,HTTPError('404 Client Error: Not Found for url: /api/pdf-parser/jobs/pdf-parse-984b2632-2a3f-4f82-b83b-1961c6654a9a/result'),1
GET,/api/pdf-parser/jobs/pdf-parse-fca76322-67bd-4362-a981-88cdc683d444/result,HTTPError('404 Client Error: Not Found for url: /api/pdf-parser/jobs/pdf-parse-fca76322-67bd-4362-a981-88cdc683d444/result'),1
GET,/api/pdf-parser/jobs/pdf-parse-13ef89b6-d58d-4baa-a028-34a054438f20/result,HTTPError('404 Client Error: Not Found for url: /api/pdf-parser/jobs/pdf-parse-13ef89b6-d58d-4baa-a028-34a054438f20/result'),3
GET,/api/pdf-parser/jobs/pdf-parse-56a8dab0-500c-431c-ad05-3fc435f8809b/result,HTTPError('404 Client Error: Not Found for url: /api/pdf-parser/jobs/pdf-parse-56a8dab0-500c-431c-ad05-3fc435f8809b/result'),3
GET,/api/pdf-parser/jobs/pdf-parse-75873ec3-892c-4296-85c9-6e0ab78b7aae/result,HTTPError('404 Client Error: Not Found for url: /api/pdf-parser/jobs/pdf-parse-75873ec3-892c-4296-85c9-6e0ab78b7aae/result'),1
GET,/api/pdf-parser/jobs/pdf-parse-59bdf552-5eba-42ae-b1eb-4128de9870e3/result,HTTPError('404 Client Error: Not Found for url: /api/pdf-parser/jobs/pdf-parse-59bdf552-5eba-42ae-b1eb-4128de9870e3/result'),1
GET,/api/pdf-parser/jobs/pdf-parse-ec7dac38-eb25-40bd-a647-08b624f3fa94/result,HTTPError('404 Client Error: Not Found for url: /api/pdf-parser/jobs/pdf-parse-ec7dac38-eb25-40bd-a647-08b624f3fa94/result'),1
GET,/api/pdf-parser/jobs/pdf-parse-69a83eeb-a131-43c3-ab1b-a559bac55117/result,HTTPError('404 Client Error: Not Found for url: /api/pdf-parser/jobs/pdf-parse-69a83eeb-a131-43c3-ab1b-a559bac55117/result'),1
GET,/api/pdf-parser/jobs/pdf-parse-8b5cc1ab-e707-458d-a9c0-105b131cf1c1/result,HTTPError('404 Client Error: Not Found for url: /api/pdf-parser/jobs/pdf-parse-8b5cc1ab-e707-458d-a9c0-105b131cf1c1/result'),4
GET,/api/pdf-parser/jobs/pdf-parse-4396244c-00be-439a-9093-4cdff20bc50b/result,HTTPError('404 Client Error: Not Found for url: /api/pdf-parser/jobs/pdf-parse-4396244c-00be-439a-9093-4cdff20bc50b/result'),1
GET,/api/pdf-parser/jobs/pdf-parse-9df12efb-3f40-46b0-9658-054642f985b3/result,HTTPError('404 Client Error: Not Found for url: /api/pdf-parser/jobs/pdf-parse-9df12efb-3f40-46b0-9658-054642f985b3/result'),1
GET,/api/pdf-parser/jobs/pdf-parse-21046c57-1c6e-47e0-96e8-9bb0c2736c56/result,HTTPError('404 Client Error: Not Found for url: /api/pdf-parser/jobs/pdf-parse-21046c57-1c6e-47e0-96e8-9bb0c2736c56/result'),3
GET,/api/pdf-parser/jobs/pdf-parse-198927e5-c8d1-4407-8c66-72f1419a0641/result,HTTPError('404 Client Error: Not Found for url: /api/pdf-parser/jobs/pdf-parse-198927e5-c8d1-4407-8c66-72f1419a0641/result'),1
GET,/api/pdf-parser/jobs/pdf-parse-5e6f00ab-948a-4a7d-8deb-202a88162b1a/result,HTTPError('404 Client Error: Not Found for url: /api/pdf-parser/jobs/pdf-parse-5e6f00ab-948a-4a7d-8deb-202a88162b1a/result'),2
GET,/api/pdf-parser/jobs/pdf-parse-9dd95912-9e30-4a0a-963d-e203380ed77e/result,HTTPError('404 Client Error: Not Found for url: /api/pdf-parser/jobs/pdf-parse-9dd95912-9e30-4a0a-963d-e203380ed77e/result'),2
GET,/api/pdf-parser/jobs/pdf-parse-4f58a5e2-0a5a-4151-b79a-e5cd43a78614/result,HTTPError('404 Client Error: Not Found for url: /api/pdf-parser/jobs/pdf-parse-4f58a5e2-0a5a-4151-b79a-e5cd43a78614/result'),1
GET,/api/pdf-parser/jobs/pdf-parse-20040194-b698-406c-9dda-a03f8e079f07/result,HTTPError('404 Client Error: Not Found for url: /api/pdf-parser/jobs/pdf-parse-20040194-b698-406c-9dda-a03f8e079f07/result'),2
GET,/api/pdf-parser/jobs/pdf-parse-29c9711f-dd22-4c48-8b8c-abb9c807f920/result,HTTPError('404 Client Error: Not Found for url: /api/pdf-parser/jobs/pdf-parse-29c9711f-dd22-4c48-8b8c-abb9c807f920/result'),1
GET,/api/pdf-parser/jobs/pdf-parse-8e8e2edf-a778-4c88-a7f4-81bc2c6c14c2/result,HTTPError('404 Client Error: Not Found for url: /api/pdf-parser/jobs/pdf-parse-8e8e2edf-a778-4c88-a7f4-81bc2c6c14c2/result'),5
GET,/api/pdf-parser/jobs/pdf-parse-0f9af778-4b9d-478d-bd25-913eb4acbfe9/result,HTTPError('404 Client Error: Not Found for url: /api/pdf-parser/jobs/pdf-parse-0f9af778-4b9d-478d-bd25-913eb4acbfe9/result'),1
GET,/api/pdf-parser/jobs/pdf-parse-42a5a796-5f8c-4ac5-bad3-90e0229f04d6/result,HTTPError('404 Client Error: Not Found for url: /api/pdf-parser/jobs/pdf-parse-42a5a796-5f8c-4ac5-bad3-90e0229f04d6/result'),1
GET,/api/pdf-parser/jobs/pdf-parse-6b2a7fcb-1aaa-4ab8-b12b-910fa69f12d2/result,HTTPError('404 Client Error: Not Found for url: /api/pdf-parser/jobs/pdf-parse-6b2a7fcb-1aaa-4ab8-b12b-910fa69f12d2/result'),2
GET,/api/pdf-parser/jobs/pdf-parse-3106d169-31b8-45e7-951c-ca206a64b0bc/result,HTTPError('404 Client Error: Not Found for url: /api/pdf-parser/jobs/pdf-parse-3106d169-31b8-45e7-951c-ca206a64b0bc/result'),1
GET,/api/pdf-parser/jobs/pdf-parse-a1ea8af6-4b41-4626-8ea0-992d5c13e0d0/result,HTTPError('404 Client Error: Not Found for url: /api/pdf-parser/jobs/pdf-parse-a1ea8af6-4b41-4626-8ea0-992d5c13e0d0/result'),3
GET,/api/pdf-parser/jobs/pdf-parse-5b2c4843-5707-4f64-ab13-870d37ee187e/result,HTTPError('404 Client Error: Not Found for url: /api/pdf-parser/jobs/pdf-parse-5b2c4843-5707-4f64-ab13-870d37ee187e/result'),1
GET,/api/pdf-parser/jobs/pdf-parse-9ed9dea6-1d7b-4569-86b7-73623567771e/result,HTTPError('404 Client Error: Not Found for url: /api/pdf-parser/jobs/pdf-parse-9ed9dea6-1d7b-4569-86b7-73623567771e/result'),2
GET,/api/pdf-parser/jobs/pdf-parse-19263cb0-4dc4-40ec-a88a-6fc589ba260d/result,HTTPError('404 Client Error: Not Found for url: /api/pdf-parser/jobs/pdf-parse-19263cb0-4dc4-40ec-a88a-6fc589ba260d/result'),2
GET,/api/pdf-parser/jobs/pdf-parse-b5f3247e-b1ee-4bb1-b21d-4ab61b8a032b/result,HTTPError('404 Client Error: Not Found for url: /api/pdf-parser/jobs/pdf-parse-b5f3247e-b1ee-4bb1-b21d-4ab61b8a032b/result'),1
GET,/api/pdf-parser/jobs/pdf-parse-a850301c-a386-4f63-bc54-6d4b1b56d9f1/result,HTTPError('404 Client Error: Not Found for url: /api/pdf-parser/jobs/pdf-parse-a850301c-a386-4f63-bc54-6d4b1b56d9f1/result'),1
GET,/api/pdf-parser/jobs/pdf-parse-860f252e-2094-4fb2-81d0-d461dac17852/result,HTTPError('404 Client Error: Not Found for url: /api/pdf-parser/jobs/pdf-parse-860f252e-2094-4fb2-81d0-d461dac17852/result'),1
GET,/api/pdf-parser/jobs/pdf-parse-47a6577a-1fb2-41ea-b8aa-384fc608968f/result,HTTPError('404 Client Error: Not Found for url: /api/pdf-parser/jobs/pdf-parse-47a6577a-1fb2-41ea-b8aa-384fc608968f/result'),1
GET,/api/pdf-parser/jobs/pdf-parse-91980f6e-25c0-4646-b51b-e303d054807e/result,HTTPError('404 Client Error: Not Found for url: /api/pdf-parser/jobs/pdf-parse-91980f6e-25c0-4646-b51b-e303d054807e/result'),2
GET,/api/pdf-parser/jobs/pdf-parse-461cdaee-3808-4ccb-9381-92e639c03b95/result,HTTPError('404 Client Error: Not Found for url: /api/pdf-parser/jobs/pdf-parse-461cdaee-3808-4ccb-9381-92e639c03b95/result'),1
GET,/api/pdf-parser/jobs/pdf-parse-01d6f91c-80a5-4af7-981f-c95076e7e989/result,HTTPError('404 Client Error: Not Found for url: /api/pdf-parser/jobs/pdf-parse-01d6f91c-80a5-4af7-981f-c95076e7e989/result'),4
GET,/api/pdf-parser/jobs/pdf-parse-f8c6fe3a-a194-49d5-9bac-0f0d3f9d9244/result,HTTPError('404 Client Error: Not Found for url: /api/pdf-parser/jobs/pdf-parse-f8c6fe3a-a194-49d5-9bac-0f0d3f9d9244/result'),5
GET,/api/pdf-parser/jobs/pdf-parse-d2b0bf9c-6039-4e5a-97f6-81b9936287b0/result,HTTPError('404 Client Error: Not Found for url: /api/pdf-parser/jobs/pdf-parse-d2b0bf9c-6039-4e5a-97f6-81b9936287b0/result'),3
GET,/api/pdf-parser/jobs/pdf-parse-0ea554f1-123d-4b3c-8478-a9eb9b248e00/result,HTTPError('404 Client Error: Not Found for url: /api/pdf-parser/jobs/pdf-parse-0ea554f1-123d-4b3c-8478-a9eb9b248e00/result'),1
GET,/api/pdf-parser/jobs/pdf-parse-7950ffc4-6ac6-439f-83fc-e8cb0de7deda/result,HTTPError('404 Client Error: Not Found for url: /api/pdf-parser/jobs/pdf-parse-7950ffc4-6ac6-439f-83fc-e8cb0de7deda/result'),3
GET,/api/pdf-parser/jobs/pdf-parse-3c4e36a8-0350-444c-a083-f88246a9e134/result,HTTPError('404 Client Error: Not Found for url: /api/pdf-parser/jobs/pdf-parse-3c4e36a8-0350-444c-a083-f88246a9e134/result'),1
GET,/api/pdf-parser/jobs/pdf-parse-dfb43e59-9ade-41eb-a384-139282081255/result,HTTPError('404 Client Error: Not Found for url: /api/pdf-parser/jobs/pdf-parse-dfb43e59-9ade-41eb-a384-139282081255/result'),1
GET,/api/pdf-parser/jobs/pdf-parse-2621843c-adf2-4ee7-9b42-51fd5ec39576/result,HTTPError('404 Client Error: Not Found for url: /api/pdf-parser/jobs/pdf-parse-2621843c-adf2-4ee7-9b42-51fd5ec39576/result'),1
GET,/api/pdf-parser/jobs/pdf-parse-62c4895e-08cb-4665-b1f0-815236a5e007/result,HTTPError('404 Client Error: Not Found for url: /api/pdf-parser/jobs/pdf-parse-62c4895e-08cb-4665-b1f0-815236a5e007/result'),4
GET,/api/pdf-parser/jobs/pdf-parse-ac51d102-d4cb-4502-94da-131c8d64f23c/result,HTTPError('404 Client Error: Not Found for url: /api/pdf-parser/jobs/pdf-parse-ac51d102-d4cb-4502-94da-131c8d64f23c/result'),1
GET,/api/pdf-parser/jobs/pdf-parse-7f525fbc-ddbf-409f-8f69-0ffc4804d10b/result,HTTPError('404 Client Error: Not Found for url: /api/pdf-parser/jobs/pdf-parse-7f525fbc-ddbf-409f-8f69-0ffc4804d10b/result'),2
GET,/api/pdf-parser/jobs/pdf-parse-e5bd8457-e55c-46ad-af0e-39f9304c89d7/result,HTTPError('404 Client Error: Not Found for url: /api/pdf-parser/jobs/pdf-parse-e5bd8457-e55c-46ad-af0e-39f9304c89d7/result'),2
GET,/api/pdf-parser/jobs/pdf-parse-4789bf93-4cfd-4254-8b4c-f0e556429006/result,HTTPError('404 Client Error: Not Found for url: /api/pdf-parser/jobs/pdf-parse-4789bf93-4cfd-4254-8b4c-f0e556429006/result'),2
GET,/api/pdf-parser/jobs/pdf-parse-e0f5aae3-ffe5-4d7a-bf15-e93d809dd409/result,HTTPError('404 Client Error: Not Found for url: /api/pdf-parser/jobs/pdf-parse-e0f5aae3-ffe5-4d7a-bf15-e93d809dd409/result'),1
GET,/api/pdf-parser/jobs/pdf-parse-8314dd87-b0d9-4528-a843-a0defd8a14ed/result,HTTPError('404 Client Error: Not Found for url: /api/pdf-parser/jobs/pdf-parse-8314dd87-b0d9-4528-a843-a0defd8a14ed/result'),2
GET,/api/pdf-parser/jobs/pdf-parse-083506fd-9fe9-4e4f-9600-970674e3686a/result,HTTPError('404 Client Error: Not Found for url: /api/pdf-parser/jobs/pdf-parse-083506fd-9fe9-4e4f-9600-970674e3686a/result'),1
GET,/api/pdf-parser/jobs/pdf-parse-de01a3f4-905f-42f9-bf65-5072fedef7c6/result,HTTPError('404 Client Error: Not Found for url: /api/pdf-parser/jobs/pdf-parse-de01a3f4-905f-42f9-bf65-5072fedef7c6/result'),1
GET,/api/pdf-parser/jobs/pdf-parse-12e1e76e-635d-4d5e-949e-d6dca63f9696/result,HTTPError('404 Client Error: Not Found for url: /api/pdf-parser/jobs/pdf-parse-12e1e76e-635d-4d5e-949e-d6dca63f9696/result'),2
GET,/api/pdf-parser/jobs/pdf-parse-1bb4beb9-2310-472d-9f7d-889d32428009/result,HTTPError('404 Client Error: Not Found for url: /api/pdf-parser/jobs/pdf-parse-1bb4beb9-2310-472d-9f7d-889d32428009/result'),1
GET,/api/pdf-parser/jobs/pdf-parse-4fc1b6c5-8415-4016-ae22-8051266089a4/result,HTTPError('404 Client Error: Not Found for url: /api/pdf-parser/jobs/pdf-parse-4fc1b6c5-8415-4016-ae22-8051266089a4/result'),1
GET,/api/pdf-parser/jobs/pdf-parse-3c47a21c-5c8e-4bda-aaf5-0591207c2442/result,HTTPError('404 Client Error: Not Found for url: /api/pdf-parser/jobs/pdf-parse-3c47a21c-5c8e-4bda-aaf5-0591207c2442/result'),2
GET,/api/pdf-parser/jobs/pdf-parse-8cbd0139-bad0-46ef-a5cc-263cd5bd6bee/result,HTTPError('404 Client Error: Not Found for url: /api/pdf-parser/jobs/pdf-parse-8cbd0139-bad0-46ef-a5cc-263cd5bd6bee/result'),4
GET,/api/pdf-parser/jobs/pdf-parse-f1eb95dc-37cf-44cb-8e42-4bfb63564a35/result,HTTPError('404 Client Error: Not Found for url: /api/pdf-parser/jobs/pdf-parse-f1eb95dc-37cf-44cb-8e42-4bfb63564a35/result'),2
GET,/api/pdf-parser/jobs/pdf-parse-181414d0-5243-4b16-818f-9226e88fa222/result,HTTPError('404 Client Error: Not Found for url: /api/pdf-parser/jobs/pdf-parse-181414d0-5243-4b16-818f-9226e88fa222/result'),1
GET,/api/pdf-parser/jobs/pdf-parse-20bba233-4b76-46aa-8f6e-5c00610ae635/result,HTTPError('404 Client Error: Not Found for url: /api/pdf-parser/jobs/pdf-parse-20bba233-4b76-46aa-8f6e-5c00610ae635/result'),1
GET,/api/pdf-parser/jobs/pdf-parse-4a6560b5-1ecb-4520-a757-5f46ad9ccf79/result,HTTPError('404 Client Error: Not Found for url: /api/pdf-parser/jobs/pdf-parse-4a6560b5-1ecb-4520-a757-5f46ad9ccf79/result'),1
GET,/api/pdf-parser/jobs/pdf-parse-0381da3e-c392-4294-851a-19035a713e96/result,HTTPError('404 Client Error: Not Found for url: /api/pdf-parser/jobs/pdf-parse-0381da3e-c392-4294-851a-19035a713e96/result'),1
GET,/api/pdf-parser/jobs/pdf-parse-b77bb0a2-6102-4559-bee6-f427e3f2df6b/result,HTTPError('404 Client Error: Not Found for url: /api/pdf-parser/jobs/pdf-parse-b77bb0a2-6102-4559-bee6-f427e3f2df6b/result'),1
GET,/api/pdf-parser/jobs/pdf-parse-9552701b-ba42-4c2d-be0c-7286ba1cbc2f/result,HTTPError('404 Client Error: Not Found for url: /api/pdf-parser/jobs/pdf-parse-9552701b-ba42-4c2d-be0c-7286ba1cbc2f/result'),1
GET,/api/pdf-parser/jobs/pdf-parse-7b532f29-3d94-4d38-b40e-fbfa06af22fc/result,HTTPError('404 Client Error: Not Found for url: /api/pdf-parser/jobs/pdf-parse-7b532f29-3d94-4d38-b40e-fbfa06af22fc/result'),4
GET,/api/pdf-parser/jobs/pdf-parse-376e35fe-8bfd-4ca0-81ad-db46c5584237/result,HTTPError('404 Client Error: Not Found for url: /api/pdf-parser/jobs/pdf-parse-376e35fe-8bfd-4ca0-81ad-db46c5584237/result'),3
GET,/api/pdf-parser/jobs/pdf-parse-ca0d8b03-6878-447c-9dbc-17cdc17f7aee/result,HTTPError('404 Client Error: Not Found for url: /api/pdf-parser/jobs/pdf-parse-ca0d8b03-6878-447c-9dbc-17cdc17f7aee/result'),2
GET,/api/pdf-parser/jobs/pdf-parse-824026e7-785b-4f22-992d-f9ae2e5e18d1/result,HTTPError('404 Client Error: Not Found for url: /api/pdf-parser/jobs/pdf-parse-824026e7-785b-4f22-992d-f9ae2e5e18d1/result'),3
GET,/api/pdf-parser/jobs/pdf-parse-f046a601-f8a9-4cd9-a950-0eaabdf42b46/result,HTTPError('404 Client Error: Not Found for url: /api/pdf-parser/jobs/pdf-parse-f046a601-f8a9-4cd9-a950-0eaabdf42b46/result'),1
GET,/api/pdf-parser/jobs/pdf-parse-2782ce49-b480-4062-80e9-bebfbb12a09a/result,HTTPError('404 Client Error: Not Found for url: /api/pdf-parser/jobs/pdf-parse-2782ce49-b480-4062-80e9-bebfbb12a09a/result'),1
GET,/api/pdf-parser/jobs/pdf-parse-aada7442-eba2-415c-af51-e69d85a409ba/result,HTTPError('404 Client Error: Not Found for url: /api/pdf-parser/jobs/pdf-parse-aada7442-eba2-415c-af51-e69d85a409ba/result'),2
GET,/api/pdf-parser/jobs/pdf-parse-5fa70fb0-979d-4e54-9484-93d07994e572/result,HTTPError('404 Client Error: Not Found for url: /api/pdf-parser/jobs/pdf-parse-5fa70fb0-979d-4e54-9484-93d07994e572/result'),1
GET,/api/pdf-parser/jobs/pdf-parse-496113d9-f9d2-4d96-b622-31832c0bfce2/result,HTTPError('404 Client Error: Not Found for url: /api/pdf-parser/jobs/pdf-parse-496113d9-f9d2-4d96-b622-31832c0bfce2/result'),1
GET,/api/pdf-parser/jobs/pdf-parse-2d34b22d-829f-4bcb-8f6c-bbb51fa69fa7/result,HTTPError('404 Client Error: Not Found for url: /api/pdf-parser/jobs/pdf-parse-2d34b22d-829f-4bcb-8f6c-bbb51fa69fa7/result'),2
GET,/api/pdf-parser/jobs/pdf-parse-5e72add8-9104-41bb-b697-5a9ee472aa91/result,HTTPError('404 Client Error: Not Found for url: /api/pdf-parser/jobs/pdf-parse-5e72add8-9104-41bb-b697-5a9ee472aa91/result'),1
GET,/api/pdf-parser/jobs/pdf-parse-c2cf0e7e-99c6-4080-bf26-a85d9e516864/result,HTTPError('404 Client Error: Not Found for url: /api/pdf-parser/jobs/pdf-parse-c2cf0e7e-99c6-4080-bf26-a85d9e516864/result'),3
GET,/api/pdf-parser/jobs/pdf-parse-7f3da1bb-77f5-46f0-843d-5bcea9965da2/result,HTTPError('404 Client Error: Not Found for url: /api/pdf-parser/jobs/pdf-parse-7f3da1bb-77f5-46f0-843d-5bcea9965da2/result'),1
GET,/api/pdf-parser/jobs/pdf-parse-373b09da-4ad4-4721-a16a-40f117bd4ace/result,HTTPError('404 Client Error: Not Found for url: /api/pdf-parser/jobs/pdf-parse-373b09da-4ad4-4721-a16a-40f117bd4ace/result'),2
GET,/api/pdf-parser/jobs/pdf-parse-d804e002-db98-49ab-ae33-9595556c9dd1/result,HTTPError('404 Client Error: Not Found for url: /api/pdf-parser/jobs/pdf-parse-d804e002-db98-49ab-ae33-9595556c9dd1/result'),4
GET,/api/pdf-parser/jobs/pdf-parse-bc61c485-82ee-437b-b6dd-6bad1d24215a/result,HTTPError('404 Client Error: Not Found for url: /api/pdf-parser/jobs/pdf-parse-bc61c485-82ee-437b-b6dd-6bad1d24215a/result'),1
GET,/api/pdf-parser/jobs/pdf-parse-4a95adfc-f63d-43a6-aeb9-e14591ecd472/result,HTTPError('404 Client Error: Not Found for url: /api/pdf-parser/jobs/pdf-parse-4a95adfc-f63d-43a6-aeb9-e14591ecd472/result'),2
GET,/api/pdf-parser/jobs/pdf-parse-8a7af2ec-4634-49c9-9169-945fe862672c/result,HTTPError('404 Client Error: Not Found for url: /api/pdf-parser/jobs/pdf-parse-8a7af2ec-4634-49c9-9169-945fe862672c/result'),3
GET,/api/pdf-parser/jobs/pdf-parse-55bd376f-ee64-4736-a3e2-df7d5ba13802/result,HTTPError('404 Client Error: Not Found for url: /api/pdf-parser/jobs/pdf-parse-55bd376f-ee64-4736-a3e2-df7d5ba13802/result'),2
GET,/api/pdf-parser/jobs/pdf-parse-966c885c-d783-457b-9209-26fbdec07742/result,HTTPError('404 Client Error: Not Found for url: /api/pdf-parser/jobs/pdf-parse-966c885c-d783-457b-9209-26fbdec07742/result'),3
GET,/api/pdf-parser/jobs/pdf-parse-a9c69319-b15e-4a1f-bfe1-5502e76b4777/result,HTTPError('404 Client Error: Not Found for url: /api/pdf-parser/jobs/pdf-parse-a9c69319-b15e-4a1f-bfe1-5502e76b4777/result'),1
GET,/api/pdf-parser/jobs/pdf-parse-567b4d5c-5af1-4e42-b42b-183805f36f37/result,HTTPError('404 Client Error: Not Found for url: /api/pdf-parser/jobs/pdf-parse-567b4d5c-5af1-4e42-b42b-183805f36f37/result'),4
GET,/api/pdf-parser/jobs/pdf-parse-7304d0af-0bfc-4f18-b4a1-8d0f69ad4a6a/result,HTTPError('404 Client Error: Not Found for url: /api/pdf-parser/jobs/pdf-parse-7304d0af-0bfc-4f18-b4a1-8d0f69ad4a6a/result'),1
GET,/api/pdf-parser/jobs/pdf-parse-1a42c99e-85d6-4391-a1c8-d5cbe8f859fd/result,HTTPError('404 Client Error: Not Found for url: /api/pdf-parser/jobs/pdf-parse-1a42c99e-85d6-4391-a1c8-d5cbe8f859fd/result'),2
GET,/api/pdf-parser/jobs/pdf-parse-dc8ce9cf-e2b7-48be-993b-ea848f320380/result,HTTPError('404 Client Error: Not Found for url: /api/pdf-parser/jobs/pdf-parse-dc8ce9cf-e2b7-48be-993b-ea848f320380/result'),1
GET,/api/pdf-parser/jobs/pdf-parse-de88c776-90ca-41d0-94a1-b4951fcb9d44/result,HTTPError('404 Client Error: Not Found for url: /api/pdf-parser/jobs/pdf-parse-de88c776-90ca-41d0-94a1-b4951fcb9d44/result'),4
GET,/api/pdf-parser/jobs/pdf-parse-0517f492-aa0c-4f5f-9111-c11f72dab945/result,HTTPError('404 Client Error: Not Found for url: /api/pdf-parser/jobs/pdf-parse-0517f492-aa0c-4f5f-9111-c11f72dab945/result'),1
GET,/api/pdf-parser/jobs/pdf-parse-815d7d3e-b052-4135-949e-f292b85a862d/result,HTTPError('404 Client Error: Not Found for url: /api/pdf-parser/jobs/pdf-parse-815d7d3e-b052-4135-949e-f292b85a862d/result'),3
GET,/api/pdf-parser/jobs/pdf-parse-6317f3ca-a2bd-42fa-9c2e-c7c75ae7faeb/result,HTTPError('404 Client Error: Not Found for url: /api/pdf-parser/jobs/pdf-parse-6317f3ca-a2bd-42fa-9c2e-c7c75ae7faeb/result'),1
GET,/api/pdf-parser/jobs/pdf-parse-101ed494-3dde-47f4-a152-b56b6b0af187/result,HTTPError('404 Client Error: Not Found for url: /api/pdf-parser/jobs/pdf-parse-101ed494-3dde-47f4-a152-b56b6b0af187/result'),1
GET,/api/pdf-parser/jobs/pdf-parse-3e41e44a-7d73-46e2-af29-ab3eab82ca69/result,HTTPError('404 Client Error: Not Found for url: /api/pdf-parser/jobs/pdf-parse-3e41e44a-7d73-46e2-af29-ab3eab82ca69/result'),2
GET,/api/pdf-parser/jobs/pdf-parse-bd4230e9-fb18-432f-824f-efbdf76924bb/result,HTTPError('404 Client Error: Not Found for url: /api/pdf-parser/jobs/pdf-parse-bd4230e9-fb18-432f-824f-efbdf76924bb/result'),3
GET,/api/pdf-parser/jobs/pdf-parse-6d4ac0cf-b1a5-4937-ac08-c422d883a929/result,HTTPError('404 Client Error: Not Found for url: /api/pdf-parser/jobs/pdf-parse-6d4ac0cf-b1a5-4937-ac08-c422d883a929/result'),1
GET,/api/pdf-parser/jobs/pdf-parse-1830ddc4-add3-4d29-adf8-0e92aaf20c98/result,HTTPError('404 Client Error: Not Found for url: /api/pdf-parser/jobs/pdf-parse-1830ddc4-add3-4d29-adf8-0e92aaf20c98/result'),5
GET,/api/pdf-parser/jobs/pdf-parse-4d906337-af12-4865-a07a-847165817006/result,HTTPError('404 Client Error: Not Found for url: /api/pdf-parser/jobs/pdf-parse-4d906337-af12-4865-a07a-847165817006/result'),1
GET,/api/pdf-parser/jobs/pdf-parse-95a20d87-ac26-4ca9-a0d5-06cd3c4b8d39/result,HTTPError('404 Client Error: Not Found for url: /api/pdf-parser/jobs/pdf-parse-95a20d87-ac26-4ca9-a0d5-06cd3c4b8d39/result'),2
GET,/api/pdf-parser/jobs/pdf-parse-d8c42400-16dd-4d69-ab02-50807746f048/result,HTTPError('404 Client Error: Not Found for url: /api/pdf-parser/jobs/pdf-parse-d8c42400-16dd-4d69-ab02-50807746f048/result'),1
GET,/api/pdf-parser/jobs/pdf-parse-347d1693-8996-46a1-be94-542631f2a24d/result,HTTPError('404 Client Error: Not Found for url: /api/pdf-parser/jobs/pdf-parse-347d1693-8996-46a1-be94-542631f2a24d/result'),2
GET,/api/pdf-parser/jobs/pdf-parse-50165b7c-479f-439e-8540-8205c8cef520/result,HTTPError('404 Client Error: Not Found for url: /api/pdf-parser/jobs/pdf-parse-50165b7c-479f-439e-8540-8205c8cef520/result'),1
GET,/api/pdf-parser/jobs/pdf-parse-b6da9cd4-4894-4e64-aa21-b269ae9e6b65/result,HTTPError('404 Client Error: Not Found for url: /api/pdf-parser/jobs/pdf-parse-b6da9cd4-4894-4e64-aa21-b269ae9e6b65/result'),2
GET,/api/pdf-parser/jobs/pdf-parse-f1003825-88d6-4afc-aef9-35092b33694c/result,HTTPError('404 Client Error: Not Found for url: /api/pdf-parser/jobs/pdf-parse-f1003825-88d6-4afc-aef9-35092b33694c/result'),1
GET,/api/pdf-parser/jobs/pdf-parse-0e951d8a-4aca-40d2-96e9-8296fff7c570/result,HTTPError('404 Client Error: Not Found for url: /api/pdf-parser/jobs/pdf-parse-0e951d8a-4aca-40d2-96e9-8296fff7c570/result'),2
GET,/api/pdf-parser/jobs/pdf-parse-f6ae44cd-e2a4-4e02-a58b-e25265b18fa1/result,HTTPError('404 Client Error: Not Found for url: /api/pdf-parser/jobs/pdf-parse-f6ae44cd-e2a4-4e02-a58b-e25265b18fa1/result'),6
GET,/api/pdf-parser/jobs/pdf-parse-72a57316-3d5d-4485-aaec-38e45192066f/result,HTTPError('404 Client Error: Not Found for url: /api/pdf-parser/jobs/pdf-parse-72a57316-3d5d-4485-aaec-38e45192066f/result'),4
GET,/api/pdf-parser/jobs/pdf-parse-2da06851-37ed-45a3-84c1-dddf9d761aab/result,HTTPError('404 Client Error: Not Found for url: /api/pdf-parser/jobs/pdf-parse-2da06851-37ed-45a3-84c1-dddf9d761aab/result'),2
GET,/api/pdf-parser/jobs/pdf-parse-7d6700e4-a018-4f53-a22b-488adcf3217c/result,HTTPError('404 Client Error: Not Found for url: /api/pdf-parser/jobs/pdf-parse-7d6700e4-a018-4f53-a22b-488adcf3217c/result'),2
GET,/api/pdf-parser/jobs/pdf-parse-394343bd-4702-48cc-8cc5-21e048ebfc6a/result,HTTPError('404 Client Error: Not Found for url: /api/pdf-parser/jobs/pdf-parse-394343bd-4702-48cc-8cc5-21e048ebfc6a/result'),3
GET,/api/pdf-parser/jobs/pdf-parse-9e2fb154-bbb4-4e2f-9d9f-d97986a53ed2/result,HTTPError('404 Client Error: Not Found for url: /api/pdf-parser/jobs/pdf-parse-9e2fb154-bbb4-4e2f-9d9f-d97986a53ed2/result'),2
GET,/api/pdf-parser/jobs/pdf-parse-c891f4d0-e5c2-4c9e-9906-ba16cae6e3db/result,HTTPError('404 Client Error: Not Found for url: /api/pdf-parser/jobs/pdf-parse-c891f4d0-e5c2-4c9e-9906-ba16cae6e3db/result'),4
GET,/api/pdf-parser/jobs/pdf-parse-05eeb2e6-689f-4218-aa71-e9598d37cff0/result,HTTPError('404 Client Error: Not Found for url: /api/pdf-parser/jobs/pdf-parse-05eeb2e6-689f-4218-aa71-e9598d37cff0/result'),1
GET,/api/pdf-parser/jobs/pdf-parse-2db7587c-4ac3-44b1-8c3c-8f35bf3ba609/result,HTTPError('404 Client Error: Not Found for url: /api/pdf-parser/jobs/pdf-parse-2db7587c-4ac3-44b1-8c3c-8f35bf3ba609/result'),1
GET,/api/pdf-parser/jobs/pdf-parse-adb6021b-e45f-40a9-95b9-f653468431ea/result,HTTPError('404 Client Error: Not Found for url: /api/pdf-parser/jobs/pdf-parse-adb6021b-e45f-40a9-95b9-f653468431ea/result'),1
GET,/api/pdf-parser/jobs/pdf-parse-18ca58ba-1ec4-4727-95fb-4327398605ac/result,HTTPError('404 Client Error: Not Found for url: /api/pdf-parser/jobs/pdf-parse-18ca58ba-1ec4-4727-95fb-4327398605ac/result'),1
GET,/api/pdf-parser/jobs/pdf-parse-ed5c0ee3-eaed-4bc7-9805-aa8e9b9e0946/result,HTTPError('404 Client Error: Not Found for url: /api/pdf-parser/jobs/pdf-parse-ed5c0ee3-eaed-4bc7-9805-aa8e9b9e0946/result'),2
GET,/api/pdf-parser/jobs/pdf-parse-1cbee20e-ecf0-4149-a7ca-12fc7148c5e6/result,HTTPError('404 Client Error: Not Found for url: /api/pdf-parser/jobs/pdf-parse-1cbee20e-ecf0-4149-a7ca-12fc7148c5e6/result'),1
GET,/api/pdf-parser/jobs/pdf-parse-09a14d0f-ba8e-45db-b33a-7377bc4ea135/result,HTTPError('404 Client Error: Not Found for url: /api/pdf-parser/jobs/pdf-parse-09a14d0f-ba8e-45db-b33a-7377bc4ea135/result'),2
GET,/api/pdf-parser/jobs/pdf-parse-b2caa86f-adbd-469c-a10d-ec8f1567d187/result,HTTPError('404 Client Error: Not Found for url: /api/pdf-parser/jobs/pdf-parse-b2caa86f-adbd-469c-a10d-ec8f1567d187/result'),1
GET,/api/pdf-parser/jobs/pdf-parse-bbdb1713-7d45-49b7-b655-cb740f880df9/result,HTTPError('404 Client Error: Not Found for url: /api/pdf-parser/jobs/pdf-parse-bbdb1713-7d45-49b7-b655-cb740f880df9/result'),5
GET,/api/pdf-parser/jobs/pdf-parse-e7e0683b-aee0-4f5b-9d36-151d9cda8a62/result,HTTPError('404 Client Error: Not Found for url: /api/pdf-parser/jobs/pdf-parse-e7e0683b-aee0-4f5b-9d36-151d9cda8a62/result'),1
GET,/api/pdf-parser/jobs/pdf-parse-a3608261-9620-490a-a6d2-e5c79c2f58bd/result,HTTPError('404 Client Error: Not Found for url: /api/pdf-parser/jobs/pdf-parse-a3608261-9620-490a-a6d2-e5c79c2f58bd/result'),2
GET,/api/pdf-parser/jobs/pdf-parse-0106093c-9c43-4915-8fb2-0ca572ca431b/result,HTTPError('404 Client Error: Not Found for url: /api/pdf-parser/jobs/pdf-parse-0106093c-9c43-4915-8fb2-0ca572ca431b/result'),1
GET,/api/pdf-parser/jobs/pdf-parse-ca929741-3b0d-4291-9679-207b26ca8b3e/result,HTTPError('404 Client Error: Not Found for url: /api/pdf-parser/jobs/pdf-parse-ca929741-3b0d-4291-9679-207b26ca8b3e/result'),1
GET,/api/pdf-parser/jobs/pdf-parse-e2e5f221-ca80-40d5-9b60-b332ad45bbed/result,HTTPError('404 Client Error: Not Found for url: /api/pdf-parser/jobs/pdf-parse-e2e5f221-ca80-40d5-9b60-b332ad45bbed/result'),2
GET,/api/pdf-parser/jobs/pdf-parse-6359460a-8c29-4cd8-9b8f-0139f3558896/result,HTTPError('404 Client Error: Not Found for url: /api/pdf-parser/jobs/pdf-parse-6359460a-8c29-4cd8-9b8f-0139f3558896/result'),1
GET,/api/pdf-parser/jobs/pdf-parse-afbde743-61c3-41e8-b1b4-b9e1c4a0e138/result,HTTPError('404 Client Error: Not Found for url: /api/pdf-parser/jobs/pdf-parse-afbde743-61c3-41e8-b1b4-b9e1c4a0e138/result'),1
GET,/api/pdf-parser/jobs/pdf-parse-04fed1e0-88df-431f-877b-c00eb0eb1527/result,HTTPError('404 Client Error: Not Found for url: /api/pdf-parser/jobs/pdf-parse-04fed1e0-88df-431f-877b-c00eb0eb1527/result'),1
GET,/api/pdf-parser/jobs/pdf-parse-c8e9943d-a158-4164-b953-88c10d47fc10/result,HTTPError('404 Client Error: Not Found for url: /api/pdf-parser/jobs/pdf-parse-c8e9943d-a158-4164-b953-88c10d47fc10/result'),2
GET,/api/pdf-parser/jobs/pdf-parse-23d2d9ab-4e48-43e5-91de-120461b45332/result,HTTPError('404 Client Error: Not Found for url: /api/pdf-parser/jobs/pdf-parse-23d2d9ab-4e48-43e5-91de-120461b45332/result'),1
GET,/api/pdf-parser/jobs/pdf-parse-d231e840-34da-4411-a404-24ff6f3f3ba4/result,HTTPError('404 Client Error: Not Found for url: /api/pdf-parser/jobs/pdf-parse-d231e840-34da-4411-a404-24ff6f3f3ba4/result'),1
GET,/api/pdf-parser/jobs/pdf-parse-06d8059f-9059-4028-8fbc-bfd8758fa582/result,HTTPError('404 Client Error: Not Found for url: /api/pdf-parser/jobs/pdf-parse-06d8059f-9059-4028-8fbc-bfd8758fa582/result'),1
GET,/api/pdf-parser/jobs/pdf-parse-25c247a6-f2e5-4126-ba25-6d033c13dd9e/result,HTTPError('404 Client Error: Not Found for url: /api/pdf-parser/jobs/pdf-parse-25c247a6-f2e5-4126-ba25-6d033c13dd9e/result'),1
GET,/api/pdf-parser/jobs/pdf-parse-3854d9d8-769d-47cd-99b9-e396d7b87797/result,HTTPError('404 Client Error: Not Found for url: /api/pdf-parser/jobs/pdf-parse-3854d9d8-769d-47cd-99b9-e396d7b87797/result'),2
GET,/api/pdf-parser/jobs/pdf-parse-a34ce959-bd44-427c-afac-1fa6402da22d/result,HTTPError('404 Client Error: Not Found for url: /api/pdf-parser/jobs/pdf-parse-a34ce959-bd44-427c-afac-1fa6402da22d/result'),2
GET,/api/pdf-parser/jobs/pdf-parse-835c9d4e-dea0-4393-b4d1-475acccce970/result,HTTPError('404 Client Error: Not Found for url: /api/pdf-parser/jobs/pdf-parse-835c9d4e-dea0-4393-b4d1-475acccce970/result'),2
GET,/api/pdf-parser/jobs/pdf-parse-18fcba0c-17ce-44cd-b312-10139b2943cc/result,HTTPError('404 Client Error: Not Found for url: /api/pdf-parser/jobs/pdf-parse-18fcba0c-17ce-44cd-b312-10139b2943cc/result'),1
GET,/api/pdf-parser/jobs/pdf-parse-fb24469c-3613-4411-9867-58c938f883d0/result,HTTPError('404 Client Error: Not Found for url: /api/pdf-parser/jobs/pdf-parse-fb24469c-3613-4411-9867-58c938f883d0/result'),3
GET,/api/pdf-parser/jobs/pdf-parse-ec7bf396-3da9-4dbe-ab62-c74c04970a89/result,HTTPError('404 Client Error: Not Found for url: /api/pdf-parser/jobs/pdf-parse-ec7bf396-3da9-4dbe-ab62-c74c04970a89/result'),1
GET,/api/pdf-parser/jobs/pdf-parse-c928118e-66d4-4bbd-97cb-93ccc05bb6ed/result,HTTPError('404 Client Error: Not Found for url: /api/pdf-parser/jobs/pdf-parse-c928118e-66d4-4bbd-97cb-93ccc05bb6ed/result'),4
GET,/api/pdf-parser/jobs/pdf-parse-ff73da4a-797a-4c16-b2ce-cc743baf0290/result,HTTPError('404 Client Error: Not Found for url: /api/pdf-parser/jobs/pdf-parse-ff73da4a-797a-4c16-b2ce-cc743baf0290/result'),2
GET,/api/pdf-parser/jobs/pdf-parse-4f6e1339-7bb3-4a3a-8e2a-04a867b50c29/result,HTTPError('404 Client Error: Not Found for url: /api/pdf-parser/jobs/pdf-parse-4f6e1339-7bb3-4a3a-8e2a-04a867b50c29/result'),2
GET,/api/pdf-parser/jobs/pdf-parse-9c88571b-f526-4f04-beb4-8a16273d7445/result,HTTPError('404 Client Error: Not Found for url: /api/pdf-parser/jobs/pdf-parse-9c88571b-f526-4f04-beb4-8a16273d7445/result'),3
GET,/api/pdf-parser/jobs/pdf-parse-d0a7e25c-1c91-4917-bd47-feb9821c72d0/result,HTTPError('404 Client Error: Not Found for url: /api/pdf-parser/jobs/pdf-parse-d0a7e25c-1c91-4917-bd47-feb9821c72d0/result'),1
GET,/api/pdf-parser/jobs/pdf-parse-5f53f454-69b8-4b29-9c39-8a0990458dcb/result,HTTPError('404 Client Error: Not Found for url: /api/pdf-parser/jobs/pdf-parse-5f53f454-69b8-4b29-9c39-8a0990458dcb/result'),1
GET,/api/pdf-parser/jobs/pdf-parse-12b7cc08-a780-4c21-be63-e480ca381424/result,HTTPError('404 Client Error: Not Found for url: /api/pdf-parser/jobs/pdf-parse-12b7cc08-a780-4c21-be63-e480ca381424/result'),2
GET,/api/pdf-parser/jobs/pdf-parse-752c72a3-d09d-4dd1-9e67-da757c4b651d/result,HTTPError('404 Client Error: Not Found for url: /api/pdf-parser/jobs/pdf-parse-752c72a3-d09d-4dd1-9e67-da757c4b651d/result'),2
GET,/api/pdf-parser/jobs/pdf-parse-7fd69a55-33cb-4769-8593-66060340918f/result,HTTPError('404 Client Error: Not Found for url: /api/pdf-parser/jobs/pdf-parse-7fd69a55-33cb-4769-8593-66060340918f/result'),3
GET,/api/pdf-parser/jobs/pdf-parse-814710b3-0739-46f6-8cbd-dcf4afd76a72/result,HTTPError('404 Client Error: Not Found for url: /api/pdf-parser/jobs/pdf-parse-814710b3-0739-46f6-8cbd-dcf4afd76a72/result'),2
GET,/api/pdf-parser/jobs/pdf-parse-24045f9c-e791-479a-bf07-6d49ac205ddc/result,HTTPError('404 Client Error: Not Found for url: /api/pdf-parser/jobs/pdf-parse-24045f9c-e791-479a-bf07-6d49ac205ddc/result'),1
GET,/api/pdf-parser/jobs/pdf-parse-a7b6bfc2-1da5-4fbf-abef-f46775ba60d3/result,HTTPError('404 Client Error: Not Found for url: /api/pdf-parser/jobs/pdf-parse-a7b6bfc2-1da5-4fbf-abef-f46775ba60d3/result'),3
GET,/api/pdf-parser/jobs/pdf-parse-1428ac7a-3629-4181-988d-cab712958060/result,HTTPError('404 Client Error: Not Found for url: /api/pdf-parser/jobs/pdf-parse-1428ac7a-3629-4181-988d-cab712958060/result'),1
GET,/api/pdf-parser/jobs/pdf-parse-acfd7cee-16ee-41ef-836c-3f7ddd04f8f5/result,HTTPError('404 Client Error: Not Found for url: /api/pdf-parser/jobs/pdf-parse-acfd7cee-16ee-41ef-836c-3f7ddd04f8f5/result'),2
GET,/api/pdf-parser/jobs/pdf-parse-59b7b887-93a9-4cce-99e7-bfe02c1649e2/result,HTTPError('404 Client Error: Not Found for url: /api/pdf-parser/jobs/pdf-parse-59b7b887-93a9-4cce-99e7-bfe02c1649e2/result'),1
GET,/api/pdf-parser/jobs/pdf-parse-df78c9d9-6222-4170-863d-729a5451f10e/result,HTTPError('404 Client Error: Not Found for url: /api/pdf-parser/jobs/pdf-parse-df78c9d9-6222-4170-863d-729a5451f10e/result'),4
GET,/api/pdf-parser/jobs/pdf-parse-04d8bbdd-4660-4b3e-af33-4a1cc7e06bd4/result,HTTPError('404 Client Error: Not Found for url: /api/pdf-parser/jobs/pdf-parse-04d8bbdd-4660-4b3e-af33-4a1cc7e06bd4/result'),1
GET,/api/pdf-parser/jobs/pdf-parse-feb7f5ce-37f5-459c-894a-4ab3911a201f/result,HTTPError('404 Client Error: Not Found for url: /api/pdf-parser/jobs/pdf-parse-feb7f5ce-37f5-459c-894a-4ab3911a201f/result'),1
GET,/api/pdf-parser/jobs/pdf-parse-c3d677e7-c3d4-4066-9dc7-dcb59da5d453/result,HTTPError('404 Client Error: Not Found for url: /api/pdf-parser/jobs/pdf-parse-c3d677e7-c3d4-4066-9dc7-dcb59da5d453/result'),1
GET,/api/pdf-parser/jobs/pdf-parse-3a1b4186-6397-4bdd-8622-b03773568e5e/result,HTTPError('404 Client Error: Not Found for url: /api/pdf-parser/jobs/pdf-parse-3a1b4186-6397-4bdd-8622-b03773568e5e/result'),2
GET,/api/pdf-parser/jobs/pdf-parse-42a2effd-ca3e-42b8-9f0a-1376b235ae6b/result,HTTPError('404 Client Error: Not Found for url: /api/pdf-parser/jobs/pdf-parse-42a2effd-ca3e-42b8-9f0a-1376b235ae6b/result'),4
GET,/api/pdf-parser/jobs/pdf-parse-2cbf92e8-667a-4f4c-9d45-7d32fa7d4681/result,HTTPError('404 Client Error: Not Found for url: /api/pdf-parser/jobs/pdf-parse-2cbf92e8-667a-4f4c-9d45-7d32fa7d4681/result'),3
GET,/api/pdf-parser/jobs/pdf-parse-f5739b31-a6bc-431d-9d7e-ba2f35bd2f6b/result,HTTPError('404 Client Error: Not Found for url: /api/pdf-parser/jobs/pdf-parse-f5739b31-a6bc-431d-9d7e-ba2f35bd2f6b/result'),1
GET,/api/pdf-parser/jobs/pdf-parse-74c36567-f0f9-47f4-8a57-e26a75fa4235/result,HTTPError('404 Client Error: Not Found for url: /api/pdf-parser/jobs/pdf-parse-74c36567-f0f9-47f4-8a57-e26a75fa4235/result'),1
GET,/api/pdf-parser/jobs/pdf-parse-9d20dd62-40ee-4538-af8b-04d5155abede/result,HTTPError('404 Client Error: Not Found for url: /api/pdf-parser/jobs/pdf-parse-9d20dd62-40ee-4538-af8b-04d5155abede/result'),2
GET,/api/pdf-parser/jobs/pdf-parse-4cca64c9-6058-4a7d-ad02-04d1f214192c/result,HTTPError('404 Client Error: Not Found for url: /api/pdf-parser/jobs/pdf-parse-4cca64c9-6058-4a7d-ad02-04d1f214192c/result'),2
GET,/api/pdf-parser/jobs/pdf-parse-64655478-9f11-4028-bad4-0d158c1e8aba/result,HTTPError('404 Client Error: Not Found for url: /api/pdf-parser/jobs/pdf-parse-64655478-9f11-4028-bad4-0d158c1e8aba/result'),1
GET,/api/pdf-parser/jobs/pdf-parse-33c3de20-b630-461b-b5ac-6623feca013e/result,HTTPError('404 Client Error: Not Found for url: /api/pdf-parser/jobs/pdf-parse-33c3de20-b630-461b-b5ac-6623feca013e/result'),2
GET,/api/pdf-parser/jobs/pdf-parse-2c58d37a-d32a-4a1d-a76e-635f97c9d3be/result,HTTPError('404 Client Error: Not Found for url: /api/pdf-parser/jobs/pdf-parse-2c58d37a-d32a-4a1d-a76e-635f97c9d3be/result'),2
GET,/api/pdf-parser/jobs/pdf-parse-3e0865bf-2eed-45a8-bd5a-9bd0d01df01e/result,HTTPError('404 Client Error: Not Found for url: /api/pdf-parser/jobs/pdf-parse-3e0865bf-2eed-45a8-bd5a-9bd0d01df01e/result'),1
GET,/api/pdf-parser/jobs/pdf-parse-298e2f6d-8fc7-4537-b3bd-a10342973e11/result,HTTPError('404 Client Error: Not Found for url: /api/pdf-parser/jobs/pdf-parse-298e2f6d-8fc7-4537-b3bd-a10342973e11/result'),1
GET,/api/pdf-parser/jobs/pdf-parse-5a9601c0-b086-4b7a-a3a2-e1f31595f9b2/result,HTTPError('404 Client Error: Not Found for url: /api/pdf-parser/jobs/pdf-parse-5a9601c0-b086-4b7a-a3a2-e1f31595f9b2/result'),5
GET,/api/pdf-parser/jobs/pdf-parse-f4d5606b-ba17-4128-81af-44965d949515/result,HTTPError('404 Client Error: Not Found for url: /api/pdf-parser/jobs/pdf-parse-f4d5606b-ba17-4128-81af-44965d949515/result'),2
GET,/api/timetables,RemoteDisconnected('Remote end closed connection without response'),1
GET,/api/pdf-parser/jobs/pdf-parse-b54a4eda-c1d1-45aa-a005-a4517cab7551/result,HTTPError('404 Client Error: Not Found for url: /api/pdf-parser/jobs/pdf-parse-b54a4eda-c1d1-45aa-a005-a4517cab7551/result'),3
GET,/api/pdf-parser/jobs/pdf-parse-e27eb994-2c54-4d03-bf5c-db983a7ef171/result,HTTPError('404 Client Error: Not Found for url: /api/pdf-parser/jobs/pdf-parse-e27eb994-2c54-4d03-bf5c-db983a7ef171/result'),1
GET,/api/pdf-parser/jobs/pdf-parse-d99fa7ac-0054-48ec-863b-11750649caca/result,HTTPError('404 Client Error: Not Found for url: /api/pdf-parser/jobs/pdf-parse-d99fa7ac-0054-48ec-863b-11750649caca/result'),1
GET,/api/pdf-parser/jobs/pdf-parse-822a245b-4877-4d1c-aac4-06b221865b7b/result,HTTPError('404 Client Error: Not Found for url: /api/pdf-parser/jobs/pdf-parse-822a245b-4877-4d1c-aac4-06b221865b7b/result'),1
GET,/api/pdf-parser/jobs/pdf-parse-3a60d70d-ca9a-44cd-8afe-a8eeccf9ca95/result,HTTPError('404 Client Error: Not Found for url: /api/pdf-parser/jobs/pdf-parse-3a60d70d-ca9a-44cd-8afe-a8eeccf9ca95/result'),2
GET,/api/pdf-parser/jobs/pdf-parse-e65a920a-f1b8-4f2f-954e-f6cb605bdaf3/result,HTTPError('404 Client Error: Not Found for url: /api/pdf-parser/jobs/pdf-parse-e65a920a-f1b8-4f2f-954e-f6cb605bdaf3/result'),2
GET,/api/pdf-parser/jobs/pdf-parse-75a6296e-4e57-48e6-a474-459143294481/result,HTTPError('404 Client Error: Not Found for url: /api/pdf-parser/jobs/pdf-parse-75a6296e-4e57-48e6-a474-459143294481/result'),1
GET,/api/pdf-parser/jobs/pdf-parse-bb6dadb4-f53a-4cbb-a394-58353ce2b55e/result,HTTPError('404 Client Error: Not Found for url: /api/pdf-parser/jobs/pdf-parse-bb6dadb4-f53a-4cbb-a394-58353ce2b55e/result'),1
GET,/api/pdf-parser/jobs/pdf-parse-70d5216a-555f-4bd1-8aa4-db08825488c9/result,HTTPError('404 Client Error: Not Found for url: /api/pdf-parser/jobs/pdf-parse-70d5216a-555f-4bd1-8aa4-db08825488c9/result'),1
GET,/api/pdf-parser/jobs/pdf-parse-a5a5a04f-2e36-486d-8eeb-0b3c6020a1a5/result,HTTPError('404 Client Error: Not Found for url: /api/pdf-parser/jobs/pdf-parse-a5a5a04f-2e36-486d-8eeb-0b3c6020a1a5/result'),1
GET,/api/pdf-parser/jobs/pdf-parse-c69f4339-0ecd-4d61-8e2f-d96fc59185f1/result,HTTPError('404 Client Error: Not Found for url: /api/pdf-parser/jobs/pdf-parse-c69f4339-0ecd-4d61-8e2f-d96fc59185f1/result'),2
GET,/api/pdf-parser/jobs/pdf-parse-c65330ba-8832-471e-bf57-225cc58f8ff7/result,HTTPError('404 Client Error: Not Found for url: /api/pdf-parser/jobs/pdf-parse-c65330ba-8832-471e-bf57-225cc58f8ff7/result'),1
GET,/api/pdf-parser/jobs/pdf-parse-31f06860-4ff6-44b3-a512-9c72b4aa4630/result,HTTPError('404 Client Error: Not Found for url: /api/pdf-parser/jobs/pdf-parse-31f06860-4ff6-44b3-a512-9c72b4aa4630/result'),1
GET,/api/pdf-parser/jobs/pdf-parse-58e028b8-4cd3-445e-b150-99064d6336e4/result,HTTPError('404 Client Error: Not Found for url: /api/pdf-parser/jobs/pdf-parse-58e028b8-4cd3-445e-b150-99064d6336e4/result'),1
GET,/api/pdf-parser/jobs/pdf-parse-6bf9e2c6-e4c8-4435-a686-0a38db73102c/result,HTTPError('404 Client Error: Not Found for url: /api/pdf-parser/jobs/pdf-parse-6bf9e2c6-e4c8-4435-a686-0a38db73102c/result'),2
GET,/api/pdf-parser/jobs/pdf-parse-e2104e79-32b5-4ee5-b29c-e5da74b28ace/result,HTTPError('404 Client Error: Not Found for url: /api/pdf-parser/jobs/pdf-parse-e2104e79-32b5-4ee5-b29c-e5da74b28ace/result'),3
GET,/api/pdf-parser/jobs/pdf-parse-86499a26-6146-4683-a47e-28b11b49c7cd/result,HTTPError('404 Client Error: Not Found for url: /api/pdf-parser/jobs/pdf-parse-86499a26-6146-4683-a47e-28b11b49c7cd/result'),3
GET,/api/pdf-parser/jobs/pdf-parse-a2b8ec96-7e76-4a08-85ae-6bc96d6866bf/result,HTTPError('404 Client Error: Not Found for url: /api/pdf-parser/jobs/pdf-parse-a2b8ec96-7e76-4a08-85ae-6bc96d6866bf/result'),1
GET,/api/pdf-parser/jobs/pdf-parse-dacbded2-1a1a-44a7-88ff-947f674b0971/result,HTTPError('404 Client Error: Not Found for url: /api/pdf-parser/jobs/pdf-parse-dacbded2-1a1a-44a7-88ff-947f674b0971/result'),1
GET,/api/pdf-parser/jobs/pdf-parse-ad72715e-fc68-4f4d-88b8-1281f1c3f8ca/result,HTTPError('404 Client Error: Not Found for url: /api/pdf-parser/jobs/pdf-parse-ad72715e-fc68-4f4d-88b8-1281f1c3f8ca/result'),3
GET,/api/pdf-parser/jobs/pdf-parse-a24c8b4a-1d2e-44d5-bbad-1ff79dab59da/result,HTTPError('404 Client Error: Not Found for url: /api/pdf-parser/jobs/pdf-parse-a24c8b4a-1d2e-44d5-bbad-1ff79dab59da/result'),1
GET,/api/pdf-parser/jobs/pdf-parse-bfec9223-e5c6-4f8b-aa31-e83f59c95104/result,HTTPError('404 Client Error: Not Found for url: /api/pdf-parser/jobs/pdf-parse-bfec9223-e5c6-4f8b-aa31-e83f59c95104/result'),4
GET,/api/pdf-parser/jobs/pdf-parse-2607befb-b29d-427f-a37c-5e116b144f92/result,HTTPError('404 Client Error: Not Found for url: /api/pdf-parser/jobs/pdf-parse-2607befb-b29d-427f-a37c-5e116b144f92/result'),3
GET,/api/pdf-parser/jobs/pdf-parse-198e6753-44c7-454d-a853-160465855904/result,HTTPError('404 Client Error: Not Found for url: /api/pdf-parser/jobs/pdf-parse-198e6753-44c7-454d-a853-160465855904/result'),1
GET,/api/pdf-parser/jobs/pdf-parse-aa358f7a-2c6b-4d8e-9ef2-efee41544c09/result,HTTPError('404 Client Error: Not Found for url: /api/pdf-parser/jobs/pdf-parse-aa358f7a-2c6b-4d8e-9ef2-efee41544c09/result'),1
GET,/api/pdf-parser/jobs/pdf-parse-d302b13e-2b5e-423f-a53e-82f0cd1f96af/result,HTTPError('404 Client Error: Not Found for url: /api/pdf-parser/jobs/pdf-parse-d302b13e-2b5e-423f-a53e-82f0cd1f96af/result'),3
GET,/api/pdf-parser/jobs/pdf-parse-1cbb9bb3-2b35-41df-840d-56588cdd112b/result,HTTPError('404 Client Error: Not Found for url: /api/pdf-parser/jobs/pdf-parse-1cbb9bb3-2b35-41df-840d-56588cdd112b/result'),2
GET,/api/pdf-parser/jobs/pdf-parse-8a842806-0d34-4f48-93ca-9a4f4f7b2149/result,HTTPError('404 Client Error: Not Found for url: /api/pdf-parser/jobs/pdf-parse-8a842806-0d34-4f48-93ca-9a4f4f7b2149/result'),1
GET,/api/pdf-parser/jobs/pdf-parse-65d54325-8a50-4783-a4d9-264508e9a20b/result,HTTPError('404 Client Error: Not Found for url: /api/pdf-parser/jobs/pdf-parse-65d54325-8a50-4783-a4d9-264508e9a20b/result'),1
GET,/api/pdf-parser/jobs/pdf-parse-f40ee0ce-e5fe-4111-9458-a09b62e97717/result,HTTPError('404 Client Error: Not Found for url: /api/pdf-parser/jobs/pdf-parse-f40ee0ce-e5fe-4111-9458-a09b62e97717/result'),3
GET,/api/pdf-parser/jobs/pdf-parse-13613b38-4099-46eb-b985-c1dd5f10ff00/result,HTTPError('404 Client Error: Not Found for url: /api/pdf-parser/jobs/pdf-parse-13613b38-4099-46eb-b985-c1dd5f10ff00/result'),1
GET,/api/pdf-parser/jobs/pdf-parse-5c52921a-9891-48b1-afb5-1e8883cddea9/result,HTTPError('404 Client Error: Not Found for url: /api/pdf-parser/jobs/pdf-parse-5c52921a-9891-48b1-afb5-1e8883cddea9/result'),2
GET,/api/pdf-parser/jobs/pdf-parse-23dc80e9-b54f-4e2c-a449-a2cf3a22c642/result,HTTPError('404 Client Error: Not Found for url: /api/pdf-parser/jobs/pdf-parse-23dc80e9-b54f-4e2c-a449-a2cf3a22c642/result'),2
GET,/api/pdf-parser/jobs/pdf-parse-bdf52aff-580d-4f58-83d2-d4ee975f166f/result,HTTPError('404 Client Error: Not Found for url: /api/pdf-parser/jobs/pdf-parse-bdf52aff-580d-4f58-83d2-d4ee975f166f/result'),2
GET,/api/pdf-parser/jobs/pdf-parse-38248153-b538-443f-9f7c-61371096a85c/result,HTTPError('404 Client Error: Not Found for url: /api/pdf-parser/jobs/pdf-parse-38248153-b538-443f-9f7c-61371096a85c/result'),1
GET,/api/pdf-parser/jobs/pdf-parse-7090ce93-4f5f-4524-9b4f-e59c08cd1157/result,HTTPError('404 Client Error: Not Found for url: /api/pdf-parser/jobs/pdf-parse-7090ce93-4f5f-4524-9b4f-e59c08cd1157/result'),2
GET,/api/pdf-parser/jobs/pdf-parse-6bb5eeb2-4046-496f-a6a6-0c0f660b3da4/result,HTTPError('404 Client Error: Not Found for url: /api/pdf-parser/jobs/pdf-parse-6bb5eeb2-4046-496f-a6a6-0c0f660b3da4/result'),2
GET,/api/pdf-parser/jobs/pdf-parse-5f92dfa1-281b-4bec-b60d-bd1398614c87/result,HTTPError('404 Client Error: Not Found for url: /api/pdf-parser/jobs/pdf-parse-5f92dfa1-281b-4bec-b60d-bd1398614c87/result'),3
GET,/api/pdf-parser/jobs/pdf-parse-deb4a595-0afd-4f12-a88c-3167b32ebda6/result,HTTPError('404 Client Error: Not Found for url: /api/pdf-parser/jobs/pdf-parse-deb4a595-0afd-4f12-a88c-3167b32ebda6/result'),1
GET,/api/pdf-parser/jobs/pdf-parse-0329936d-7341-4f88-a9a3-7107dd219061/result,HTTPError('404 Client Error: Not Found for url: /api/pdf-parser/jobs/pdf-parse-0329936d-7341-4f88-a9a3-7107dd219061/result'),1
GET,/api/pdf-parser/jobs/pdf-parse-3147e885-107d-43e7-8f7d-3c34a09586f1/result,HTTPError('404 Client Error: Not Found for url: /api/pdf-parser/jobs/pdf-parse-3147e885-107d-43e7-8f7d-3c34a09586f1/result'),1
GET,/api/pdf-parser/jobs/pdf-parse-4f675016-1a8b-49dd-be4d-83e845df38bb/result,HTTPError('404 Client Error: Not Found for url: /api/pdf-parser/jobs/pdf-parse-4f675016-1a8b-49dd-be4d-83e845df38bb/result'),1
GET,/api/pdf-parser/jobs/pdf-parse-e2065955-4454-4b03-9d29-080fd9e647a5/result,HTTPError('404 Client Error: Not Found for url: /api/pdf-parser/jobs/pdf-parse-e2065955-4454-4b03-9d29-080fd9e647a5/result'),1
GET,/api/pdf-parser/jobs/pdf-parse-c23e2c6b-f55a-40e5-be25-4585d98e6a6f/result,HTTPError('404 Client Error: Not Found for url: /api/pdf-parser/jobs/pdf-parse-c23e2c6b-f55a-40e5-be25-4585d98e6a6f/result'),1
GET,/api/pdf-parser/jobs/pdf-parse-14dd44e1-ac8b-4704-996c-4adc6eece836/result,HTTPError('404 Client Error: Not Found for url: /api/pdf-parser/jobs/pdf-parse-14dd44e1-ac8b-4704-996c-4adc6eece836/result'),3
GET,/api/pdf-parser/jobs/pdf-parse-ac254553-6032-4c3e-9b65-38015217c51d/result,HTTPError('404 Client Error: Not Found for url: /api/pdf-parser/jobs/pdf-parse-ac254553-6032-4c3e-9b65-38015217c51d/result'),3
GET,/api/pdf-parser/jobs/pdf-parse-80fc6f48-d35b-442d-bbbc-aec383f95852/result,HTTPError('404 Client Error: Not Found for url: /api/pdf-parser/jobs/pdf-parse-80fc6f48-d35b-442d-bbbc-aec383f95852/result'),2
GET,/api/pdf-parser/jobs/pdf-parse-6f8bbf74-ae35-4ca3-af89-4ce59b92dfaf/result,HTTPError('404 Client Error: Not Found for url: /api/pdf-parser/jobs/pdf-parse-6f8bbf74-ae35-4ca3-af89-4ce59b92dfaf/result'),3
GET,/api/pdf-parser/jobs/pdf-parse-eb260b11-c00f-415f-8a66-69f55f6201f6/result,HTTPError('404 Client Error: Not Found for url: /api/pdf-parser/jobs/pdf-parse-eb260b11-c00f-415f-8a66-69f55f6201f6/result'),5
GET,/api/pdf-parser/jobs/pdf-parse-5523d652-7df0-48f0-9288-0fc29e6c26c3/result,HTTPError('404 Client Error: Not Found for url: /api/pdf-parser/jobs/pdf-parse-5523d652-7df0-48f0-9288-0fc29e6c26c3/result'),2
GET,/api/pdf-parser/jobs/pdf-parse-d1aab0f2-6994-4294-bc96-32cb20853192/result,HTTPError('404 Client Error: Not Found for url: /api/pdf-parser/jobs/pdf-parse-d1aab0f2-6994-4294-bc96-32cb20853192/result'),2
GET,/api/pdf-parser/jobs/pdf-parse-ea9ac6dd-b0db-44a1-99d5-0767db9aec6e/result,HTTPError('404 Client Error: Not Found for url: /api/pdf-parser/jobs/pdf-parse-ea9ac6dd-b0db-44a1-99d5-0767db9aec6e/result'),3
GET,/api/pdf-parser/jobs/pdf-parse-2c4e4daa-c318-4126-98c7-1b858a220f4f/result,HTTPError('404 Client Error: Not Found for url: /api/pdf-parser/jobs/pdf-parse-2c4e4daa-c318-4126-98c7-1b858a220f4f/result'),1
GET,/api/pdf-parser/jobs/pdf-parse-67194326-7705-429d-9640-a852611482db/result,HTTPError('404 Client Error: Not Found for url: /api/pdf-parser/jobs/pdf-parse-67194326-7705-429d-9640-a852611482db/result'),1
GET,/api/pdf-parser/jobs/pdf-parse-11d91f1c-c23c-4131-abf4-30b61fdc2d55/result,HTTPError('404 Client Error: Not Found for url: /api/pdf-parser/jobs/pdf-parse-11d91f1c-c23c-4131-abf4-30b61fdc2d55/result'),1
GET,/api/pdf-parser/jobs/pdf-parse-81f4dcf8-a803-462a-9815-baae17f12587/result,HTTPError('404 Client Error: Not Found for url: /api/pdf-parser/jobs/pdf-parse-81f4dcf8-a803-462a-9815-baae17f12587/result'),1
GET,/api/pdf-parser/jobs/pdf-parse-864f28fb-a851-4657-bfaf-4fe04d85a38a/result,HTTPError('404 Client Error: Not Found for url: /api/pdf-parser/jobs/pdf-parse-864f28fb-a851-4657-bfaf-4fe04d85a38a/result'),1
GET,/api/pdf-parser/jobs/pdf-parse-0b1dba87-b94f-43ad-9f64-ebcf7aa7d140/result,HTTPError('404 Client Error: Not Found for url: /api/pdf-parser/jobs/pdf-parse-0b1dba87-b94f-43ad-9f64-ebcf7aa7d140/result'),2
GET,/api/pdf-parser/jobs/pdf-parse-65caf5bc-e22f-4aeb-b051-8b38e2b66208/result,HTTPError('404 Client Error: Not Found for url: /api/pdf-parser/jobs/pdf-parse-65caf5bc-e22f-4aeb-b051-8b38e2b66208/result'),5
GET,/api/pdf-parser/jobs/pdf-parse-a0a4d38d-15f9-45a8-950e-e75be745f3d8/result,HTTPError('404 Client Error: Not Found for url: /api/pdf-parser/jobs/pdf-parse-a0a4d38d-15f9-45a8-950e-e75be745f3d8/result'),1
GET,/api/pdf-parser/jobs/pdf-parse-da097423-c22c-4d25-8bcb-ffc77c8c1875/result,HTTPError('404 Client Error: Not Found for url: /api/pdf-parser/jobs/pdf-parse-da097423-c22c-4d25-8bcb-ffc77c8c1875/result'),1
GET,/api/pdf-parser/jobs/pdf-parse-9816692c-5730-4f27-8bbf-016592f4c2a5/result,HTTPError('404 Client Error: Not Found for url: /api/pdf-parser/jobs/pdf-parse-9816692c-5730-4f27-8bbf-016592f4c2a5/result'),3
GET,/api/pdf-parser/jobs/pdf-parse-cbfd353d-30ff-458c-9454-669743d3e81c/result,HTTPError('404 Client Error: Not Found for url: /api/pdf-parser/jobs/pdf-parse-cbfd353d-30ff-458c-9454-669743d3e81c/result'),3
GET,/api/pdf-parser/jobs/pdf-parse-67904327-52d0-48f2-ae57-9e793bdb25a8/result,HTTPError('404 Client Error: Not Found for url: /api/pdf-parser/jobs/pdf-parse-67904327-52d0-48f2-ae57-9e793bdb25a8/result'),2
GET,/api/pdf-parser/jobs/pdf-parse-a9a0596b-8522-4143-b7a4-6cb7e3252dfe/result,HTTPError('404 Client Error: Not Found for url: /api/pdf-parser/jobs/pdf-parse-a9a0596b-8522-4143-b7a4-6cb7e3252dfe/result'),1
GET,/api/pdf-parser/jobs/pdf-parse-5fcf45e0-a000-47c2-b584-6d64921cf88e/result,HTTPError('404 Client Error: Not Found for url: /api/pdf-parser/jobs/pdf-parse-5fcf45e0-a000-47c2-b584-6d64921cf88e/result'),1
GET,/api/pdf-parser/jobs/pdf-parse-7d9724c2-c455-48b7-9b65-9cdeb657bfe1/result,HTTPError('404 Client Error: Not Found for url: /api/pdf-parser/jobs/pdf-parse-7d9724c2-c455-48b7-9b65-9cdeb657bfe1/result'),2
GET,/api/pdf-parser/jobs/pdf-parse-6b4d773a-f4ac-4b88-8eca-c0e14c16bbe0/result,HTTPError('404 Client Error: Not Found for url: /api/pdf-parser/jobs/pdf-parse-6b4d773a-f4ac-4b88-8eca-c0e14c16bbe0/result'),3
GET,/api/pdf-parser/jobs/pdf-parse-70a4c023-1c6e-47e5-b124-3fde07356a0a/result,HTTPError('404 Client Error: Not Found for url: /api/pdf-parser/jobs/pdf-parse-70a4c023-1c6e-47e5-b124-3fde07356a0a/result'),1
GET,/api/pdf-parser/jobs/pdf-parse-618b7a9f-1afa-43fd-9703-9b3fec389256/result,HTTPError('404 Client Error: Not Found for url: /api/pdf-parser/jobs/pdf-parse-618b7a9f-1afa-43fd-9703-9b3fec389256/result'),1
GET,/api/pdf-parser/jobs/pdf-parse-8f01d639-c322-4bc9-a113-f219768d1c13/result,HTTPError('404 Client Error: Not Found for url: /api/pdf-parser/jobs/pdf-parse-8f01d639-c322-4bc9-a113-f219768d1c13/result'),1
GET,/api/pdf-parser/jobs/pdf-parse-7b939007-2a75-49cc-bdeb-ddc0e68fdbbf/result,HTTPError('404 Client Error: Not Found for url: /api/pdf-parser/jobs/pdf-parse-7b939007-2a75-49cc-bdeb-ddc0e68fdbbf/result'),1
GET,/api/pdf-parser/jobs/pdf-parse-1c9c3d97-0302-49d7-b86b-c38b8d2be667/result,HTTPError('404 Client Error: Not Found for url: /api/pdf-parser/jobs/pdf-parse-1c9c3d97-0302-49d7-b86b-c38b8d2be667/result'),4
GET,/api/pdf-parser/jobs/pdf-parse-9ca9564c-1879-4284-85f6-c701c14a6267/result,HTTPError('404 Client Error: Not Found for url: /api/pdf-parser/jobs/pdf-parse-9ca9564c-1879-4284-85f6-c701c14a6267/result'),4
GET,/api/pdf-parser/jobs/pdf-parse-e1943395-304c-4aea-a5d9-93e75c1f0a52/result,HTTPError('404 Client Error: Not Found for url: /api/pdf-parser/jobs/pdf-parse-e1943395-304c-4aea-a5d9-93e75c1f0a52/result'),1
GET,/api/pdf-parser/jobs/pdf-parse-b03b7a1e-843d-41e5-865e-d52f1960ff7a/result,HTTPError('404 Client Error: Not Found for url: /api/pdf-parser/jobs/pdf-parse-b03b7a1e-843d-41e5-865e-d52f1960ff7a/result'),1
GET,/api/pdf-parser/jobs/pdf-parse-84c3568d-08da-42ae-a3a5-1fa02c3ae74d/result,HTTPError('404 Client Error: Not Found for url: /api/pdf-parser/jobs/pdf-parse-84c3568d-08da-42ae-a3a5-1fa02c3ae74d/result'),1
GET,/api/pdf-parser/jobs/pdf-parse-8bcdac4b-e182-4c28-a159-d87a57f0997e/result,HTTPError('404 Client Error: Not Found for url: /api/pdf-parser/jobs/pdf-parse-8bcdac4b-e182-4c28-a159-d87a57f0997e/result'),1
GET,/api/pdf-parser/jobs/pdf-parse-19af7370-1b62-46e6-ac5a-a0a9149ced39/result,HTTPError('404 Client Error: Not Found for url: /api/pdf-parser/jobs/pdf-parse-19af7370-1b62-46e6-ac5a-a0a9149ced39/result'),1
GET,/api/pdf-parser/jobs/pdf-parse-6b4b53f0-cbc5-4362-9c92-5c1ac758ca29/result,HTTPError('404 Client Error: Not Found for url: /api/pdf-parser/jobs/pdf-parse-6b4b53f0-cbc5-4362-9c92-5c1ac758ca29/result'),1
GET,/api/pdf-parser/jobs/pdf-parse-0de24504-4ba3-4fff-ac67-5e129f8c1741/result,HTTPError('404 Client Error: Not Found for url: /api/pdf-parser/jobs/pdf-parse-0de24504-4ba3-4fff-ac67-5e129f8c1741/result'),2
